date,rank,song,artist,last_week,peak_rank,weeks_on_board
2019-12-14,11,Blinding Lights,The Weeknd,11.0,11,4095
2012-08-18,93,Radioactive,Imagine Dragons,93.0,93,3828
2011-09-03,89,Sail,AWOLNATION,89.0,89,3160
2008-05-03,93,I'm Yours,Jason Mraz,93.0,93,2926
1997-06-21,89,How Do I Live,LeAnn Rimes,89.0,89,2415
2013-07-06,32,Counting Stars,OneRepublic,32.0,32,2346
2011-02-12,78,Party Rock Anthem,LMFAO Featuring Lauren Bennett & GoonRock,88.0,78,2346
1996-11-30,61,Foolish Games/You Were Meant For Me,Jewel,61.0,61,2145
2010-12-25,68,Rolling In The Deep,Adele,97.0,68,2145
2006-09-16,92,Before He Cheats,Carrie Underwood,92.0,92,2080
2005-02-12,92,You And Me,Lifehouse,92.0,92,1953
2020-01-11,74,I Hope,Gabby Barrett Featuring Charlie Puth,74.0,74,1953
2012-06-23,90,Ho Hey,The Lumineers,90.0,90,1953
2013-01-26,99,Demons,Imagine Dragons,99.0,99,1891
2019-09-14,7,Circles,Post Malone,7.0,7,1891
1995-09-02,70,Macarena (Bayside Boys Mix),Los Del Rio,70.0,70,1830
2009-08-29,85,Need You Now,Lady Antebellum,85.0,85,1830
2013-09-21,97,All Of Me,John Legend,89.0,97,1770
2012-01-21,91,Somebody That I Used To Know,Gotye Featuring Kimbra,91.0,91,1770
2017-01-28,1,Shape Of You,Ed Sheeran,1.0,1,1720
1999-07-31,78,Smooth,Santana Featuring Rob Thomas,78.0,78,1711
2014-10-25,69,Thinking Out Loud,Ed Sheeran,69.0,69,1711
2006-04-15,93,How To Save A Life,The Fray,93.0,93,1711
1999-09-11,81,Higher,Creed,81.0,81,1653
2013-10-05,17,Dark Horse,Katy Perry Featuring Juicy J,17.0,17,1653
2011-08-20,85,Lights,Ellie Goulding,99.0,85,1653
2008-10-11,86,Use Somebody,Kings Of Leon,100.0,86,1653
2017-03-25,37,Perfect,Ed Sheeran,37.0,37,1636
2009-06-27,2,I Gotta Feeling,The Black Eyed Peas,2.0,2,1596
1997-11-01,19,I Don't Want To Wait,Paula Cole,19.0,19,1596
2012-03-10,62,Some Nights,fun.,62.0,62,1596
2000-03-11,80,The Way You Love Me,Faith Hill,80.0,80,1596
2014-11-29,65,Uptown Funk!,Mark Ronson Featuring Bruno Mars,65.0,65,1596
1999-06-05,81,Amazed,Lonestar,81.0,81,1540
1996-11-30,85,Barely Breathing,Duncan Sheik,85.0,85,1540
1995-08-12,94,Missing,Everything But The Girl,94.0,94,1540
2014-04-19,68,Stay With Me,Sam Smith,93.0,68,1485
2009-10-17,98,"Hey, Soul Sister",Train,98.0,98,1485
2012-09-01,99,Cruise,Florida Georgia Line Featuring Nelly,99.0,99,1485
2003-03-22,59,Unwell,matchbox twenty,59.0,59,1485
2001-02-10,76,Hanging By A Moment,Lifehouse,76.0,76,1485
2019-05-25,85,Someone You Loved,Lewis Capaldi,85.0,85,1485
2013-07-13,81,Wake Me Up!,Avicii,81.0,81,1485
2001-03-17,77,Drops Of Jupiter (Tell Me),Train,77.0,77,1431
2010-07-24,92,If I Die Young,The Band Perry,92.0,92,1431
2014-11-22,98,Shut Up And Dance,WALK THE MOON,98.0,98,1431
1999-11-06,81,Breathe,Faith Hill,81.0,81,1431
2013-08-31,95,Pompeii,Bastille,95.0,95,1431
2000-04-08,81,Kryptonite,3 Doors Down,81.0,81,1431
1998-02-14,45,Too Close,Next,45.0,45,1431
2018-11-03,9,Sunflower (Spider-Man: Into The Spider-Verse),Post Malone & Swae Lee,9.0,9,1431
2015-03-28,100,See You Again,Wiz Khalifa Featuring Charlie Puth,100.0,100,1378
2016-03-05,81,Cheap Thrills,Sia Featuring Sean Paul,81.0,81,1378
2018-10-20,18,Without Me,Halsey,18.0,18,1378
2020-08-22,82,My Ex's Best Friend,Machine Gun Kelly X blackbear,86.0,82,1378
2018-06-09,98,High Hopes,Panic! At The Disco,90.0,98,1378
2015-06-13,89,Stitches,Shawn Mendes,89.0,89,1378
2018-07-28,56,Eastside,"benny blanco, Halsey & Khalid",56.0,56,1378
2018-05-12,7,Better Now,Post Malone,7.0,7,1378
1997-12-06,36,How's It Going To Be,Third Eye Blind,36.0,36,1378
2016-11-12,100,Say You Won't Let Go,James Arthur,100.0,100,1378
2018-06-09,94,Girls Like You,Maroon 5 Featuring Cardi B,94.0,94,1378
2018-09-01,63,Happier,Marshmello & Bastille,63.0,63,1378
2019-11-16,30,Don't Start Now,Dua Lipa,30.0,30,1378
2020-05-23,76,Go Crazy,Chris Brown & Young Thug,76.0,76,1378
1997-12-06,26,Truly Madly Deeply,Savage Garden,26.0,26,1378
2016-02-27,85,Don't Let Me Down,The Chainsmokers Featuring Daya,81.0,85,1378
2020-08-22,84,Mood,24kGoldn Featuring iann dior,84.0,84,1378
2016-08-20,9,Closer,The Chainsmokers Featuring Halsey,9.0,9,1378
2019-09-14,96,The Bones,Maren Morris,53.0,96,1378
2020-02-08,85,Before You Go,Lewis Capaldi,85.0,85,1378
2015-02-07,86,Trap Queen,Fetty Wap,86.0,86,1378
2016-05-28,1,Can't Stop The Feeling!,Justin Timberlake,1.0,1,1378
2015-05-16,87,Stressed Out,twenty one pilots,95.0,87,1378
2018-08-18,4,Sicko Mode,Travis Scott,4.0,4,1378
2017-11-11,61,Meant To Be,Bebe Rexha & Florida Georgia Line,61.0,61,1369
2017-05-20,70,Thunder,Imagine Dragons,70.0,70,1344
2017-02-25,43,Believer,Imagine Dragons,43.0,43,1332
2017-02-04,88,Despacito,Luis Fonsi & Daddy Yankee Featuring Justin Bieber,88.0,88,1329
2016-12-10,79,That's What I Like,Bruno Mars,82.0,79,1329
2003-08-30,64,Here Without You,3 Doors Down,64.0,64,1326
2018-03-03,43,Love Lies,Khalid & Normani,43.0,43,1326
2020-02-22,96,Whats Poppin,"Jack Harlow Featuring DaBaby, Tory Lanez & Lil Wayne",96.0,96,1326
2008-05-24,15,Viva La Vida,Coldplay,15.0,15,1326
2018-04-21,8,I Like It,"Cardi B, Bad Bunny & J Balvin",8.0,8,1326
2015-03-14,98,Watch Me,Silento,98.0,98,1326
2006-02-18,97,What Hurts The Most,Rascal Flatts,97.0,97,1326
2008-11-22,12,You Belong With Me,Taylor Swift,87.0,12,1275
2014-09-06,1,Shake It Off,Taylor Swift,1.0,1,1275
2016-12-31,83,Congratulations,Post Malone Featuring Quavo,90.0,83,1275
2003-08-23,81,Someday,Nickelback,81.0,81,1275
2019-12-21,35,Adore You,Harry Styles,35.0,35,1275
2012-03-10,38,Call Me Maybe,Carly Rae Jepsen,38.0,38,1275
2018-01-27,84,Tequila,Dan + Shay,87.0,84,1275
2007-06-23,97,Paralyzer,Finger Eleven,97.0,97,1275
2001-09-08,75,How You Remind Me,Nickelback,75.0,75,1225
2008-08-16,76,Just Dance,Lady Gaga Featuring Colby O'Donis,76.0,76,1225
1995-03-25,80,Run-Around,Blues Traveler,80.0,80,1225
2019-04-13,7,Bad Guy,Billie Eilish,7.0,7,1225
2012-09-15,96,Thrift Shop,Macklemore & Ryan Lewis Featuring Wanz,96.0,96,1225
2006-10-14,94,Rockstar,Nickelback,94.0,94,1225
2011-07-09,8,Moves Like Jagger,Maroon 5 Featuring Christina Aguilera,8.0,8,1225
2008-09-27,16,Love Story,Taylor Swift,16.0,16,1225
2007-05-05,41,Big Girls Don't Cry,Fergie,41.0,41,1176
2013-05-04,94,Blurred Lines,Robin Thicke Featuring T.I. + Pharrell,94.0,94,1176
2018-06-16,96,Youngblood,5 Seconds Of Summer,96.0,96,1176
1996-04-06,98,Counting Blue Cars,Dishwalla,98.0,98,1176
2000-05-13,83,I Hope You Dance,Lee Ann Womack,83.0,83,1176
2015-06-13,20,The Hills,The Weeknd,20.0,20,1176
1998-03-21,90,This Kiss,Faith Hill,90.0,90,1176
2007-03-24,93,Teardrops On My Guitar,Taylor Swift,93.0,93,1176
2018-05-26,74,Lucid Dreams,Juice WRLD,74.0,74,1176
2015-04-25,100,Lean On,Major Lazer & DJ Snake Featuring MO,100.0,100,1176
2018-09-29,45,Better,Khalid,45.0,45,1176
2012-04-21,92,Little Talks,Of Monsters And Men,92.0,92,1176
2010-08-07,43,Just The Way You Are,Bruno Mars,43.0,43,1176
2010-09-11,96,F**k You! (Forget You),CeeLo Green,96.0,96,1176
2017-08-19,90,New Rules,Dua Lipa,90.0,90,1155
1997-08-23,25,You Make Me Wanna...,Usher,25.0,25,1128
2007-06-02,91,Bubbly,Colbie Caillat,100.0,91,1128
2014-01-18,98,Happy,Pharrell Williams,98.0,98,1128
2007-04-21,95,Apologize,Timbaland Featuring OneRepublic,95.0,95,1128
2000-05-13,84,With Arms Wide Open,Creed,84.0,84,1128
2010-06-19,26,Dynamite,Taio Cruz,26.0,26,1128
2014-07-26,84,All About That Bass,Meghan Trainor,84.0,84,1128
2012-06-23,93,It's Time,Imagine Dragons,93.0,93,1128
2019-03-16,1,Sucker,Jonas Brothers,1.0,1,1128
1995-12-16,79,Nobody Knows,The Tony Rich Project,79.0,79,1128
2019-06-22,9,No Guidance,Chris Brown Featuring Drake,9.0,9,1081
2019-02-23,44,Talk,Khalid,44.0,44,1081
2004-08-28,60,Breakaway,Kelly Clarkson,60.0,60,1081
2001-04-14,79,It's Been Awhile,Staind,79.0,79,1081
2014-05-24,75,Chandelier,Sia,75.0,75,1081
1996-02-10,12,Follow You Down/Til I Hear It From You,Gin Blossoms,12.0,12,1081
2012-05-12,99,Wanted,Hunter Hayes,99.0,99,1081
1997-12-20,9,Together Again,Janet,9.0,9,1081
2015-11-07,79,Cake By The Ocean,DNCE,79.0,79,1081
2004-12-18,70,Since U Been Gone,Kelly Clarkson,70.0,70,1081
2017-08-26,99,Havana,Camila Cabello Featuring Young Thug,94.0,99,1062
2015-03-21,97,Where Are U Now,Skrillex & Diplo With Justin Bieber,97.0,97,1035
2020-11-07,2,Forever After All,Luke Combs,2.0,2,1035
2016-02-20,91,Needed Me,Rihanna,91.0,91,1035
2003-05-03,98,Get Low,Lil Jon & The East Side Boyz Featuring Ying Yang Twins,98.0,98,1035
2002-11-23,67,When I'm Gone,3 Doors Down,67.0,67,1035
2006-06-03,54,Chasing Cars,Snow Patrol,54.0,54,1035
2001-11-10,71,Wherever You Will Go,The Calling,71.0,71,1035
2011-04-16,60,Give Me Everything,"Pitbull Featuring Ne-Yo, Afrojack & Nayer",60.0,60,1035
2005-05-28,74,Feel Good Inc,Gorillaz,74.0,74,1035
2018-10-13,28,Shallow,Lady Gaga & Bradley Cooper,28.0,28,1035
2019-03-16,83,Old Town Road,Lil Nas X Featuring Billy Ray Cyrus,83.0,83,1035
1994-05-28,89,100% Pure Love,Crystal Waters,89.0,89,1035
2004-01-10,53,Yeah!,Usher Featuring Lil Jon & Ludacris,53.0,53,1035
2019-01-26,33,Dancing With A Stranger,Sam Smith & Normani,33.0,33,1035
1994-08-27,77,Another Night,Real McCoy,77.0,77,1035
1993-05-29,65,Whoomp! (There It Is),Tag Team,65.0,65,1035
2017-07-08,89,Feel It Still,Portugal. The Man,89.0,89,1008
1994-09-03,90,You Gotta Be,Des'ree,90.0,90,990
2012-01-21,8,I Won't Give Up,Jason Mraz,8.0,8,990
2013-01-12,93,Cups (Pitch Perfect's When I'm Gone),Anna Kendrick,93.0,93,990
2012-04-07,68,Too Close,Alex Clare,68.0,68,990
2014-07-12,92,Riptide,Vance Joy,92.0,92,990
1976-01-03,81,Bohemian Rhapsody,Queen,81.0,81,990
2016-12-10,75,Redbone,Childish Gambino,48.0,75,990
1994-10-08,95,Hold My Hand,Hootie & The Blowfish,95.0,95,990
2013-07-20,90,Royals,Lorde,90.0,90,990
1995-06-03,96,As I Lay Me Down,Sophie B. Hawkins,96.0,96,990
2019-08-03,94,Ballin',Mustard & Roddy Ricch,94.0,94,990
1994-02-26,92,Come To My Window,Melissa Etheridge,92.0,92,990
2000-01-01,94,I Wanna Know,Joe,94.0,94,990
2009-09-19,65,Haven't Met You Yet,Michael Buble,90.0,65,990
2019-01-05,47,Wow.,Post Malone,47.0,47,990
1997-07-05,17,Semi-Charmed Life,Third Eye Blind,17.0,17,946
2016-09-17,95,Scars To Your Beautiful,Alessia Cara,95.0,95,946
2003-04-05,71,Headstrong,Trapt,71.0,71,946
2018-07-28,53,You Say,Lauren Daigle,53.0,53,946
2013-08-17,95,Let Her Go,Passenger,95.0,95,946
2004-02-14,66,This Love,Maroon 5,66.0,66,946
2017-01-28,77,Location,Khalid,77.0,77,946
2011-03-12,88,Set Fire To The Rain,Adele,84.0,88,946
2005-04-16,25,Beverly Hills,Weezer,25.0,25,946
1997-06-28,24,Quit Playing Games (With My Heart),Backstreet Boys,24.0,24,946
2005-04-16,81,We Belong Together,Mariah Carey,81.0,81,946
2020-07-18,6,For The Night,Pop Smoke Featuring Lil Baby & DaBaby,6.0,6,946
2015-01-10,49,Earned It (Fifty Shades Of Grey),The Weeknd,49.0,49,946
1996-07-20,9,Change The World,Eric Clapton,9.0,9,946
2009-12-19,96,Breakeven,The Script,96.0,96,946
2006-08-05,93,Face Down,The Red Jumpsuit Apparatus,93.0,93,946
2013-05-18,99,Safe And Sound,Capital Cities,99.0,99,946
1982-01-16,90,Tainted Love,Soft Cell,90.0,90,946
2006-02-25,98,Over My Head (Cable Car),The Fray,98.0,98,903
2019-05-18,50,Truth Hurts,Lizzo,50.0,50,903
2020-07-18,52,What You Know Bout Love,Pop Smoke,83.0,52,903
1999-05-01,90,Where My Girls At?,702,90.0,90,903
2012-07-07,42,One More Night,Maroon 5,42.0,42,903
2011-09-17,76,Sexy And I Know It,LMFAO,76.0,76,903
2005-12-10,77,Unwritten,Natasha Bedingfield,77.0,77,903
2020-05-02,9,Rockstar,DaBaby Featuring Roddy Ricch,9.0,9,903
2002-11-09,92,Ignition,R. Kelly,92.0,92,903
2013-03-02,24,Mirrors,Justin Timberlake,24.0,24,903
2019-09-28,91,Hot Girl Bummer,blackbear,91.0,91,903
1997-10-11,1,Candle In The Wind 1997/Something About The Way You Look Tonight,Elton John,1.0,1,903
1996-03-16,97,C'mon N' Ride It (The Train),Quad City DJ's,97.0,97,903
2015-01-31,8,Sugar,Maroon 5,8.0,8,903
1998-02-14,51,You're Still The One,Shania Twain,51.0,51,903
1994-05-28,88,Wild Night,John Mellencamp With Me'Shell Ndegeocello,88.0,88,903
2011-12-24,53,We Are Young,fun. Featuring Janelle Monae,53.0,53,903
2011-05-21,7,Just A Kiss,Lady Antebellum,7.0,7,903
2013-05-11,61,Brave,Sara Bareilles,100.0,61,903
2000-09-09,82,Can't Fight The Moonlight,LeAnn Rimes,82.0,82,903
2000-10-21,52,If You're Gone,matchbox twenty,52.0,52,903
1996-10-26,22,Un-Break My Heart,Toni Braxton,22.0,22,903
2015-11-14,2,Sorry,Justin Bieber,2.0,2,903
1997-02-22,80,The Freshmen,The Verve Pipe,80.0,80,903
2005-07-02,93,"Sugar, We're Goin' Down",Fall Out Boy,93.0,93,903
2021-05-08,1,Save Your Tears,The Weeknd & Ariana Grande,6.0,1,891
2017-05-20,61,1-800-273-8255,Logic Featuring Alessia Cara & Khalid,61.0,61,869
2017-04-29,74,Unforgettable,French Montana Featuring Swae Lee,74.0,74,866
1977-10-22,87,We Are The Champions,Queen,87.0,87,861
1994-01-01,68,The Sign,Ace Of Base,68.0,68,861
2018-02-24,96,I Like Me Better,Lauv,96.0,96,861
2008-12-13,98,Second Chance,Shinedown,98.0,98,861
2003-09-20,75,White Flag,Dido,75.0,75,861
2021-01-16,100,Heat Waves,Glass Animals,91.0,100,861
2014-08-30,96,Take Me To Church,Hozier,96.0,96,861
2014-05-10,97,Rude,MAGIC!,97.0,97,861
1997-07-12,26,All For You,Sister Hazel,26.0,26,861
1996-06-22,95,I Love You Always Forever,Donna Lewis,95.0,95,861
2011-10-08,16,We Found Love,Rihanna Featuring Calvin Harris,16.0,16,861
2007-11-17,100,Love Song,Sara Bareilles,100.0,100,861
2016-10-29,5,24K Magic,Bruno Mars,5.0,5,861
2019-10-05,22,Memories,Maroon 5,22.0,22,861
2017-02-18,38,Body Like A Back Road,Sam Hunt,38.0,38,861
2015-06-27,24,Can't Feel My Face,The Weeknd,24.0,24,861
2001-07-28,76,Family Affair,Mary J. Blige,76.0,76,861
2015-12-05,4,Love Yourself,Justin Bieber,4.0,4,861
2002-03-02,80,A Thousand Miles,Vanessa Carlton,80.0,80,861
2000-01-22,70,Everything You Want,Vertical Horizon,70.0,70,861
2004-07-24,50,She Will Be Loved,Maroon 5,50.0,50,861
1996-06-08,7,You're Makin' Me High/Let It Flow,Toni Braxton,7.0,7,861
2017-10-07,2,Rockstar,Post Malone Featuring 21 Savage,2.0,2,847
2012-06-09,10,Home,Phillip Phillips,10.0,10,820
2020-10-17,73,Levitating,Dua Lipa Featuring DaBaby,73.0,73,820
2004-03-06,64,If I Ain't Got You,Alicia Keys,64.0,64,820
1993-01-09,86,Dazzey Duks,Duice,86.0,86,820
1977-08-27,89,I Go Crazy,Paul Davis,89.0,89,820
1994-08-06,96,I'm The Only One,Melissa Etheridge,96.0,96,820
1995-11-11,94,I Will Remember You (Live),Sarah McLachlan,94.0,94,820
1996-06-15,98,This Is Your Night,Amber,98.0,98,820
1982-09-18,79,I'm So Excited,The Pointer Sisters,79.0,79,820
1984-01-28,83,Red Red Wine,UB40,83.0,83,820
2009-01-03,92,Poker Face,Lady Gaga,92.0,92,820
2018-02-10,23,The Middle,"Zedd, Maren Morris & Grey",23.0,23,820
2006-07-29,25,Waiting On The World To Change,John Mayer,25.0,25,820
2011-05-14,96,Pumped Up Kicks,Foster The People,96.0,96,820
2007-11-10,91,Low,Flo Rida Featuring T-Pain,91.0,91,820
2006-12-30,93,The Sweet Escape,Gwen Stefani Featuring Akon,93.0,93,820
2005-05-07,95,Don't Cha,The Pussycat Dolls Featuring Busta Rhymes,95.0,95,820
2015-07-18,34,679,Fetty Wap Featuring Remy Boyz,34.0,34,820
2009-08-15,56,Sexy Chick,David Guetta Featuring Akon,56.0,56,820
1996-02-10,96,"Insensitive (From ""Bed Of Roses"")",Jann Arden,96.0,96,820
1997-03-01,42,Return Of The Mack,Mark Morrison,42.0,42,820
1999-09-11,77,I Need To Know,Marc Anthony,77.0,77,820
2009-07-18,72,Down,Jay Sean Featuring Lil Wayne,72.0,72,820
2016-03-12,96,Panda,Desiigner,96.0,96,820
2018-09-22,95,Speechless,Dan + Shay,95.0,95,820
2017-05-06,18,Love.,Kendrick Lamar Featuring Zacari,18.0,18,794
2017-05-13,68,Attention,Charlie Puth,68.0,68,785
2005-08-06,87,Dirty Little Secret,The All-American Rejects,91.0,87,780
2006-02-11,100,Move Along,The All-American Rejects,100.0,100,780
2019-11-30,60,Watermelon Sugar,Harry Styles,60.0,60,780
2016-06-25,34,Treat You Better,Shawn Mendes,34.0,34,780
2016-05-07,93,I Hate U I Love U,gnash Featuring Olivia O'Brien,93.0,93,780
2013-10-26,49,Timber,Pitbull Featuring Ke$ha,49.0,49,780
2012-03-31,74,Everybody Talks,Neon Trees,74.0,74,780
2001-01-13,80,Thank You,Dido,80.0,80,780
2001-02-17,75,Drive,Incubus,75.0,75,780
2002-05-04,97,Gimme The Light,Sean Paul,97.0,97,780
2015-07-25,95,Like I'm Gonna Lose You,Meghan Trainor Featuring John Legend,95.0,95,780
2019-05-25,2,I Don't Care,Ed Sheeran & Justin Bieber,2.0,2,780
2016-04-02,96,Ride,twenty one pilots,96.0,96,780
2012-08-25,23,I Will Wait,Mumford & Sons,23.0,23,780
2019-06-15,99,Trampoline,SHAED,99.0,99,780
2008-07-05,88,Hot N Cold,Katy Perry,88.0,88,780
2014-03-22,88,Fancy,Iggy Azalea Featuring Charli XCX,88.0,88,780
2010-11-06,57,Firework,Katy Perry,57.0,57,780
1989-07-29,81,Bust A Move,Young M.C.,81.0,81,780
2008-05-03,95,Closer,Ne-Yo,95.0,95,780
2016-07-09,14,Heathens,twenty one pilots,14.0,14,780
2018-03-10,2,Psycho,Post Malone Featuring Ty Dolla $ign,2.0,2,780
2011-05-14,98,Super Bass,Nicki Minaj,98.0,98,780
2017-03-11,56,Something Just Like This,The Chainsmokers & Coldplay,56.0,56,780
1995-05-13,58,December,Collective Soul,58.0,58,780
2003-09-27,83,The Way You Move,OutKast Featuring Sleepy Brown,83.0,83,780
2011-03-12,65,Someone Like You,Adele,97.0,65,780
1996-04-06,60,Give Me One Reason,Tracy Chapman,60.0,60,780
2015-11-28,96,My House,Flo Rida,96.0,96,780
2007-09-22,71,No One,Alicia Keys,71.0,71,780
2008-03-01,85,Bleeding Love,Leona Lewis,85.0,85,780
2001-11-03,78,In The End,Linkin Park,78.0,78,780
2013-02-16,97,Can't Hold Us,Macklemore & Ryan Lewis Featuring Ray Dalton,97.0,97,780
2014-06-14,66,Habits (Stay High),Tove Lo,66.0,66,780
2005-07-30,92,Gold Digger,Kanye West Featuring Jamie Foxx,92.0,92,780
2008-12-06,28,You Found Me,The Fray,28.0,28,780
2000-04-29,60,Bent,matchbox twenty,60.0,60,780
2004-10-30,74,"1, 2 Step",Ciara Featuring Missy Elliott,74.0,74,780
1996-07-06,68,Where Do You Go,No Mercy,68.0,68,780
1992-08-15,90,Rhythm Is A Dancer,Snap!,90.0,90,780
2004-01-03,99,Freek-A-Leek,Petey Pablo,99.0,99,780
1960-08-01,49,The Twist,Chubby Checker,49.0,49,780
2001-06-02,82,I Do!!,Toya,82.0,82,780
2021-07-24,4,Levitating,Dua Lipa,3.0,2,776
2004-03-20,62,The Reason,Hoobastank,62.0,62,741
2009-10-24,79,TiK ToK,Ke$ha,79.0,79,741
2010-05-29,89,I Like It,Enrique Iglesias Featuring Pitbull,89.0,89,741
2001-12-22,72,Blurry,Puddle Of Mudd,72.0,72,741
2019-12-21,47,The Box,Roddy Ricch,47.0,47,741
2007-06-16,78,The Way I Are,Timbaland Featuring Keri Hilson,78.0,78,741
2015-07-25,96,Ex's & Oh's,Elle King,96.0,96,741
1996-06-22,24,Twisted,Keith Sweat,24.0,24,741
2019-11-30,75,Falling,Trevor Daniel,75.0,75,741
2005-02-12,73,Scars,Papa Roach,73.0,73,741
2018-03-17,17,Sad!,XXXTENTACION,17.0,17,741
2005-02-12,40,Mr. Brightside,The Killers,40.0,40,741
2004-06-26,94,Goodies,Ciara Featuring Petey Pablo,94.0,94,741
2005-08-27,92,Run It!,Chris Brown,92.0,92,741
1985-10-19,80,"Tarzan Boy (From ""Teenage Mutant Ninja Turtles III"")",Baltimora,80.0,80,741
2020-09-05,95,You Broke Me First.,Tate McRae,95.0,95,741
1994-07-09,100,Tootsee Roll,69 Boyz,100.0,100,741
1995-08-19,28,"Gangsta's Paradise (From ""Dangerous Minds"")",Coolio Featuring L.V.,28.0,28,741
2020-01-25,2,Life Is Good,Future Featuring Drake,2.0,2,741
2020-01-18,95,Say So,Doja Cat Featuring Nicki Minaj,95.0,95,741
1995-12-09,57,Wonder,Natalie Merchant,57.0,57,741
1995-01-28,61,I Know,Dionne Farris,61.0,61,741
2005-11-12,88,You're Beautiful,James Blunt,88.0,88,741
2013-10-12,90,Team,Lorde,90.0,90,741
2011-07-09,72,Love You Like A Love Song,Selena Gomez & The Scene,72.0,72,741
1973-04-07,100,Why Me,Kris Kristofferson,100.0,100,741
1995-11-11,85,Be My Lover,La Bouche,85.0,85,741
2015-11-21,83,"Me, Myself & I",G-Eazy x Bebe Rexha,83.0,83,703
2013-06-22,98,Sweater Weather,The Neighbourhood,98.0,98,703
2011-07-02,85,Stereo Hearts,Gym Class Heroes Featuring Adam Levine,85.0,85,703
2019-04-13,87,Suge,DaBaby,87.0,87,703
2000-03-18,63,He Wasn't Man Enough,Toni Braxton,63.0,63,703
2008-11-15,99,Don't Trust Me,3OH!3,95.0,99,703
2008-07-05,18,Disturbia,Rihanna,18.0,18,703
1980-06-14,78,Into The Night,Benny Mardones,78.0,78,703
1992-04-18,99,Just Another Day,Jon Secada,99.0,99,703
2007-03-17,83,Home,Daughtry,83.0,83,703
2016-02-06,79,I Took A Pill In Ibiza,Mike Posner,79.0,79,703
2017-04-22,2,Humble.,Kendrick Lamar,2.0,2,703
2014-01-11,38,Turn Down For What,DJ Snake & Lil Jon,38.0,38,703
2012-01-28,85,Glad You Came,The Wanted,85.0,85,703
2014-06-21,69,I'm Not The Only One,Sam Smith,93.0,69,703
2019-07-06,2,Senorita,Shawn Mendes & Camila Cabello,2.0,2,703
2002-10-05,66,The Game Of Love,Santana Featuring Michelle Branch,66.0,66,703
2016-07-02,87,Broccoli,D.R.A.M. Featuring Lil Yachty,87.0,87,703
1999-08-28,75,Back At One,Brian McKnight,75.0,75,703
2011-11-12,64,Stronger (What Doesn't Kill You),Kelly Clarkson,58.0,64,703
2006-03-18,98,I Write Sins Not Tragedies,Panic! At The Disco,98.0,98,703
2015-01-24,98,Post To Be,Omarion Featuring Chris Brown & Jhene Aiko,98.0,98,703
2005-09-03,99,Because Of You,Kelly Clarkson,99.0,99,703
2011-09-17,82,Good Feeling,Flo Rida,77.0,82,703
1998-10-03,82,Can I Get A...,Jay-Z Featuring Amil (Of Major Coinz) & Ja,82.0,82,703
2018-12-15,6,Going Bad,Meek Mill Featuring Drake,6.0,6,703
2017-12-30,61,Never Be The Same,Camila Cabello,71.0,61,701
2020-12-19,63,Without You,The Kid LAROI,63.0,63,698
1996-07-06,65,My Boo,Ghost Town DJ's,65.0,65,666
2005-08-20,85,My Humps,The Black Eyed Peas,85.0,85,666
2012-01-07,57,Wild Ones,Flo Rida Featuring Sia,57.0,57,666
1994-06-18,70,When Can I See You,Babyface,70.0,70,666
1998-03-28,15,All My Life,K-Ci & JoJo,15.0,15,666
2006-09-23,95,Walk It Out,Unk,95.0,95,666
2007-10-13,86,Our Song,Taylor Swift,86.0,86,666
2008-11-29,69,Gives You Hell,The All-American Rejects,69.0,69,666
2014-11-15,18,Blank Space,Taylor Swift,18.0,18,666
2016-02-13,9,Work,Rihanna Featuring Drake,9.0,9,666
1993-09-18,92,All That She Wants,Ace Of Base,92.0,92,666
2006-07-22,90,SexyBack,Justin Timberlake,90.0,90,666
2012-10-27,3,I Knew You Were Trouble.,Taylor Swift,3.0,3,666
2010-06-19,100,Animal,Neon Trees,100.0,100,666
2012-10-20,34,Locked Out Of Heaven,Bruno Mars,34.0,34,666
2015-02-07,82,Worth It,Fifth Harmony Featuring Kid Ink,92.0,82,666
2016-02-06,96,7 Years,Lukas Graham,96.0,96,666
2011-03-26,59,Crazy Girl,Eli Young Band,59.0,59,666
1986-03-01,95,Where Are You Now?,Jimmy Harnen With Synch,95.0,95,666
2014-06-28,46,Don't,Ed Sheeran,46.0,46,666
1995-06-24,87,Kiss From A Rose,Seal,87.0,87,666
2014-02-01,82,Loyal,Chris Brown Featuring Lil Wayne & French Montana Or Too $hort Or Tyga,82.0,82,666
2016-04-23,21,One Dance,Drake Featuring WizKid & Kyla,21.0,21,666
2015-08-22,66,Hotline Bling,Drake,66.0,66,666
2013-08-10,53,Burn,Ellie Goulding,99.0,53,666
2018-02-03,1,God's Plan,Drake,1.0,1,666
2011-08-27,75,Ni**as in Paris,Jay Z Kanye West,75.0,75,666
2003-10-25,75,The First Cut Is The Deepest,Sheryl Crow,75.0,75,666
2004-10-23,97,Let Me Love You,Mario,97.0,97,666
1995-07-08,90,Roll To Me,Del Amitri,90.0,90,666
1995-08-19,90,Breakfast At Tiffany's,Deep Blue Something,90.0,90,666
2013-11-30,93,Best Day Of My Life,American Authors,93.0,93,666
2002-08-10,99,Don't Mess With My Man,Nivea Featuring Brian & Brandon Casey,99.0,99,666
2010-10-16,81,Grenade,Bruno Mars,81.0,81,666
2007-04-07,95,Who Knew,P!nk,95.0,95,666
1995-10-14,22,Name,Goo Goo Dolls,22.0,22,666
2020-02-08,82,Chasin' You,Morgan Wallen,82.0,82,666
2019-06-22,93,Only Human,Jonas Brothers,93.0,93,666
2012-01-28,60,Drive By,Train,60.0,60,666
2019-10-19,96,Dance Monkey,Tones And I,96.0,96,666
2004-11-27,71,Boulevard Of Broken Dreams,Green Day,71.0,71,666
2013-03-02,84,Just Give Me A Reason,P!nk Featuring Nate Ruess,84.0,84,666
2016-12-03,76,Bad And Boujee,Migos Featuring Lil Uzi Vert,76.0,76,666
1982-07-10,84,Gloria,Laura Branigan,84.0,84,666
2017-08-05,91,Young Dumb & Broke,Khalid,91.0,91,643
2017-07-29,52,Sorry Not Sorry,Demi Lovato,52.0,52,642
2001-09-01,69,Superman (It's Not Easy),Five For Fighting,69.0,69,630
1994-12-17,87,In The House Of Stone And Light,Martin Page,87.0,87,630
2002-01-05,78,Wasting My Time,Default,78.0,78,630
2009-11-28,69,Good Life,OneRepublic,97.0,69,630
1997-11-29,64,"No, No, No",Destiny's Child,64.0,64,630
2011-06-25,96,Not Over You,Gavin DeGraw,99.0,96,630
2015-05-09,95,Cheerleader,OMI,95.0,95,630
2008-02-09,65,Pocketful Of Sunshine,Natasha Bedingfield,65.0,65,630
2016-02-27,52,Low Life,Future Featuring The Weeknd,52.0,52,630
2018-12-29,87,Sweet But Psycho,Ava Max,87.0,87,630
1993-10-16,53,Breathe Again,Toni Braxton,53.0,53,630
2014-11-08,84,G.D.F.R.,Flo Rida Featuring Sage The Gemini & Lookas,84.0,84,630
2012-12-22,69,When I Was Your Man,Bruno Mars,62.0,69,630
2011-12-03,18,The Motto,Drake Featuring Lil Wayne,18.0,18,630
2015-05-02,99,Renegades,X Ambassadors,99.0,99,630
2009-03-14,66,I Know You Want Me (Calle Ocho),Pitbull,66.0,66,630
1961-05-08,75,Stand By Me,Ben E. King,75.0,75,630
2016-09-24,92,Goosebumps,Travis Scott,97.0,92,630
2003-03-29,75,Drift Away,Uncle Kracker Featuring Dobie Gray,75.0,75,630
2007-04-14,79,Hey There Delilah,Plain White T's,79.0,79,630
2018-04-14,78,Boo'd Up,Ella Mai,78.0,78,630
2018-09-29,28,Drip Too Hard,Lil Baby & Gunna,28.0,28,630
1996-11-09,25,Don't Let Go (Love),En Vogue,25.0,25,630
2015-03-28,45,Want To Want Me,Jason Derulo,45.0,45,630
2020-07-04,99,Bang!,AJR,99.0,99,630
2003-07-26,77,Why Don't You & I,Santana Featuring Alex Band Or Chad Kroeger,77.0,77,630
1996-10-05,37,Nobody,Keith Sweat Featuring Athena Cage,37.0,37,630
2008-01-19,95,No Air,Jordin Sparks Duet With Chris Brown,95.0,95,630
1995-03-11,90,Let Her Cry,Hootie & The Blowfish,90.0,90,630
2018-03-24,84,Delicate,Taylor Swift,84.0,84,630
2009-11-14,9,Bad Romance,Lady Gaga,9.0,9,630
2007-03-10,84,Buy U A Drank (Shawty Snappin'),T-Pain Featuring Yung Joc,84.0,84,630
1998-12-05,25,Slide,Goo Goo Dolls,25.0,25,630
2013-08-24,85,Roar,Katy Perry,85.0,85,630
1992-12-19,86,Don't Walk Away,Jade,86.0,86,630
2008-09-13,85,Let It Rock,Kevin Rudolf Featuring Lil Wayne,85.0,85,630
1965-07-17,72,Unchained Melody,The Righteous Brothers,72.0,72,606
2017-07-22,85,Bodak Yellow (Money Moves),Cardi B,85.0,85,605
2005-04-30,92,Breathe (2 AM),Anna Nalick,92.0,92,595
1995-11-18,73,The World I Know,Collective Soul,73.0,73,595
2002-11-30,91,Picture,Kid Rock Featuring Sheryl Crow Or Allison Moorer,91.0,91,595
2014-09-27,22,Centuries,Fall Out Boy,22.0,22,595
2001-06-16,98,Fallin',Alicia Keys,98.0,98,595
2020-09-12,57,Starting Over,Chris Stapleton,57.0,57,595
2020-10-03,62,One Too Many,Keith Urban Duet With P!nk,62.0,62,595
1997-02-22,37,Hard To Say I'm Sorry,Az Yet Featuring Peter Cetera,37.0,37,595
2010-07-31,19,DJ Got Us Fallin' In Love,Usher Featuring Pitbull,19.0,19,595
1999-07-10,66,Black Balloon,Goo Goo Dolls,66.0,66,595
2016-03-19,12,Work From Home,Fifth Harmony Featuring Ty Dolla $ign,12.0,12,595
1995-06-10,39,Waterfalls,TLC,39.0,39,595
1995-10-07,93,Hook,Blues Traveler,93.0,93,595
2013-10-05,86,Animals,Martin Garrix,86.0,86,595
2009-10-24,58,All The Right Moves,OneRepublic,58.0,58,595
2009-12-26,63,In My Head,Jason Derulo,63.0,63,595
2011-12-03,9,Take Care,Drake Featuring Rihanna,9.0,9,595
2009-09-05,96,Replay,Iyaz,96.0,96,595
2016-06-04,99,Unsteady,X Ambassadors,99.0,99,595
2016-01-09,98,Let It Go,James Bay,98.0,98,595
2021-03-20,4,Leave The Door Open,Silk Sonic (Bruno Mars & Anderson .Paak),4.0,4,595
2018-02-03,56,Mine,Bazzi,56.0,56,595
2017-05-13,44,There's Nothing Holdin' Me Back,Shawn Mendes,44.0,44,595
2001-05-05,83,Hit 'Em Up Style (Oops!),Blu Cantrell,83.0,83,595
2015-01-24,45,Love Me Like You Do,Ellie Goulding,45.0,45,595
2015-08-22,95,Here,Alessia Cara,95.0,95,595
2001-09-29,44,Hero,Enrique Iglesias,44.0,44,595
1962-08-11,100,Do You Love Me,The Contours,100.0,100,595
2000-04-29,100,(Hot S**t) Country Grammar,Nelly,100.0,100,595
2002-06-08,72,One Last Breath,Creed,72.0,72,595
2008-06-28,96,Addicted,Saving Abel,96.0,96,595
2012-03-03,28,What Makes You Beautiful,One Direction,28.0,28,595
1996-12-14,26,"I Believe I Can Fly (From ""Space Jam"")",R. Kelly,26.0,26,595
1998-06-27,90,"The Cup Of Life (The Official Song Of The World Cup, France '98)",Ricky Martin,90.0,90,595
2015-10-17,84,Don't,Bryson Tiller,84.0,84,595
2005-04-23,87,Behind These Hazel Eyes,Kelly Clarkson,87.0,87,595
2005-02-19,78,Lonely No More,Rob Thomas,78.0,78,595
2020-04-04,55,Roses,SAINt JHN,55.0,55,595
1992-09-19,97,Get Ready For This,2 Unlimited,97.0,97,595
2017-04-15,49,XO TOUR Llif3,Lil Uzi Vert,49.0,49,595
1993-11-20,87,Found Out About You,Gin Blossoms,87.0,87,595
2015-11-14,98,Exchange,Bryson Tiller,98.0,98,595
1995-08-26,63,Tell Me,Groove Theory,63.0,63,561
1998-12-19,83,What It's Like,Everlast,83.0,83,561
2013-12-14,89,Let It Go,Idina Menzel,89.0,89,561
1993-11-27,90,The Power Of Love,Celine Dion,90.0,90,561
2001-04-28,80,Let Me Blow Ya Mind,Eve Featuring Gwen Stefani,80.0,80,561
2002-03-16,71,The Middle,Jimmy Eat World,71.0,71,561
1999-10-23,71,I Knew I Loved You,Savage Garden,71.0,71,561
2019-11-23,74,Everything I Wanted,Billie Eilish,74.0,74,561
2012-07-28,95,The A Team,Ed Sheeran,95.0,95,561
1994-08-06,84,All I Wanna Do,Sheryl Crow,84.0,84,561
2019-02-02,1,7 Rings,Ariana Grande,1.0,1,561
2011-08-27,66,Titanium,David Guetta Featuring Sia,79.0,66,561
1995-10-07,73,Anything,3T,73.0,73,561
2010-11-27,67,Down On Me,Jeremih Featuring 50 Cent,67.0,67,561
1995-12-30,46,"Sittin' Up In My Room (From ""Waiting To Exhale"")",Brandy,46.0,46,561
2007-04-28,91,Umbrella,Rihanna Featuring Jay-Z,91.0,91,561
2017-01-28,6,Castle On The Hill,Ed Sheeran,6.0,6,561
2009-12-12,30,Telephone,Lady Gaga Featuring Beyonce,30.0,30,561
2020-02-22,62,Blueberry Faygo,Lil Mosey,62.0,62,561
2014-01-04,89,Talk Dirty,Jason Derulo Featuring 2 Chainz,89.0,89,561
1997-07-26,57,To The Moon And Back,Savage Garden,57.0,57,561
2018-10-20,28,Close Friends,Lil Baby,28.0,28,561
2016-08-27,12,Let Me Love You,DJ Snake Featuring Justin Bieber,12.0,12,561
2014-09-06,86,Animals,Maroon 5,86.0,86,561
2005-09-10,75,Photograph,Nickelback,75.0,75,561
2009-08-15,95,Smile,Uncle Kracker,93.0,95,561
2001-03-10,72,Follow Me,Uncle Kracker,72.0,72,561
2006-07-29,97,Lips Of An Angel,Hinder,97.0,97,561
2005-11-26,93,Be Without You,Mary J. Blige,93.0,93,561
2003-11-08,66,Numb,Linkin Park,66.0,66,561
1977-09-24,83,How Deep Is Your Love,Bee Gees,83.0,83,561
2010-06-26,98,Secrets,OneRepublic,83.0,98,561
1997-01-04,84,Da' Dip,Freak Nasty,84.0,84,561
2012-08-18,82,Adorn,Miguel,82.0,82,561
1997-06-14,1,I'll Be Missing You,Puff Daddy & Faith Evans Featuring 112,1.0,1,561
2010-11-27,57,The Show Goes On,Lupe Fiasco,57.0,57,561
2013-08-24,21,"Hold On, We're Going Home",Drake Featuring Majid Jordan,21.0,21,561
1998-11-28,90,Kiss Me,Sixpence None The Richer,91.0,90,561
2003-05-17,97,Right Thurr,Chingy,97.0,97,561
2008-05-10,9,Forever,Chris Brown,9.0,9,561
1992-06-06,86,Baby-Baby-Baby,TLC,86.0,86,561
2014-03-29,100,Latch,Disclosure Featuring Sam Smith,100.0,100,561
1996-03-09,36,"Because You Loved Me (From ""Up Close & Personal"")",Celine Dion,36.0,36,561
2010-08-07,20,Teenage Dream,Katy Perry,20.0,20,561
1997-03-01,31,I Want You,Savage Garden,31.0,31,561
2009-03-28,71,Boom Boom Pow,The Black Eyed Peas,71.0,71,561
1994-08-13,31,I'll Make Love To You,Boyz II Men,31.0,31,561
2007-01-13,94,U + Ur Hand,P!nk,94.0,94,561
2013-04-06,86,Clarity,Zedd Featuring Foxes,86.0,86,561
2012-10-06,68,Don't You Worry Child,Swedish House Mafia Featuring John Martin,68.0,68,561
2003-08-23,71,Suga Suga,Baby Bash Featuring Frankie J,71.0,71,561
1991-09-28,94,Finally,CeCe Peniston,94.0,94,561
2017-09-23,81,Bad At Love,Halsey,81.0,81,545
2016-09-10,95,Mercy,Shawn Mendes,68.0,95,528
2012-04-21,70,Give Your Heart A Break,Demi Lovato,70.0,70,528
1995-08-05,30,Only Wanna Be With You,Hootie & The Blowfish,30.0,30,528
2016-05-21,9,This Is What You Came For,Calvin Harris Featuring Rihanna,9.0,9,528
2007-07-28,47,Crank That (Soulja Boy),Soulja Boy Tell'em,47.0,47,528
2006-02-25,55,Bad Day,Daniel Powter,55.0,55,528
2020-05-02,61,More Than My Hometown,Morgan Wallen,97.0,61,528
1997-07-12,8,Sunny Came Home,Shawn Colvin,8.0,8,528
2003-10-18,57,Hey Ya!,OutKast,57.0,57,528
2000-05-13,74,"Jumpin', Jumpin'",Destiny's Child,74.0,74,528
2015-10-10,52,Jumpman,Drake & Future,52.0,52,528
2013-11-16,6,Story Of My Life,One Direction,6.0,6,528
1999-12-25,83,Say My Name,Destiny's Child,83.0,83,528
2014-09-27,78,Jealous,Nick Jonas,78.0,78,528
2005-02-12,78,Collide,Howie Day,78.0,78,528
1975-06-21,98,Feelings,Morris Albert,98.0,98,528
1997-03-15,9,"For You I Will (From ""Space Jam"")",Monica,9.0,9,528
1996-03-16,11,Ironic,Alanis Morissette,11.0,11,528
2003-08-09,85,Damn!,YoungBloodZ Featuring Lil Jon,85.0,85,528
2014-11-15,60,Style,Taylor Swift,84.0,60,528
1977-10-01,90,Baby Come Back,Player,90.0,90,528
1996-03-30,63,Sweet Dreams,La Bouche,63.0,63,528
1996-04-06,2,Always Be My Baby,Mariah Carey,2.0,2,528
1981-03-28,81,Jessie's Girl,Rick Springfield,81.0,81,528
2009-08-29,54,Whatcha Say,Jason Derulo,54.0,54,528
1999-10-23,92,Get It On Tonite,Montell Jordan,92.0,92,528
2014-06-14,87,Trumpets,Jason Derulo,87.0,87,528
2018-11-03,65,When The Party's Over,Billie Eilish,65.0,65,528
2020-04-11,21,Break My Heart,Dua Lipa,21.0,21,528
2011-10-29,10,"Young, Wild & Free",Snoop Dogg & Wiz Khalifa Featuring Bruno Mars,10.0,10,528
2000-02-26,77,You Sang To Me,Marc Anthony,77.0,77,528
2015-01-17,93,Take Your Time,Sam Hunt,93.0,93,528
1998-11-21,17,...Baby One More Time,Britney Spears,17.0,17,528
2011-10-01,16,Paradise,Coldplay,16.0,16,528
1994-10-01,91,Always,Bon Jovi,91.0,91,528
1994-11-12,71,Creep,TLC,71.0,71,528
2013-02-23,57,Stay,Rihanna Featuring Mikky Ekko,57.0,57,528
2001-09-22,93,U Got It Bad,Usher,93.0,93,528
2003-02-22,82,Get Busy,Sean Paul,82.0,82,528
2000-11-18,72,Again,Lenny Kravitz,72.0,72,528
2000-03-18,59,Try Again,Aaliyah,59.0,59,528
2000-12-02,94,South Side,Moby Featuring Gwen Stefani,94.0,94,528
2003-03-15,64,Bring Me To Life,Evanescence Featuring Paul McCoy,64.0,64,528
1998-12-05,52,Fly Away,Lenny Kravitz,52.0,52,528
2010-09-25,45,No Hands,Waka Flocka Flame Featuring Roscoe Dash & Wale,45.0,45,528
2013-09-07,50,Wrecking Ball,Miley Cyrus,50.0,50,528
2020-09-05,1,Dynamite,BTS,1.0,1,528
2000-03-04,25,There You Go,P!nk,25.0,25,528
1999-07-03,66,Someday,Sugar Ray,66.0,66,528
2005-04-09,98,Holiday,Green Day,98.0,98,528
1982-04-24,81,"Baby, Come To Me",Patti Austin A Duet With James Ingram,81.0,81,528
2012-04-21,38,Mercy,"Kanye West, Big Sean, Pusha T, 2 Chainz",38.0,38,528
2019-07-06,16,Panini,Lil Nas X,16.0,16,528
1994-09-17,90,Sukiyaki,4PM,90.0,90,528
1999-06-26,76,Unpretty,TLC,76.0,76,528
1992-07-18,53,"End Of The Road (From ""Boomerang"")",Boyz II Men,53.0,53,528
2002-02-16,78,Foolish,Ashanti,78.0,78,528
1998-02-28,3,Gettin' Jiggy Wit It,Will Smith,3.0,3,528
2004-01-10,70,My Immortal,Evanescence,70.0,70,528
2001-07-14,76,Only Time,Enya,76.0,76,528
1982-09-18,75,What About Me,Moving Pictures,75.0,75,504
2018-05-19,58,Beautiful Crazy,Luke Combs,58.0,58,496
2012-09-22,64,Gangnam Style,PSY,64.0,64,496
2006-03-04,88,Ridin',Chamillionaire Featuring Krayzie Bone,88.0,88,496
1997-09-13,79,Tubthumping,Chumbawamba,79.0,79,496
1977-04-23,88,I Just Want To Be Your Everything,Andy Gibb,88.0,88,496
2005-02-05,73,Let Me Go,3 Doors Down,73.0,73,496
2006-01-21,74,Temperature,Sean Paul,74.0,74,496
2009-02-07,93,Halo,Beyonce,93.0,93,496
2010-07-17,63,Jar Of Hearts,Christina Perri,63.0,63,496
1998-12-19,99,Believe,Cher,99.0,99,496
2016-06-11,83,Love On The Brain,Rihanna,80.0,83,496
1998-01-31,29,They Don't Know,Jon B,29.0,29,496
2014-08-16,6,Bang Bang,"Jessie J, Ariana Grande & Nicki Minaj",6.0,6,496
2014-06-28,97,Rather Be,Clean Bandit Featuring Jess Glynne,97.0,97,496
1992-08-29,84,Real Love,Mary J. Blige,84.0,84,496
2020-06-27,81,Savage Love (Laxed - Siren Beat),Jawsh 685 x Jason Derulo,81.0,81,496
2007-12-29,98,Stop And Stare,OneRepublic,98.0,98,496
2014-07-12,89,Don't Tell 'Em,Jeremih Featuring YG,89.0,89,496
1994-04-02,86,You Mean The World To Me,Toni Braxton,86.0,86,496
2007-10-13,58,Tattoo,Jordin Sparks,58.0,58,496
2006-04-01,84,Hips Don't Lie,Shakira Featuring Wyclef Jean,84.0,84,496
2012-05-05,3,Payphone,Maroon 5 Featuring Wiz Khalifa,3.0,3,496
2001-07-07,66,I'm Real,Jennifer Lopez Featuring Ja Rule,66.0,66,496
1994-05-07,54,If You Go,Jon Secada,54.0,54,496
1995-02-18,85,I Believe,Blessid Union Of Souls,85.0,85,496
2009-03-28,70,Already Gone,Kelly Clarkson,89.0,70,496
2009-09-05,97,Fireflies,Owl City,97.0,97,496
2014-05-03,91,Am I Wrong,Nico & Vinz,91.0,91,496
2017-03-18,28,Stay,Zedd & Alessia Cara,28.0,28,496
1978-07-08,86,I Love The Nightlife (Disco 'round),Alicia Bridges,86.0,86,496
2010-11-20,93,Don't You Wanna Stay,Jason Aldean With Kelly Clarkson,93.0,93,496
1997-11-08,95,Kiss The Rain,Billie Myers,95.0,95,496
2009-04-11,65,Knock You Down,Keri Hilson Featuring Kanye West & Ne-Yo,65.0,65,496
2005-12-17,86,Everytime We Touch,Cascada,86.0,86,496
2013-10-05,82,Show Me,Kid Ink Featuring Chris Brown,68.0,82,496
2009-07-18,12,Fallin' For You,Colbie Caillat,12.0,12,496
2015-02-28,96,"Honey, I'm Good.",Andy Grammer,87.0,96,496
2008-09-06,9,So What,P!nk,9.0,9,496
2005-05-07,98,La Tortura,Shakira Feat. Alejandro Sanz,98.0,98,496
2003-01-11,75,No Letting Go,Wayne Wonder,75.0,75,496
2018-12-22,95,Look Back At It,A Boogie Wit da Hoodie,95.0,95,496
2004-06-26,52,Lean Back,Terror Squad,52.0,52,496
2001-03-31,80,Video,India.Arie,80.0,80,496
2015-11-07,95,Roses,The Chainsmokers Featuring Rozes,95.0,95,496
1995-08-05,51,Carnival,Natalie Merchant,51.0,51,496
2019-06-15,93,Ran$om,Lil Tecca,93.0,93,496
2002-06-01,68,Complicated,Avril Lavigne,68.0,68,496
2017-03-11,49,Mask Off,Future,49.0,49,496
1994-05-07,61,Don't Turn Around,Ace Of Base,61.0,61,496
1978-06-10,88,Hot Child In The City,Nick Gilder,88.0,88,496
2008-08-23,99,Whatever You Like,T.I.,99.0,99,496
2005-04-02,82,Hollaback Girl,Gwen Stefani,82.0,82,496
2020-02-22,11,Intentions,Justin Bieber Featuring Quavo,11.0,11,496
2012-03-03,9,Starships,Nicki Minaj,9.0,9,496
2017-05-20,90,Slow Hands,Niall Horan,90.0,90,496
2021-04-10,1,Montero (Call Me By Your Name),Lil Nas X,1.0,1,496
2000-04-29,99,Back Here,BBMak,99.0,99,496
2008-04-26,62,Better In Time,Leona Lewis,75.0,62,496
1970-01-31,99,Superstar,Murray Head With The Trinidad Singers,99.0,99,496
1998-04-04,95,Say It,Voices Of Theory,95.0,95,496
2011-03-05,92,Just Can't Get Enough,The Black Eyed Peas,92.0,92,496
1999-04-24,72,I Want It That Way,Backstreet Boys,72.0,72,496
2008-06-21,76,Love Remains The Same,Gavin Rossdale,76.0,76,496
2015-09-19,1,What Do You Mean?,Justin Bieber,1.0,1,496
1980-08-16,67,Another One Bites The Dust,Queen,67.0,67,496
2002-09-28,78,Don't Know Why,Norah Jones,78.0,78,496
1999-01-09,75,Every Morning,Sugar Ray,75.0,75,496
2005-11-05,66,"Dance, Dance",Fall Out Boy,66.0,66,496
1996-10-12,48,No Diggity,BLACKstreet (Featuring Dr. Dre),48.0,48,496
2015-05-02,80,Fight Song,Rachel Platten,80.0,80,496
2010-10-16,51,Hey Baby (Drop It To The Floor),Pitbull Featuring T-Pain,51.0,51,496
2017-11-18,71,Ric Flair Drip,Offset & Metro Boomin,71.0,71,488
2003-01-11,67,In Da Club,50 Cent,67.0,67,465
2009-09-26,50,Empire State Of Mind,Jay-Z + Alicia Keys,50.0,50,465
2019-09-07,52,Good As Hell,Lizzo,52.0,52,465
1996-06-01,39,Who Will Save Your Soul,Jewel,39.0,39,465
2011-04-30,93,Tonight Tonight,Hot Chelle Rae,93.0,93,465
1990-06-30,87,Close To You,Maxi Priest,87.0,87,465
1997-08-02,4,Mo Money Mo Problems,The Notorious B.I.G. Featuring Puff Daddy & Mase,4.0,4,465
1992-06-27,98,Jump Around,House Of Pain,98.0,98,465
2007-04-07,67,Wait For You,Elliott Yamin,67.0,67,465
2021-01-23,39,Best Friend,Saweetie Featuring Doja Cat,39.0,39,465
1998-12-05,74,Angel Of Mine,Monica,74.0,74,465
1963-06-22,86,Wipe Out,The Surfaris,86.0,86,465
2000-08-19,72,Case Of The Ex (Whatcha Gonna Do),Mya,72.0,72,465
2004-02-21,72,I Don't Wanna Know,Mario Winans Featuring Enya & P. Diddy,72.0,72,465
2019-10-19,4,"10,000 Hours",Dan + Shay & Justin Bieber,4.0,4,465
2006-10-07,95,Smack That,Akon Featuring Eminem,95.0,95,465
1994-05-07,74,"Stay (I Missed You) (From ""Reality Bites"")",Lisa Loeb & Nine Stories,74.0,74,465
2014-05-17,81,Bailando,Enrique Iglesias Featuring Descemer Bueno & Gente de Zona,81.0,81,465
2019-10-12,19,BOP,DaBaby,19.0,19,465
1995-04-29,69,Someone To Love,Jon B. Featuring Babyface,69.0,69,465
2017-01-14,80,iSpy,KYLE Featuring Lil Yachty,80.0,80,465
2007-08-11,65,Cyclone,Baby Bash Featuring T-Pain,65.0,65,465
2006-07-29,88,Suddenly I See,KT Tunstall,88.0,88,465
2010-04-17,14,OMG,Usher Featuring will.i.am,14.0,14,465
2011-01-01,86,F**kin' Perfect,P!nk,57.0,86,465
2006-03-25,91,Black Horse & The Cherry Tree,KT Tunstall,91.0,91,465
1992-09-26,81,Do You Believe In Us,Jon Secada,81.0,81,465
2008-06-28,85,Fall For You,Secondhand Serenade,85.0,85,465
1981-08-29,90,Our Lips Are Sealed,Go-Go's,90.0,90,465
1995-02-11,54,Freak Like Me,Adina Howard,54.0,54,465
2006-05-27,71,Buttons,The Pussycat Dolls Featuring Snoop Dogg,71.0,71,465
2004-03-13,65,Burn,Usher,65.0,65,465
2008-05-03,98,American Boy,Estelle Featuring Kanye West,98.0,98,465
2010-05-01,12,Airplanes,B.o.B Featuring Hayley Williams,12.0,12,465
2004-04-24,87,Dip It Low,Christina Milian,87.0,87,465
1989-10-21,86,Heat Of The Moment,After 7,86.0,86,465
1982-10-30,81,1999,Prince,81.0,81,465
1994-04-23,72,I Swear,All-4-One,72.0,72,465
1994-08-13,81,I'll Stand By You,Pretenders,81.0,81,465
1999-07-10,78,Back That Thang Up,Juvenile Featuring Mannie Fresh & Lil' Wayne,78.0,78,465
2006-11-25,93,Say It Right,Nelly Furtado,93.0,93,465
2015-04-11,66,El Perdon (Forgiveness),Nicky Jam & Enrique Iglesias,66.0,66,465
2003-06-28,66,Shake Ya Tailfeather,"Nelly, P. Diddy & Murphy Lee",66.0,66,465
1992-07-11,84,Back To The Hotel,N2Deep,84.0,84,465
2015-09-26,84,White Iverson,Post Malone,84.0,84,465
1992-03-21,77,My Lovin' (You're Never Gonna Get It),En Vogue,77.0,77,465
2010-10-23,51,Raise Your Glass,P!nk,51.0,51,465
2008-11-22,4,Heartless,Kanye West,4.0,4,465
1993-10-23,71,Hero,Mariah Carey,71.0,71,465
2007-07-21,99,Misery Business,Paramore,99.0,99,465
1989-09-09,91,Me So Horny,The 2 Live Crew,91.0,91,465
1988-06-11,82,I'll Always Love You,Taylor Dayne,82.0,82,465
1994-09-17,97,"Here Comes The Hotstepper (From ""Ready To Wear"")",Ini Kamoze,97.0,97,465
1980-10-25,87,Celebration,Kool & The Gang,87.0,87,465
2006-08-05,72,Far Away,Nickelback,72.0,72,465
1995-08-12,63,Back For Good,Take That,63.0,63,465
2008-04-19,88,Shake It,Metro Station,88.0,88,465
2015-01-24,17,Elastic Heart,Sia,17.0,17,465
1992-12-19,77,Ditty,Paperboy,77.0,77,465
2013-02-16,99,Same Love,Macklemore & Ryan Lewis Featuring Mary Lambert,99.0,99,465
2010-09-04,42,E.T.,Katy Perry Featuring Kanye West,28.0,42,465
2021-04-03,1,Peaches,Justin Bieber Featuring Daniel Caesar & Giveon,1.0,1,465
1984-03-10,76,Borderline,Madonna,76.0,76,465
2004-01-17,96,Tipsy,J-Kwon,96.0,96,465
2004-10-02,51,Drop It Like It's Hot,Snoop Dogg Featuring Pharrell,51.0,51,465
2001-10-13,99,"Lights, Camera, Action!",Mr. Cheeks,99.0,99,465
1987-07-18,82,In My Dreams,REO Speedwagon,82.0,82,465
2015-10-10,92,Die A Happy Man,Thomas Rhett,92.0,92,465
2013-03-23,100,"Gone, Gone, Gone",Phillip Phillips,100.0,100,465
2016-10-08,40,Starboy,The Weeknd Featuring Daft Punk,40.0,40,465
2006-11-04,87,Irreplaceable,Beyonce,87.0,87,465
2002-08-31,64,Underneath It All,No Doubt Featuring Lady Saw,64.0,64,465
1994-09-10,85,Short Dick Man,20 Fingers Featuring Gillette,85.0,85,465
1999-05-22,75,All Star,Smash Mouth,75.0,75,465
2015-05-30,92,Photograph,Ed Sheeran,92.0,92,465
2012-09-22,37,Girl On Fire,Alicia Keys Featuring Nicki Minaj,37.0,37,465
2002-11-30,55,Miss You,Aaliyah,55.0,55,465
1996-07-27,6,You Learn/You Oughta Know,Alanis Morissette,6.0,6,465
2015-02-14,95,Talking Body,Tove Lo,95.0,95,465
1996-09-07,67,Mouth,Merril Bainbridge,67.0,67,465
2004-05-15,67,Heaven,Los Lonely Boys,67.0,67,465
2011-09-17,39,Without You,David Guetta Featuring Usher,39.0,39,465
1994-12-17,45,Take A Bow,Madonna,45.0,45,465
2010-01-02,72,Whataya Want From Me,Adam Lambert,72.0,72,465
2014-07-19,97,Black Widow,Iggy Azalea Featuring Rita Ora,97.0,97,465
2001-07-28,79,Differences,Ginuwine,79.0,79,465
1996-08-17,27,It's All Coming Back To Me Now,Celine Dion,27.0,27,465
1996-11-30,77,Ooh Aah... Just A Little Bit,Gina G,77.0,77,465
1997-04-26,57,Bitch,Meredith Brooks,57.0,57,465
2007-12-08,94,Don't Stop The Music,Rihanna,94.0,94,465
2017-10-14,65,I Fall Apart,Post Malone,65.0,65,452
2017-07-22,70,Mi Gente,J Balvin & Willy William Featuring Beyonce,70.0,70,440
2011-10-29,96,Domino,Jessie J,96.0,96,435
2004-07-24,67,One Thing,Finger Eleven,67.0,67,435
1982-11-06,88,I Know There's Something Going On,Frida,88.0,88,435
1989-11-18,92,No More Lies,Michel'le,92.0,92,435
2018-05-26,49,Yes Indeed,Lil Baby & Drake,49.0,49,435
1994-01-22,69,Whatta Man,Salt-N-Pepa Featuring En Vogue,69.0,69,435
2010-03-13,53,Break Your Heart,Taio Cruz Featuring Ludacris,53.0,53,435
2002-11-02,63,Your Body Is A Wonderland,John Mayer,63.0,63,435
2014-11-08,93,Lips Are Movin,Meghan Trainor,93.0,93,435
2012-08-18,100,Swimming Pools (Drank),Kendrick Lamar,100.0,100,435
2011-10-15,28,It Will Rain,Bruno Mars,28.0,28,435
2007-01-27,98,Glamorous,Fergie Featuring Ludacris,98.0,98,435
2021-02-27,74,Heartbreak Anniversary,Giveon,74.0,74,435
2001-02-24,57,Ride Wit Me,Nelly Featuring City Spud,57.0,57,435
2012-05-12,64,Whistle,Flo Rida,64.0,64,435
2011-01-01,97,For The First Time,The Script,91.0,97,435
1959-12-28,98,Harlem Nocturne,The Viscounts,98.0,98,435
2004-04-10,99,Leave (Get Out),JoJo,99.0,99,435
2007-12-15,72,With You,Chris Brown,72.0,72,435
2006-01-21,97,Walk Away,Kelly Clarkson,97.0,97,435
2008-10-18,76,Dead And Gone,T.I. Featuring Justin Timberlake,99.0,76,435
2010-07-17,65,Club Can't Handle Me,Flo Rida Featuring David Guetta,65.0,65,435
2008-03-08,94,It's Not My Time,3 Doors Down,94.0,94,435
2013-06-08,65,HeadBand,B.o.B Featuring 2 Chainz,65.0,65,435
1999-07-17,99,Sexual (Li Da Di),Amber,99.0,99,435
2010-05-15,85,Cooler Than Me,Mike Posner,85.0,85,435
1983-07-16,75,Total Eclipse Of The Heart,Bonnie Tyler,75.0,75,435
1995-12-16,84,Just A Girl,No Doubt,84.0,84,435
1996-08-24,64,"Last Night (From ""The Nutty Professor"")",Az Yet,64.0,64,435
1995-06-17,27,I Can Love You Like That,All-4-One,27.0,27,435
1990-12-08,78,Round And Round,Tevin Campbell,78.0,78,435
1983-09-17,94,Break My Stride,Matthew Wilder,94.0,94,435
1977-05-21,98,Devil's Gun,C.J. & Company,98.0,98,435
1988-04-16,90,Hands To Heaven,Breathe,90.0,90,435
2020-11-07,1,Positions,Ariana Grande,1.0,1,435
1977-03-05,90,Disco Inferno,The Trammps,90.0,90,435
1977-11-05,89,(Love Is) Thicker Than Water,Andy Gibb,89.0,89,435
1981-11-14,86,Key Largo,Bertie Higgins,86.0,86,435
1973-10-20,88,Dream On,Aerosmith,88.0,88,435
1993-11-06,92,Because The Night,"10,000 Maniacs",92.0,92,435
2021-04-17,8,Deja Vu,Olivia Rodrigo,8.0,8,435
1982-10-09,90,You And I,Eddie Rabbitt With Crystal Gayle,90.0,90,435
2013-02-16,69,I Love It,Icona Pop Featuring Charli XCX,69.0,69,435
1993-08-07,40,Dreamlover,Mariah Carey,40.0,40,435
1995-04-29,82,Don't Take It Personal (Just One Of Dem Days),Monica,82.0,82,435
2006-12-09,65,It's Not Over,Daughtry,65.0,65,435
2016-05-21,52,Too Good,Drake Featuring Rihanna,52.0,52,435
2009-10-17,89,Live Like We're Dying,Kris Allen,92.0,89,435
1993-01-30,85,Two Princes,Spin Doctors,85.0,85,435
2006-10-14,95,I Wanna Love You,Akon Featuring Snoop Dogg,95.0,95,435
2004-12-11,54,Disco Inferno,50 Cent,54.0,54,435
2021-02-20,63,Glad You Exist,Dan + Shay,63.0,63,435
1990-09-22,89,High Enough,Damn Yankees,89.0,89,435
1999-06-05,89,Scar Tissue,Red Hot Chili Peppers,89.0,89,435
2011-07-30,76,You Make Me Feel...,Cobra Starship Featuring Sabi,76.0,76,435
2001-06-02,64,Where The Party At,Jagged Edge With Nelly,64.0,64,435
2013-05-04,19,Get Lucky,Daft Punk Featuring Pharrell Williams,19.0,19,435
2001-04-14,75,Peaches & Cream,112,75.0,75,435
2020-08-29,66,Lemonade,Internet Money & Gunna Featuring Don Toliver & NAV,66.0,66,435
2014-10-11,70,I Don't F**k With You,Big Sean Featuring E-40,70.0,70,435
2002-04-13,73,Soak Up The Sun,Sheryl Crow,73.0,73,435
1992-11-14,40,I Will Always Love You,Whitney Houston,40.0,40,435
1995-04-01,92,"Shy Guy (From ""Bad Boys"")",Diana King,92.0,92,435
1980-07-12,82,Upside Down,Diana Ross,82.0,82,435
2003-05-24,74,Calling All Angels,Train,74.0,74,435
2012-09-08,84,Madness,Muse,84.0,84,435
1985-09-14,86,I Miss You,Klymaxx,86.0,86,435
1998-10-03,52,Nobody's Supposed To Be Here,Deborah Cox,52.0,52,435
2000-07-29,91,Dance With Me,Debelah Morgan,91.0,91,435
2018-11-10,94,Be Alright,Dean Lewis,94.0,94,435
1995-02-25,93,This Is How We Do It,Montell Jordan,93.0,93,435
2017-02-11,87,Issues,Julia Michaels,87.0,87,435
2012-06-30,21,As Long As You Love Me,Justin Bieber Featuring Big Sean,87.0,21,435
2018-06-09,82,Taste,Tyga Featuring Offset,82.0,82,435
1979-12-08,98,With You I'm Born Again,Billy Preston & Syreeta,98.0,98,435
1999-10-23,73,Bring It All To Me,Blaque,73.0,73,435
1986-08-09,83,You Can Call Me Al,Paul Simon,83.0,83,435
1995-05-20,94,Boombastic/In The Summertime,Shaggy,94.0,94,435
2004-11-27,93,Karma,Alicia Keys,93.0,93,435
2002-07-13,54,Dilemma,Nelly Featuring Kelly Rowland,54.0,54,435
2006-05-20,91,Crazy,Gnarls Barkley,91.0,91,435
1994-05-07,94,Shine,Collective Soul,94.0,94,435
2020-04-11,96,If The World Was Ending,JP Saxe Featuring Julia Michaels,96.0,96,435
1996-07-06,87,Loungin,LL Cool J,87.0,87,435
2009-11-28,81,Say Aah,Trey Songz Featuring Fabolous,81.0,81,435
1993-03-27,92,I'll Never Get Over You (Getting Over Me),Expose,92.0,92,435
2013-03-02,91,Power Trip,J. Cole Featuring Miguel,91.0,91,435
1989-03-04,97,"Wind Beneath My Wings (From ""Beaches"")",Bette Midler,97.0,97,435
2020-08-29,2,Laugh Now Cry Later,Drake Featuring Lil Durk,2.0,2,435
2011-03-12,9,On The Floor,Jennifer Lopez Featuring Pitbull,9.0,9,435
2001-10-27,50,My Sacrifice,Creed,50.0,50,435
2017-03-04,93,It Ain't Me,Kygo x Selena Gomez,93.0,93,435
1993-05-15,100,"Can't Help Falling In Love (From ""Sliver"")",UB40,100.0,100,435
2018-02-24,72,Friends,Marshmello & Anne-Marie,72.0,72,435
2003-08-16,57,Baby Boy,Beyonce Featuring Sean Paul,57.0,57,435
2016-08-20,96,Starving,Hailee Steinfeld & Grey Featuring Zedd,96.0,96,435
2002-09-21,76,Landslide,Dixie Chicks,76.0,76,435
2009-08-08,97,Sweet Dreams,Beyonce,97.0,97,435
2006-09-23,89,My Love,Justin Timberlake Featuring T.I.,89.0,89,435
1983-07-09,89,"Tonight, I Celebrate My Love",Peabo Bryson/Roberta Flack,89.0,89,435
2010-07-10,2,Love The Way You Lie,Eminem Featuring Rihanna,2.0,2,435
2021-04-24,7,Kiss Me More,Doja Cat Featuring SZA,7.0,7,435
2013-11-16,3,The Monster,Eminem Featuring Rihanna,3.0,3,435
2017-09-30,85,No Limit,G-Eazy Featuring A$AP Rocky & Cardi B,85.0,85,420
2017-07-29,33,Bank Account,21 Savage,33.0,33,411
1994-10-01,61,I Wanna Be Down,Brandy,61.0,61,406
2005-11-19,72,Check On It,Beyonce Featuring Slim Thug,72.0,72,406
2016-11-26,61,Bounce Back,Big Sean,61.0,61,406
2017-02-25,94,In Case You Didn't Know,Brett Young,94.0,94,406
1997-05-31,36,Do You Know (What It Takes),Robyn,36.0,36,406
2014-02-08,91,Na Na,Trey Songz,91.0,91,406
2012-08-18,99,Let Me Love You (Until You Learn To Love Yourself),Ne-Yo,99.0,99,406
2008-09-06,98,Miss Independent,Ne-Yo,98.0,98,406
2002-02-23,67,All You Wanted,Michelle Branch,67.0,67,406
2021-01-23,1,Drivers License,Olivia Rodrigo,1.0,1,406
1995-04-29,38,Water Runs Dry,Boyz II Men,38.0,38,406
2018-11-17,1,"Thank U, Next",Ariana Grande,1.0,1,406
2009-03-21,6,The Climb,Miley Cyrus,6.0,6,406
2006-02-25,81,SOS,Rihanna,81.0,81,406
2020-11-14,9,Dakiti,Bad Bunny & Jhay Cortez,9.0,9,406
2005-05-21,86,Lose Control,Missy Elliott Featuring Ciara & Fat Man Scoop,86.0,86,406
2006-04-29,88,Hate Me,Blue October,88.0,88,406
1998-12-26,84,Heartbreak Hotel,Whitney Houston Feat. Faith Evans & Kelly Price,84.0,84,406
2004-05-01,70,Slow Motion,Juvenile Featuring Soulja Slim,70.0,70,406
2009-08-29,2,Party In The U.S.A.,Miley Cyrus,2.0,2,406
1997-11-08,76,I Don't Ever Want To See You Again,Uncle Sam,76.0,76,406
2010-01-23,27,Your Love Is My Drug,Ke$ha,27.0,27,406
1992-09-12,61,"I'd Die Without You (From ""Boomerang"")",P.M. Dawn,61.0,61,406
1993-04-03,95,Show Me Love,Robin S.,95.0,95,406
2010-02-13,89,Nothin' On You,B.o.B Featuring Bruno Mars,89.0,89,406
1984-05-19,92,What's Love Got To Do With It,Tina Turner,92.0,92,406
2019-09-07,91,One Man Band,Old Dominion,91.0,91,406
1993-01-23,92,"Love Is (From ""Beverly Hills, 90210"")",Vanessa Williams/Brian McKnight,92.0,92,406
1981-12-12,94,Chariots Of Fire - Titles,Vangelis,94.0,94,406
1995-10-21,51,Before You Walk Out Of My Life/Like This And Like That,Monica,51.0,51,406
1987-07-04,80,Here I Go Again,Whitesnake,80.0,80,406
1996-06-01,67,Only You,112 Featuring The Notorious B.I.G.,67.0,67,406
1976-05-29,80,A Fifth Of Beethoven,Walter Murphy & The Big Apple Band,80.0,80,406
1999-09-04,81,My Love Is Your Love,Whitney Houston,81.0,81,406
1998-12-26,85,Back 2 Good,matchbox 20,85.0,85,406
2016-09-17,31,Side To Side,Ariana Grande Featuring Nicki Minaj,31.0,31,406
2020-01-11,70,High Fashion,Roddy Ricch Featuring Mustard,70.0,70,406
1997-03-01,76,Cupid,112,76.0,76,406
2005-03-05,88,Switch,Will Smith,88.0,88,406
1994-02-26,78,"Baby I Love Your Way (From ""Reality Bites"")",Big Mountain,78.0,78,406
1991-11-09,37,All 4 Love,Color Me Badd,37.0,37,406
1999-04-17,93,Man! I Feel Like A Woman!,Shania Twain,93.0,93,406
1987-05-09,93,Only In My Dreams,Debbie Gibson,93.0,93,406
2018-09-08,82,Mo Bamba,Sheck Wes,82.0,82,406
1975-10-25,90,Love Machine (Part 1),The Miracles,90.0,90,406
1998-04-11,13,Sex And Candy,Marcy Playground,13.0,13,406
1988-06-25,92,Please Don't Go Girl,New Kids On The Block,92.0,92,406
2010-03-20,33,Ridin' Solo,Jason Derulo,33.0,33,406
2007-04-28,67,Thnks Fr Th Mmrs,Fall Out Boy,67.0,67,406
1974-02-09,96,She's Gone,Daryl Hall John Oates,96.0,96,406
1976-01-31,91,Sara Smile,Daryl Hall John Oates,91.0,91,406
2005-12-03,90,Rompe,Daddy Yankee,90.0,90,406
2003-05-03,70,The Remedy (I Won't Worry),Jason Mraz,70.0,70,406
2002-02-16,68,What's Luv?,Fat Joe Featuring Ashanti,68.0,68,406
2006-03-18,94,Savin' Me,Nickelback,94.0,94,406
1999-01-23,80,That Don't Impress Me Much,Shania Twain,80.0,80,406
2020-06-06,100,ily,Surf Mesa Featuring Emilee,100.0,100,406
1987-01-17,86,Hooked On You,Sweet Sensation,86.0,86,406
2004-04-03,75,Meant To Live,Switchfoot,75.0,75,406
2008-10-11,80,Live Your Life,T.I. Featuring Rihanna,80.0,80,406
2013-10-19,67,My Hitta,YG Featuring Jeezy & Rich Homie Quan,67.0,67,406
1999-02-20,67,No Scrubs,TLC,67.0,67,406
2005-11-19,84,Grillz,"Nelly Featuring Paul Wall, Ali & Gipp",84.0,84,406
2013-12-14,75,This Is How We Roll,Florida Georgia Line Ft. Jason Derulo & Luke Bryan,86.0,75,406
1977-10-15,87,Falling,LeBlanc & Carr,87.0,87,406
1977-05-07,93,On And On,Stephen Bishop,92.0,93,406
2008-03-29,85,Lollipop,Lil Wayne Featuring Static Major,85.0,85,406
1983-05-14,86,When I'm With You,Sheriff,86.0,86,406
2000-09-30,99,He Loves U Not,Dream,99.0,99,406
2011-07-23,85,Work Out,J. Cole,98.0,85,406
1997-07-12,77,Invisible Man,98 Degrees,77.0,77,406
2004-11-27,65,How We Do,The Game Featuring 50 Cent,65.0,65,406
2003-09-06,84,Stand Up,Ludacris Featuring Shawnna,84.0,84,406
2007-09-29,94,Sweetest Girl (Dollar Bill),"Wyclef Jean Featuring Akon, Lil Wayne & Niia",94.0,94,406
1958-12-22,88,The Little Drummer Boy,The Harry Simeone Chorale,88.0,88,406
1992-10-03,94,Rump Shaker,Wreckx-N-Effect,94.0,94,406
1982-03-06,86,Don't You Want Me,The Human League,86.0,86,406
1989-09-23,70,Back To Life,Soul II Soul,70.0,70,406
1980-11-08,89,I Love A Rainy Night,Eddie Rabbitt,89.0,89,406
2000-01-29,74,Thong Song,Sisqo,74.0,74,406
1992-04-11,75,Baby Got Back,Sir Mix-A-Lot,75.0,75,406
1997-11-15,90,Deja Vu [Uptown Baby],Lord Tariq & Peter Gunz,90.0,90,406
1974-03-30,96,One Hell Of A Woman,Mac Davis,96.0,96,406
2010-10-23,93,Stereo Love,Edward Maya & Vika Jigulina,93.0,93,406
2006-04-15,95,It's Goin' Down,Yung Joc,95.0,95,406
1986-08-30,86,"In Your Eyes (Theme From ""Say Anything"")",Peter Gabriel,86.0,86,406
2000-09-23,78,Independent Women Part I,Destiny's Child,78.0,78,406
2003-08-02,78,So Far Away,Staind,78.0,78,406
1978-03-04,95,Dance With Me,Peter Brown With Betty Wright,95.0,95,406
2000-12-30,81,Angel,Shaggy Featuring Rayvon,81.0,81,406
1998-12-05,14,Save Tonight,Eagle-Eye Cherry,14.0,14,406
1992-04-04,97,Come & Talk To Me,Jodeci,97.0,97,406
2021-02-27,68,Astronaut In The Ocean,Masked Wolf,68.0,68,406
2006-04-08,98,Snap Yo Fingers,Lil Jon Featuring E-40 & Sean Paul Of The YoungBloodZ,98.0,98,406
2012-06-09,89,Don't Wake Me Up,Chris Brown,88.0,89,406
2010-09-04,12,Just A Dream,Nelly,12.0,12,406
1959-02-09,99,Venus,Frankie Avalon,99.0,99,406
1993-10-09,83,Dreams,Gabrielle,83.0,83,406
2020-03-28,98,Savage,Megan Thee Stallion,98.0,98,406
1999-11-13,74,That's The Way It Is,Celine Dion,74.0,74,406
1982-04-24,82,Hurts So Good,John Cougar,82.0,82,406
2017-06-10,42,Strip That Down,Liam Payne Featuring Quavo,42.0,42,406
2003-11-01,69,It's My Life,No Doubt,69.0,69,406
2016-07-30,89,You Was Right,Lil Uzi Vert,89.0,89,406
1999-06-19,78,She's So High,Tal Bachman,78.0,78,406
2012-07-28,85,Thinkin Bout You,Frank Ocean,85.0,85,406
1993-10-23,65,Please Forgive Me,Bryan Adams,65.0,65,406
2005-09-17,88,We Be Burnin',Sean Paul,88.0,88,406
2007-12-15,85,Say,John Mayer,85.0,85,406
2004-10-23,73,I Don't Want To Be,Gavin DeGraw,73.0,73,406
1980-11-29,88,Keep On Loving You,REO Speedwagon,88.0,88,406
2001-03-24,99,What Would You Do?,City High,99.0,99,406
1997-01-25,32,Can't Nobody Hold Me Down,Puff Daddy (Featuring Mase),32.0,32,406
2015-10-03,43,Same Old Love,Selena Gomez,43.0,43,406
1998-12-05,63,Angel,Sarah McLachlan,63.0,63,406
2004-06-19,58,Diary,Alicia Keys Featuring Tony! Toni! Tone!,58.0,58,406
1988-09-03,96,"Kokomo (From""Cocktail"" )",The Beach Boys,96.0,96,406
2016-09-24,96,Caroline,Amine,96.0,96,406
1977-10-29,90,"Dance, Dance, Dance (Yowsah, Yowsah, Yowsah)",Chic,90.0,90,406
2017-11-04,87,Let You Down,NF,87.0,87,396
2017-10-28,95,Lights Down Low,MAX Featuring gnash,95.0,95,395
1962-09-08,72,Monster Mash,"Bobby ""Boris"" Pickett And The Crypt-Kickers",72.0,72,381
2009-01-10,71,Kiss Me Thru The Phone,Soulja Boy Tell 'em Featuring Sammie,71.0,71,378
1988-08-20,94,"Wild, Wild West",The Escape Club,94.0,94,378
2019-04-06,95,Pop Out,Polo G Featuring Lil Tjay,95.0,95,378
1981-03-07,86,A Woman Needs Love (Just Like You Do),Ray Parker Jr. & Raydio,86.0,86,378
2018-08-18,79,Trip,Ella Mai,79.0,79,378
2009-09-12,74,Paparazzi,Lady Gaga,74.0,74,378
2003-08-23,68,Step In The Name Of Love,R. Kelly,68.0,68,378
2010-03-20,92,Bulletproof,La Roux,92.0,92,378
2014-12-13,94,Time Of Our Lives,Pitbull & Ne-Yo,87.0,94,378
2008-05-24,91,Dangerous,Kardinal Offishall Featuring Akon,91.0,91,378
1975-12-27,85,"December, 1963 (Oh, What a Night)",The 4 Seasons,85.0,85,378
1989-09-30,90,Love Song,Tesla,90.0,90,378
1994-08-13,79,"December 1963 (Oh, What A Night)",The 4 Seasons,79.0,79,378
2017-06-03,92,Whatever It Takes,Imagine Dragons,87.0,92,378
2020-11-14,8,34+35,Ariana Grande,8.0,8,378
2018-08-04,37,Natural,Imagine Dragons,37.0,37,378
2018-08-18,60,Beautiful,Bazzi Featuring Camila Cabello,60.0,60,378
1976-04-17,83,Love Is Alive,Gary Wright,83.0,83,378
1977-02-19,90,Angel In Your Arms,Hot,90.0,90,378
2018-05-05,3,No Tears Left To Cry,Ariana Grande,3.0,3,378
1997-08-30,80,No Tengo Dinero,Los Umbrellos,80.0,80,378
2004-12-25,74,Rich Girl,Gwen Stefani Featuring Eve,74.0,74,378
1993-11-27,89,Cantaloop (Flip Fantasia),US3,89.0,89,378
1990-02-17,92,Sending All My Love,Linear,92.0,92,378
2008-04-26,97,Take A Bow,Rihanna,97.0,97,378
1998-08-08,91,The Rockafeller Skank,Fatboy Slim,91.0,91,378
1978-12-16,87,I Will Survive,Gloria Gaynor,87.0,87,378
1992-09-05,95,What About Your Friends,TLC,95.0,95,378
2002-12-07,63,I'm With You,Avril Lavigne,63.0,63,378
1977-12-10,65,Stayin' Alive,Bee Gees,65.0,65,378
2006-10-07,79,Fergalicious,Fergie,79.0,79,378
1996-09-07,73,Pony,Ginuwine,73.0,73,378
2009-06-06,50,Imma Be,The Black Eyed Peas,93.0,50,378
1994-10-22,94,Before I Let You Go,BLACKstreet,94.0,94,378
1987-05-02,91,Heart And Soul,T'Pau,91.0,91,378
2017-10-28,72,Heaven,Kane Brown,82.0,72,378
1979-05-19,85,Sad Eyes,Robert John,85.0,85,378
1992-02-01,92,Save The Best For Last,Vanessa Williams,92.0,92,378
2015-01-31,73,Uma Thurman,Fall Out Boy,73.0,73,378
1989-09-02,84,Love Shack,The B-52s,84.0,84,378
2005-06-11,97,Pon de Replay,Rihanna,97.0,97,378
1982-11-27,80,Twilight Zone,Golden Earring,80.0,80,378
2020-08-22,73,Kings & Queens,Ava Max,73.0,73,378
2010-09-25,75,Only Girl (In The World),Rihanna,75.0,75,378
2018-10-27,5,MIA,Bad Bunny Featuring Drake,5.0,5,378
2007-08-11,47,Stronger,Kanye West,47.0,47,378
2004-12-11,76,Caught Up,Usher,76.0,76,378
2005-08-06,98,Wake Me Up When September Ends,Green Day,98.0,98,378
2002-09-07,94,Love Of My Life (An Ode To Hip Hop),Erykah Badu Featuring Common,94.0,94,378
2008-06-14,13,Got Money,Lil Wayne Featuring T-Pain,13.0,13,378
1977-05-07,89,(your Love Has Lifted Me) Higher And Higher,Rita Coolidge,89.0,89,378
1977-07-23,93,Boogie Nights,Heatwave,93.0,93,378
2015-08-08,85,Locked Away,R. City Featuring Adam Levine,85.0,85,378
1991-03-16,77,I'll Never Let You Go,Steelheart,77.0,77,378
1986-02-15,85,Something About You,Level 42,85.0,85,378
1994-12-10,79,If You Love Me,Brownstone,79.0,79,378
2019-03-16,85,Whiskey Glasses,Morgan Wallen,85.0,85,378
2019-02-02,26,Middle Child,J. Cole,26.0,26,378
2000-08-12,85,Most Girls,P!nk,85.0,85,378
1975-03-08,100,"Black Superman - ""Muhammad Ali""",Johnny Wakelin & The Kinshasa Band,100.0,100,378
2011-02-19,11,Look At Me Now,Chris Brown Featuring Lil Wayne & Busta Rhymes,11.0,11,378
2010-07-17,87,Deuces,Chris Brown Featuring Tyga & Kevin McCall,87.0,87,378
2002-11-23,62,Beautiful,Christina Aguilera,62.0,62,378
2007-12-22,94,See You Again,Miley Cyrus,94.0,94,378
1998-01-31,41,Make Em' Say Uhh!,"Master P Feat. Fiend, Silkk The Shocker, Mia X & Mystikal",41.0,41,378
2016-12-24,100,Rockabye,Clean Bandit Featuring Sean Paul & Anne-Marie,100.0,100,378
1981-02-21,80,I Love You,Climax Blues Band,80.0,80,378
2009-01-31,88,Day 'N' Nite,Kid Cudi,88.0,88,378
2015-05-09,96,Flex (Ooh Ooh Ooh),Rich Homie Quan,96.0,96,378
1994-01-22,57,Now And Forever,Richard Marx,57.0,57,378
2012-07-21,58,Blow Me (One Last Kiss),P!nk,58.0,58,378
2016-10-01,96,Black Beatles,Rae Sremmurd Featuring Gucci Mane,96.0,96,378
1992-10-17,54,If I Ever Fall In Love,Shai,54.0,54,378
1994-11-12,84,The Rhythm Of The Night,Corona,84.0,84,378
2001-06-09,69,Fill Me In,Craig David,69.0,69,378
2016-01-23,81,Oui,Jeremih,81.0,81,378
1982-01-23,88,867-5309/jenny,Tommy Tutone,88.0,88,378
2006-10-21,87,We Fly High,Jim Jones,87.0,87,378
1959-10-12,83,Running Bear,Johnny Preston,83.0,83,378
1988-04-09,92,The Flame,Cheap Trick,92.0,92,378
2006-04-29,94,Me & U,Cassie,94.0,94,378
1993-02-06,94,I'm So Into You,SWV,94.0,94,378
2010-10-23,82,The Lazy Song,Bruno Mars,98.0,82,378
1992-11-07,87,No Ordinary Love,Sade,87.0,87,378
1983-10-08,94,On The Dark Side,John Cafferty & The Beaver Brown Band,94.0,94,378
1988-02-27,90,Naughty Girls (Need Love Too),Samantha Fox,90.0,90,378
2018-12-29,91,Envy Me,Calboy,91.0,91,378
1998-05-30,23,The Boy Is Mine,Brandy & Monica,23.0,23,378
2012-11-03,96,Sweet Nothing,Calvin Harris Featuring Florence Welch,97.0,96,378
1985-10-19,95,Conga,Miami Sound Machine,95.0,95,378
1982-08-21,88,Steppin' Out,Joe Jackson,88.0,88,378
2019-12-21,82,My Oh My,Camila Cabello Featuring DaBaby,82.0,82,378
1994-11-19,14,On Bended Knee,Boyz II Men,14.0,14,378
1977-11-19,86,Emotion,Samantha Sang,86.0,86,378
1979-10-20,86,Do That To Me One More Time,Captain & Tennille,86.0,86,378
1976-11-06,89,I Like Dreamin',Kenny Nolan,89.0,89,378
1998-05-30,28,Adia,Sarah McLachlan,28.0,28,378
1982-07-10,83,Who Can It Be Now?,Men At Work,83.0,83,378
2016-06-11,96,Gold,Kiiara,96.0,96,378
2005-06-04,87,Listen To Your Heart,D.H.T.,87.0,87,378
2001-11-17,84,Always On Time,Ja Rule Featuring Ashanti,84.0,84,378
2004-07-31,99,On The Way Down,Ryan Cabrera,99.0,99,378
2009-01-31,98,Blame It,Jamie Foxx Featuring T-Pain,98.0,98,378
1999-10-09,76,Meet Virginia,Train,76.0,76,378
2000-02-19,68,I Try,Macy Gray,68.0,68,378
1996-09-21,44,If It Makes You Happy,Sheryl Crow,44.0,44,378
1984-12-01,82,Missing You,Diana Ross,82.0,82,378
2010-04-17,92,Billionaire,Travie McCoy Featuring Bruno Mars,92.0,92,378
1981-07-11,54,Endless Love,Diana Ross & Lionel Richie,54.0,54,378
2019-11-23,56,Heart On Ice,Rod Wave,56.0,56,378
2003-09-06,76,Walked Outta Heaven,Jagged Edge,76.0,76,378
1982-09-04,83,Mickey,Toni Basil,83.0,83,378
2014-03-01,96,Classic,MKTO,96.0,96,378
1998-09-12,36,Lately,Divine,36.0,36,378
2003-05-24,58,Crazy In Love,Beyonce Featuring Jay Z,58.0,58,378
1995-04-29,96,I Wish,Skee-Lo,96.0,96,378
2008-11-01,72,Single Ladies (Put A Ring On It),Beyonce,72.0,72,378
1988-08-27,80,The Loco-Motion,Kylie Minogue,80.0,80,378
1993-01-30,95,"Nuthin' But A ""G"" Thang",Dr. Dre,95.0,95,378
2000-12-23,95,Put It On Me,Ja Rule Featuring Lil' Mo & Vita,95.0,95,378
1995-01-28,88,Hold On,Jamie Walters,88.0,88,378
2010-05-29,2,California Gurls,Katy Perry Featuring Snoop Dogg,2.0,2,378
1981-05-30,76,Queen Of Hearts,Juice Newton,76.0,76,378
1993-07-24,57,If,Janet Jackson,57.0,57,378
2001-12-29,74,Ain't It Funny,Jennifer Lopez Featuring Ja Rule,74.0,74,378
2016-10-29,56,Don't Wanna Know,Maroon 5 Featuring Kendrick Lamar,56.0,56,378
2002-06-01,93,Heaven,DJ Sammy & Yanou Featuring Do,93.0,93,378
1975-06-21,85,Send In The Clowns,Judy Collins,85.0,85,378
2019-11-30,100,RITMO (Bad Boys For Life),Black Eyed Peas X J Balvin,98.0,100,378
2013-07-27,8,Holy Grail,Jay Z Featuring Justin Timberlake,8.0,8,378
2021-05-08,59,Wockesha,Moneybagg Yo,59.0,59,378
1993-07-31,64,The River Of Dreams,Billy Joel,64.0,64,378
1995-12-02,1,One Sweet Day,Mariah Carey & Boyz II Men,1.0,1,378
1977-11-12,89,Just The Way You Are,Billy Joel,89.0,89,378
1982-07-03,77,Hot In The City,Billy Idol,77.0,77,378
2011-09-17,37,Turn Me On,David Guetta Featuring Nicki Minaj,37.0,37,378
2011-04-23,68,Dirt Road Anthem,Jason Aldean,68.0,68,378
2020-11-21,94,Therefore I Am,Billie Eilish,94.0,94,378
2015-10-03,97,Hide Away,Daya,100.0,97,378
1994-08-27,89,"New Age Girl (From ""Dumb And Dumber"")",Deadeye Dick,89.0,89,378
2016-08-13,2,Cold Water,Major Lazer Featuring Justin Bieber & MO,2.0,2,378
2014-11-15,76,Wildest Dreams,Taylor Swift,15.0,76,378
1989-12-23,78,Here And Now,Luther Vandross,78.0,78,378
2011-08-13,96,Rumour Has It,Adele,96.0,96,378
2008-10-18,10,Gotta Be Somebody,Nickelback,10.0,10,378
1995-04-01,88,Total Eclipse Of The Heart,Nicki French,88.0,88,378
1976-07-04,86,I Never Cry,Alice Cooper,86.0,86,378
1980-06-14,71,All Out Of Love,Air Supply,71.0,71,378
2005-03-26,87,Just A Lil Bit,50 Cent,87.0,87,378
2000-05-06,85,Absolutely (Story Of A Girl),Nine Days,85.0,85,378
1991-03-09,32,The Star Spangled Banner,Whitney Houston,32.0,32,378
1985-07-13,91,Take On Me,a-ha,91.0,91,378
2015-12-12,79,Send My Love (To Your New Lover),Adele,26.0,79,378
2004-06-12,97,Locked Up,Akon Featuring Styles P.,97.0,97,378
2012-11-17,73,F**kin Problems,"A$AP Rocky Featuring Drake, 2 Chainz & Kendrick Lamar",73.0,73,378
2017-09-09,34,I Get The Bag,Gucci Mane Featuring Migos,34.0,34,360
1987-02-14,88,The Lady In Red,Chris de Burgh,88.0,88,351
2017-05-06,14,Loyalty.,Kendrick Lamar Featuring Rihanna,14.0,14,351
1993-04-24,58,Weak,SWV,58.0,58,351
2006-09-30,71,Welcome To The Black Parade,My Chemical Romance,71.0,71,351
1960-05-16,81,Finger Poppin' Time,Hank Ballard And The Midnighters,81.0,81,351
2006-04-22,24,Dani California,Red Hot Chili Peppers,24.0,24,351
2013-02-23,99,Bad,Wale Featuring Tiara Thomas Or Rihanna,70.0,99,351
2020-12-19,30,On Me,Lil Baby,30.0,30,351
2013-06-22,11,We Can't Stop,Miley Cyrus,11.0,11,351
2000-06-24,77,Incomplete,Sisqo,77.0,77,351
2016-05-07,42,Just Like Fire,P!nk,42.0,42,351
2009-05-02,97,Please Don't Leave Me,P!nk,97.0,97,351
2011-11-05,74,A Thousand Years,Christina Perri,74.0,74,351
1998-06-06,64,When The Lights Go Out,Five,64.0,64,351
2016-05-21,34,Controlla,Drake,34.0,34,351
2021-05-01,91,Chasing After You,Ryan Hurd With Maren Morris,91.0,91,351
2015-08-29,33,Again,Fetty Wap,33.0,33,351
1988-07-23,86,Don't Be Cruel,Bobby Brown,86.0,86,351
1989-01-07,83,Girl You Know It's True,Milli Vanilli,83.0,83,351
2009-08-29,80,Evacuate The Dancefloor,Cascada,80.0,80,351
2005-04-23,97,Don't Phunk With My Heart,The Black Eyed Peas,97.0,97,351
1992-05-16,83,Life Is A Highway,Tom Cochrane,83.0,83,351
2013-01-26,84,Suit & Tie,Justin Timberlake Featuring JAY Z,84.0,84,351
2000-09-30,68,This I Promise You,'N Sync,68.0,68,351
1989-09-30,72,Don't Know Much,Linda Ronstadt (Featuring Aaron Neville),72.0,72,351
2007-04-21,84,Makes Me Wonder,Maroon 5,84.0,84,351
1981-05-09,85,"Theme From ""Greatest American Hero"" (Believe It or Not)",Joey Scarbury,85.0,85,351
2018-10-13,27,Taki Taki,"DJ Snake Featuring Selena Gomez, Ozuna & Cardi B",27.0,27,351
2002-08-31,70,Cry,Faith Hill,70.0,70,351
1983-10-08,90,Talking In Your Sleep,The Romantics,90.0,90,351
1979-08-25,86,Please Don't Go,KC And The Sunshine Band,86.0,86,351
2013-02-23,26,My Songs Know What You Did In The Dark (Light Em Up),Fall Out Boy,26.0,26,351
1984-08-18,58,I Just Called To Say I Love You,Stevie Wonder,58.0,58,351
2018-09-29,30,Wake Up In The Sky,Gucci Mane X Bruno Mars X Kodak Black,30.0,30,351
1991-03-23,91,Do You Want Me,Salt-N-Pepa,91.0,91,351
2002-09-14,75,Work It,"Missy ""Misdemeanor"" Elliott",75.0,75,351
2002-09-07,75,dontchange,Musiq,75.0,75,351
2020-06-13,90,One Of Them Girls,Lee Brice,90.0,90,351
1992-06-20,99,Please Don't Go,K.W.S.,99.0,99,351
1984-06-16,86,The Glamorous Life,Sheila E.,86.0,86,351
2010-08-28,92,Like A G6,Far*East Movement Featuring Cataracs & Dev,92.0,92,351
2008-09-20,96,Green Light,John Legend Featuring Andre 3000,96.0,96,351
2013-04-13,10,The Way,Ariana Grande Featuring Mac Miller,10.0,10,351
1971-05-22,100,I've Found Someone Of My Own,The Free Movement,100.0,100,351
1994-03-05,60,The Most Beautiful Girl In The World,Prince,60.0,60,351
1992-04-04,80,Under The Bridge,Red Hot Chili Peppers,80.0,80,351
1994-12-31,81,Strong Enough,Sheryl Crow,81.0,81,351
2015-02-07,94,Somebody,Natalie La Rose Featuring Jeremih,94.0,94,351
2019-11-16,34,Roxanne,Arizona Zervas,34.0,34,351
1990-08-04,86,I Don't Have The Heart,James Ingram,86.0,86,351
2012-10-13,16,Diamonds,Rihanna,16.0,16,351
1993-07-31,88,Cryin',Aerosmith,88.0,88,351
1981-10-03,66,Physical,Olivia Newton-John,66.0,66,351
1959-08-24,59,Mack The Knife,Bobby Darin,59.0,59,351
1993-08-28,87,What Is Love,Haddaway,87.0,87,351
2009-02-14,74,Right Round,Flo Rida,74.0,74,351
1986-11-15,95,You Got It All,The Jets,95.0,95,351
1996-12-21,96,Naked Eye,Luscious Jackson,96.0,96,351
1994-07-30,86,Never Lie,Immature,86.0,86,351
1988-04-02,80,I Still Believe,Brenda K. Starr,80.0,80,351
2006-01-28,98,Who Says You Can't Go Home,Bon Jovi,98.0,98,351
1993-06-12,87,Runaway Train,Soul Asylum,87.0,87,351
2009-10-31,97,Tie Me Down,New Boyz Featuring Ray J,97.0,97,351
1960-08-08,75,Never On Sunday,Don Costa And His Orchestra And Chorus,75.0,75,351
1995-05-06,66,Every Little Thing I Do,Soul For Real,66.0,66,351
1977-04-16,93,Whatcha Gonna Do?,Pablo Cruise,93.0,93,351
1988-11-19,97,You Got It (The Right Stuff),New Kids On The Block,97.0,97,351
1978-10-21,87,Y.M.C.A.,Village People,87.0,87,351
2013-11-23,16,Say Something,A Great Big World & Christina Aguilera,16.0,16,351
1984-09-08,73,I Feel For You,Chaka Khan,73.0,73,351
2003-10-04,71,Read Your Mind,Avant,71.0,71,351
1980-11-29,73,9 To 5,Dolly Parton,73.0,73,351
1987-11-21,79,I Found Someone,Cher,79.0,79,351
2008-02-16,77,Sexy Can I,Ray J & Yung Berg,77.0,77,351
2005-07-30,66,Shake It Off,Mariah Carey,66.0,66,351
1990-09-15,73,Love Takes Time,Mariah Carey,73.0,73,351
2004-05-01,73,Move Ya Body,Nina Sky Featuring Jabba,73.0,73,351
2016-06-04,86,No Problem,Chance The Rapper Featuring Lil Wayne & 2 Chainz,97.0,86,351
1997-03-15,79,I Belong To You (Every Time I See Your Face),Rome,79.0,79,351
2015-12-19,89,One Call Away,Charlie Puth,89.0,89,351
1978-07-15,88,You Needed Me,Anne Murray,88.0,88,351
1992-08-22,83,Would I Lie To You?,Charles & Eddie,83.0,83,351
2010-12-04,97,Blow,Ke$ha,96.0,97,351
1995-11-11,62,Time,Hootie & The Blowfish,62.0,62,351
2012-05-26,45,No Lie,2 Chainz Featuring Drake,45.0,45,351
2012-06-09,35,Wide Awake,Katy Perry,35.0,35,351
1990-07-07,93,(Can't Live Without Your) Love And Affection,Nelson,93.0,93,351
1961-10-09,93,Moon River,Henry Mancini And His Orchestra,93.0,93,351
2015-11-14,1,Hello,Adele,1.0,1,351
2002-06-08,55,I Need A Girl (Part Two),"P. Diddy & Ginuwine Featuring Loon, Mario Winans & Tammy Ruggeri",55.0,55,351
1964-03-14,55,Twist And Shout,The Beatles,55.0,55,351
2019-03-02,80,Talk You Out Of It,Florida Georgia Line,80.0,80,351
2003-11-15,92,Salt Shaker,Ying Yang Twins Featuring Lil Jon & The East Side Boyz,92.0,92,351
1999-10-30,83,Then The Morning Comes,Smash Mouth,83.0,83,351
2000-07-01,76,No More,Ruff Endz,76.0,76,351
1988-07-30,83,"Don't Worry, Be Happy (From ""Cocktail"")",Bobby McFerrin,83.0,83,351
2007-09-29,100,Kiss Kiss,Chris Brown Featuring T-Pain,100.0,100,351
2013-08-10,56,Love More,Chris Brown Featuring Nicki Minaj,56.0,56,351
2016-04-23,98,Never Be Like You,Flume Featuring Kai,98.0,98,351
2004-01-24,68,Dirt Off Your Shoulder,JAY-Z,68.0,68,351
2002-02-09,65,U Don't Have To Call,Usher,65.0,65,351
2004-09-11,29,My Boo,Usher And Alicia Keys,29.0,29,351
2017-01-07,99,Swang,Rae Sremmurd,99.0,99,351
2014-10-11,77,No Type,Rae Sremmurd,77.0,77,351
2007-02-24,87,Give It To Me,Timbaland Featuring Nelly Furtado & Justin Timberlake,87.0,87,351
2009-12-19,75,Carry Out,Timbaland Featuring Justin Timberlake,75.0,75,351
2013-02-02,96,Wagon Wheel,Darius Rucker,95.0,96,351
2019-08-31,26,Hot,Young Thug Featuring Gunna,26.0,26,351
2002-05-04,49,Hot In Herre,Nelly,49.0,49,351
1997-02-01,19,Every Time I Close My Eyes,Babyface,19.0,19,351
1976-09-11,90,You Don't Have To Be A Star (To Be In My Show),"Marilyn McCoo & Billy Davis, Jr.",90.0,90,351
1980-06-14,88,Fame,Irene Cara,88.0,88,351
1997-08-30,69,My Love Is The Shhh!,Somethin' For The People Featuring Trina & Tamara,69.0,69,351
2006-12-30,100,The Way I Live,Baby Boy Da Prince Featuring Lil Boosie,100.0,100,351
2000-04-08,80,Purest Of Pain (A Puro Dolor),Son By Four,80.0,80,351
2003-06-14,67,Into You,Fabolous Featuring Tamia Or Ashanti,67.0,67,351
1993-10-16,59,Can We Talk,Tevin Campbell,59.0,59,351
1995-10-21,84,Set U Free,Planet Soul,84.0,84,351
2018-11-03,54,Money,Cardi B,54.0,54,351
2020-03-28,71,Death Bed,Powfu Featuring beabadoobee,71.0,71,351
2004-02-07,99,Dude,Beenie Man Featuring Ms. Thing,99.0,99,351
1959-04-27,87,Robbin' The Cradle,Tony Bellus,87.0,87,351
1984-08-11,85,Caribbean Queen (No More Love On The Run),Billy Ocean,85.0,85,351
1990-10-06,75,From A Distance,Bette Midler,75.0,75,351
2015-02-07,99,Slow Motion,Trey Songz,96.0,99,351
2001-01-06,73,Stutter,Joe Featuring Mystikal,73.0,73,351
1989-10-14,94,If You Leave Me Now,Jaya,94.0,94,351
2005-09-24,90,I Think They Like Me,"Dem Franchize Boyz Featuring Jermaine Dupri, Da Brat & Bow Wow",90.0,90,351
1991-11-23,93,I Love Your Smile,Shanice,93.0,93,351
1992-02-08,81,Tears In Heaven,Eric Clapton,81.0,81,351
2019-07-13,26,Beautiful People,Ed Sheeran Featuring Khalid,26.0,26,351
2005-10-22,85,Stickwitu,The Pussycat Dolls,85.0,85,351
1988-06-25,91,I Hate Myself For Loving You,Joan Jett & the Blackhearts,91.0,91,351
1980-07-26,83,He's So Shy,The Pointer Sisters,83.0,83,351
2006-05-20,64,Promiscuous,Nelly Furtado Featuring Timbaland,64.0,64,351
1998-08-08,82,Touch It,Monifah,82.0,82,351
1977-08-13,90,Don't It Make My Brown Eyes Blue,Crystal Gayle,90.0,90,351
1976-04-17,99,Kiss And Say Goodbye,The Manhattans,99.0,99,351
2014-05-17,24,A Sky Full Of Stars,Coldplay,24.0,24,351
1968-01-13,74,Sunshine Of Your Love,Cream,74.0,74,351
2002-06-22,91,If I Could Go!,Angie Martinez Featuring Lil' Mo & Sacario,91.0,91,351
2011-06-18,59,International Love,Pitbull Featuring Chris Brown,92.0,59,351
1993-04-24,96,What's Up,4 Non Blondes,96.0,96,351
2018-05-26,50,Back To You,Selena Gomez,50.0,50,351
2012-04-14,65,Heart Attack,Trey Songz,99.0,65,351
2012-02-25,90,Feel So Close,Calvin Harris,90.0,90,351
2014-04-05,69,Summer,Calvin Harris,69.0,69,351
1981-03-28,80,Bette Davis Eyes,Kim Carnes,80.0,80,351
2016-12-10,48,I Feel It Coming,The Weeknd Featuring Daft Punk,48.0,48,351
2016-01-09,94,Really Really,Kevin Gates,94.0,94,351
2005-10-01,98,Laffy Taffy,D4L,98.0,98,351
1993-07-03,88,Another Sad Love Song,Toni Braxton,88.0,88,351
2000-05-13,98,Desert Rose,Sting Featuring Cheb Mami,98.0,98,351
1980-11-15,81,The Tide Is High,Blondie,81.0,81,351
2000-02-12,15,Maria Maria,Santana Featuring The Product G&B,15.0,15,351
2007-05-26,48,First Time,Lifehouse,48.0,48,351
1994-05-21,86,"Can You Feel The Love Tonight (From ""The Lion King"")",Elton John,86.0,86,351
1994-03-05,87,Return To Innocence,Enigma,87.0,87,351
2010-08-28,22,Bottoms Up,Trey Songz Featuring Nicki Minaj,22.0,22,351
1986-07-26,90,All Cried Out,Lisa Lisa And Cult Jam With Full Force Featuring Paul Anthony & Bow Legged Lou,90.0,90,351
1989-05-13,94,Once Bitten Twice Shy,Great White,94.0,94,351
2005-01-22,100,Sugar (Gimme Some),"Trick Daddy Featuring Ludacris, Lil' Kim & Cee-Lo",100.0,100,351
2008-12-20,88,That's Not My Name,The Ting Tings,96.0,88,351
2015-09-26,75,Antidote,Travis Scott,75.0,75,351
1976-04-17,82,Get Closer,Seals & Crofts (Featuring Carolyn Willis),82.0,82,351
1994-04-02,35,"I'll Remember (From ""With Honors"")",Madonna,35.0,35,351
2011-12-10,65,Where Have You Been,Rihanna,78.0,65,351
2007-09-15,98,Hate That I Love You,Rihanna Featuring Ne-Yo,98.0,98,351
2006-08-19,87,Through Glass,Stone Sour,87.0,87,351
1983-05-14,90,Sweet Dreams (Are Made Of This),Eurythmics,90.0,90,351
1980-11-22,82,The Winner Takes It All,ABBA,82.0,82,351
2016-08-20,97,Chill Bill,Rob $tone Featuring J. Davi$ & Spooks,97.0,97,351
2015-07-11,9,Good For You,Selena Gomez Featuring A$AP Rocky,9.0,9,351
2008-02-23,86,Realize,Colbie Caillat,86.0,86,351
2005-08-27,100,I'm Sprung,T-Pain,100.0,100,351
2010-12-04,53,S&M,Rihanna Featuring Britney Spears,90.0,53,351
2017-09-23,97,Sky Walker,Miguel Featuring Travis Scott,96.0,97,338
2017-09-09,53,Roll In Peace,Kodak Black Featuring XXXTENTACION,53.0,53,333
2000-11-04,96,No More (Baby I'ma Do Right),3LW,96.0,96,325
1990-05-05,61,Hold On,En Vogue,61.0,61,325
1983-04-02,77,Flashdance...What A Feeling,Irene Cara,77.0,77,325
1990-12-22,92,One More Try,Timmy T.,92.0,92,325
1993-07-03,78,I Get Around,2Pac,78.0,78,325
1980-06-21,90,Drivin' My Life Away,Eddie Rabbitt,90.0,90,325
1983-07-30,62,Making Love Out Of Nothing At All,Air Supply,62.0,62,325
2014-08-16,96,Hot Boy,Bobby Shmurda,96.0,96,325
2008-03-01,83,Love In This Club,Usher Featuring Young Jeezy,83.0,83,325
1993-08-07,84,Sweat (A La La La La Long),Inner Circle,84.0,84,325
1993-01-09,79,Informer,Snow,79.0,79,325
1995-06-10,62,I Got 5 On It,Luniz,62.0,62,325
1997-08-30,40,All Cried Out,Allure Featuring 112,40.0,40,325
1976-06-19,96,Play That Funky Music,Wild Cherry,96.0,96,325
1963-03-23,74,Surfin' U.S.A.,The Beach Boys,74.0,74,325
2014-12-27,95,No Role Modelz,J. Cole,91.0,95,325
1983-08-27,58,Islands In The Stream,Kenny Rogers Duet With Dolly Parton,58.0,58,325
1990-04-07,67,"It Must Have Been Love (From ""Pretty Woman"")",Roxette,67.0,67,325
1999-04-10,78,Fortunate,Maxwell,78.0,78,325
1979-12-15,82,"Working My Way Back To You/Forgive Me, Girl",The Spinners,82.0,82,325
2020-06-13,78,Got What I Got,Jason Aldean,78.0,78,325
2005-02-26,97,Baby I'm Back,Baby Bash Featuring Akon,97.0,97,325
1988-07-16,90,What's On Your Mind (Pure Energy),Information Society,90.0,90,325
1988-09-10,83,Waiting For A Star To Fall,Boy Meets Girl,83.0,83,325
2007-06-02,96,The Great Escape,Boys Like Girls,96.0,96,325
2020-10-10,95,Good Time,Niko Moon,84.0,95,325
2012-04-14,91,Time Is Love,Josh Turner,91.0,91,325
1976-03-13,98,"More, More, More Pt. 1",Andrea True Connection,98.0,98,325
1982-07-03,85,Eye In The Sky,The Alan Parsons Project,85.0,85,325
1997-05-10,83,ESPN Presents The Jock Jam,Various Artists,83.0,83,325
2004-05-22,94,Turn Me On,Kevin Lyttle Featuring Spragga Benz,94.0,94,325
1974-03-23,84,You Make Me Feel Brand New,The Stylistics,84.0,84,325
2015-08-08,68,Where Ya At,Future Featuring Drake,68.0,68,325
1981-11-07,70,Centerfold,The J. Geils Band,70.0,70,325
2014-06-21,62,Boom Clap,Charli XCX,62.0,62,325
1995-09-30,1,Fantasy,Mariah Carey,1.0,1,325
1991-11-09,93,Tell Me What You Want Me To Do,Tevin Campbell,93.0,93,325
1988-12-03,79,Straight Up,Paula Abdul,79.0,79,325
1994-06-04,75,Fantastic Voyage,Coolio,75.0,75,325
2017-03-04,87,Rolex,Ayo & Teo,87.0,87,325
1985-09-07,87,Perfect Way,Scritti Politti,87.0,87,325
1991-06-01,91,Wind Of Change,Scorpions,91.0,91,325
1994-02-05,59,Bump N' Grind,R. Kelly,59.0,59,325
1987-10-24,93,Need You Tonight,INXS,93.0,93,325
2020-02-01,58,P*$$y Fairy (OTW),Jhene Aiko,58.0,58,325
1988-09-03,87,The Promise,When In Rome,87.0,87,325
2010-05-22,1,Not Afraid,Eminem,1.0,1,325
1984-08-04,61,Hard Habit To Break,Chicago,61.0,61,325
1988-09-03,52,Groovy Kind Of Love,Phil Collins,52.0,52,325
1993-11-06,95,"I Can See Clearly Now (From ""Cool Runnings"")",Jimmy Cliff,95.0,95,325
2004-01-03,82,I'm Still In Love With You,Sean Paul Featuring Sasha,82.0,82,325
1978-10-28,82,Le Freak,Chic,82.0,82,325
2009-12-12,36,BedRock,Young Money Featuring Lloyd,36.0,36,325
2007-08-25,94,Over You,Daughtry,94.0,94,325
1995-01-07,71,Candy Rain,Soul For Real,71.0,71,325
1976-08-14,89,Disco Duck (Part I),Rick Dees & His Cast Of Idiots,89.0,89,325
1991-04-13,94,"Right Here, Right Now",Jesus Jones,94.0,94,325
2003-12-20,73,Are You Gonna Be My Girl,Jet,73.0,73,325
1958-08-04,31,Chantilly Lace,Big Bopper,31.0,31,325
2007-11-17,81,Take You There,Sean Kingston,81.0,81,325
2016-01-23,93,2 Phones,Kevin Gates,93.0,93,325
1994-08-13,68,Flava In Ya Ear,Craig Mack,68.0,68,325
2017-02-04,43,T-Shirt,Migos,43.0,43,325
1982-05-29,75,Abracadabra,The Steve Miller Band,75.0,75,325
1988-11-12,88,(It's Just) The Way That You Love Me,Paula Abdul,88.0,88,325
1980-10-04,39,Lady,Kenny Rogers,39.0,39,325
1979-10-06,89,Cruisin',Smokey Robinson,89.0,89,325
2008-10-04,60,Chicken Fried,Zac Brown Band,60.0,60,325
1990-07-28,78,Can't Stop,After 7,78.0,78,325
2019-02-02,81,Pure Water,Mustard & Migos,64.0,81,325
1987-08-01,67,U Got The Look,Prince,67.0,67,325
1989-03-04,81,Close My Eyes Forever,Lita Ford (Duet With Ozzy Osbourne),81.0,81,325
1993-04-17,86,Come Undone,Duran Duran,86.0,86,325
2018-10-27,2,ZEZE,Kodak Black Featuring Travis Scott & Offset,2.0,2,325
2009-09-26,75,Young Forever,Jay-Z + Mr. Hudson,75.0,75,325
1985-07-06,70,Cherish,Kool & The Gang,70.0,70,325
2012-09-08,87,Hall Of Fame,The Script Featuring will.i.am,96.0,87,325
2007-10-27,91,Clumsy,Fergie,91.0,91,325
2006-08-26,96,Money Maker,Ludacris Featuring Pharrell,96.0,96,325
2006-03-11,89,What's Left Of Me,Nick Lachey,89.0,89,325
2000-10-07,75,Beautiful Day,U2,75.0,75,325
2014-09-06,88,Waves,Mr. Probz,88.0,88,325
2019-02-09,90,Con Calma,Daddy Yankee & Katy Perry Featuring Snow,95.0,90,325
1980-01-19,77,Another Brick In The Wall (Part II),Pink Floyd,77.0,77,325
1987-03-07,95,Meet Me Half Way,Kenny Loggins,95.0,95,325
2006-05-27,100,U And Dat,E-40 Featuring T-Pain & Kandi Girl,100.0,100,325
2009-05-30,76,Good Girls Go Bad,Cobra Starship Featuring Leighton Meester,91.0,76,325
1984-09-22,84,Cool It Now,New Edition,84.0,84,325
2011-07-30,65,God Gave Me You,Blake Shelton,65.0,65,325
2019-12-28,79,Nobody But You,Blake Shelton Duet With Gwen Stefani,76.0,79,325
2021-03-20,54,Beautiful Mistakes,Maroon 5 Featuring Megan Thee Stallion,54.0,54,325
1980-02-16,80,Call Me,Blondie,80.0,80,325
2003-01-04,73,How You Gonna Act Like That,Tyrese,73.0,73,325
2018-02-24,6,Look Alive,BlocBoy JB Featuring Drake,6.0,6,325
2011-12-10,94,Rack City,Tyga,94.0,94,325
1993-10-09,68,Shoop,Salt-N-Pepa,68.0,68,325
1999-01-23,84,Sweet Lady,Tyrese,84.0,84,325
1981-07-25,83,For Your Eyes Only,Sheena Easton,83.0,83,325
1987-11-21,76,Push It,Salt-N-Pepa,76.0,76,325
1978-02-11,87,Feels So Good,Chuck Mangione,87.0,87,325
1988-11-05,99,The Lover In Me,Sheena Easton,99.0,99,325
1988-12-03,92,Wild Thing,Tone-Loc,92.0,92,325
2001-08-18,69,Turn Off The Light,Nelly Furtado,69.0,69,325
1997-01-11,65,In My Bed,Dru Hill,65.0,65,325
2001-03-24,65,Get Ur Freak On,"Missy ""Misdemeanor"" Elliott",65.0,65,325
2003-05-31,70,P.I.M.P.,50 Cent,70.0,70,325
2002-03-23,81,halfcrazy,Musiq,81.0,81,325
1984-08-25,75,Strut,Sheena Easton,75.0,75,325
2013-08-10,58,Gas Pedal,Sage The Gemini Featuring IamSu!,58.0,58,325
2018-04-21,1,Nice For What,Drake,1.0,1,325
1988-01-30,81,Angel,Aerosmith,81.0,81,325
2010-03-06,71,There Goes My Baby,Usher,100.0,71,325
2011-08-27,13,Headlines,Drake,13.0,13,325
2004-12-25,70,Some Cut,Trillville Featuring Cutty,70.0,70,325
2011-04-30,55,Motivation,Kelly Rowland Featuring Lil Wayne,55.0,55,325
2018-09-29,96,Leave Me Alone,Flipp Dinero,96.0,96,325
1992-12-12,88,"The Right Kind Of Love (From ""Beverly Hills, 90210"")",Jeremy Jordan,88.0,88,325
1982-12-04,80,Do You Really Want To Hurt Me,Culture Club,80.0,80,325
1990-06-30,91,Tic-Tac-Toe,Kyper,91.0,91,325
2010-12-11,18,Tonight (I'm Lovin' You),Enrique Iglesias Featuring Ludacris & DJ Frank E,18.0,18,325
2017-05-13,87,Do Re Mi,blackbear,87.0,87,325
1985-12-28,85,Let's Go All The Way,Sly Fox,85.0,85,325
1980-03-22,86,The Rose,Bette Midler,86.0,86,325
2004-05-01,48,Confessions Part II,Usher,48.0,48,325
2019-03-02,87,Worth It,YK Osiris,87.0,87,325
1992-06-27,82,All I Want,Toad The Wet Sprocket,82.0,82,325
1993-05-01,89,"Whoot, There It Is",95 South,89.0,89,325
1984-05-12,90,If Ever You're In My Arms Again,Peabo Bryson,90.0,90,325
1993-06-05,96,Baby I'm Yours,Shai,96.0,96,325
2001-09-01,78,Livin' It Up,Ja Rule Featuring Case,78.0,78,325
2000-11-04,57,It Wasn't Me,"Shaggy Feat. Ricardo ""RikRok"" Ducent",57.0,57,325
1981-02-14,89,Being With You,Smokey Robinson,89.0,89,325
1991-05-25,91,I'll Be There,The Escape Club,91.0,91,325
1979-04-14,90,When You're In Love With A Beautiful Woman,Dr. Hook,90.0,90,325
1978-04-15,69,Shadow Dancing,Andy Gibb,69.0,69,325
1982-06-05,73,Eye Of The Tiger,Survivor,73.0,73,325
1990-09-01,68,Feels Good,Tony Toni Tone,68.0,68,325
2011-09-03,90,Brighter Than The Sun,Colbie Caillat,90.0,90,325
2003-06-14,69,Where Is The Love?,The Black Eyed Peas,69.0,69,325
1999-05-15,81,If You Had My Love,Jennifer Lopez,81.0,81,325
1976-12-11,72,"Evergreen (Love Theme From ""A Star Is Born"")",Barbra Streisand,72.0,72,325
2016-11-12,24,Fake Love,Drake,24.0,24,325
2012-12-22,77,Daylight,Maroon 5,77.0,77,325
2008-12-13,53,Sober,P!nk,53.0,53,325
1983-12-17,80,Girls Just Want To Have Fun,Cyndi Lauper,80.0,80,325
1984-05-05,84,I Can Dream About You,Dan Hartman,84.0,84,325
1991-03-23,97,Here I Am (Come And Take Me),UB40,97.0,97,325
1990-09-15,100,The Way You Do The Things You Do,UB40,100.0,100,325
1992-05-09,83,Achy Breaky Heart,Billy Ray Cyrus,83.0,83,325
2014-08-02,89,Lifestyle,Rich Gang Featuring Young Thug & Rich Homie Quan,89.0,89,325
1999-07-03,61,Genie In A Bottle,Christina Aguilera,61.0,61,325
2014-08-09,95,Stolen Dance,Milky Chance,95.0,95,325
2008-03-15,86,What You Got,Colby O'Donis Featuring Akon,86.0,86,325
1998-07-04,69,Crush,Jennifer Paige,69.0,69,325
1987-11-07,88,"Hungry Eyes (From ""Dirty Dancing"")",Eric Carmen,88.0,88,325
2019-11-23,72,Better Together,Luke Combs,69.0,72,325
2018-12-01,98,Close To Me,Ellie Goulding X Diplo Featuring Swae Lee,98.0,98,325
2010-12-11,92,All Of The Lights,Kanye West,88.0,92,325
2000-05-06,82,It's Gonna Be Me,'N Sync,82.0,82,325
1977-09-03,71,You Light Up My Life,Debby Boone,71.0,71,325
1971-03-27,98,Layla,Derek & The Dominos,98.0,98,325
1999-08-14,71,Steal My Sunshine,Len,71.0,71,325
1980-04-26,90,Shining Star,The Manhattans,90.0,90,325
2005-10-08,84,One Wish,Ray J,84.0,84,325
2007-07-14,98,Until The End Of Time,Justin Timberlake Duet With Beyonce,97.0,98,325
2020-04-25,80,Die From A Broken Heart,Maddie & Tae,80.0,80,325
2006-12-23,64,What Goes Around...Comes Around,Justin Timberlake,64.0,64,325
1967-09-02,88,Get Together,The Youngbloods,88.0,88,325
2013-05-04,76,I Need Your Love,Calvin Harris Featuring Ellie Goulding,76.0,76,325
1982-09-11,77,The Look Of Love (Part One),ABC,77.0,77,325
1983-01-22,47,Billie Jean,Michael Jackson,47.0,47,325
2014-11-15,54,Only,"Nicki Minaj Featuring Drake, Lil Wayne & Chris Brown",54.0,54,325
1983-02-26,78,Beat It,Michael Jackson,78.0,78,325
1987-02-14,92,Nothing's Gonna Change My Love For You,Glenn Medeiros,92.0,92,325
1988-12-10,92,My Heart Can't Tell You No,Rod Stewart,92.0,92,325
2004-05-08,68,Jesus Walks,Kanye West,68.0,68,325
2015-08-01,94,Burning House,Cam,94.0,94,325
2020-10-10,96,Put Your Records On,Ritt Momney,93.0,96,325
1980-02-16,81,Cars,Gary Numan,81.0,81,325
1988-01-16,79,Wishing Well,Terence Trent D'Arby,79.0,79,325
1989-05-13,89,I Like It,Dino,89.0,89,325
2000-12-09,69,Crazy,K-Ci & JoJo,69.0,69,325
1977-04-02,98,Undercover Angel,Alan O'Day,98.0,98,325
1980-08-30,85,Whip It,Devo,85.0,85,325
1984-04-14,63,Self Control,Laura Branigan,63.0,63,325
2020-01-18,93,I Hope You're Happy Now,Carly Pearce & Lee Brice,93.0,93,325
1990-03-17,74,Hold On,Wilson Phillips,74.0,74,325
1977-07-23,83,Nobody Does It Better,Carly Simon,83.0,83,325
1987-10-10,92,Tell It To My Heart(Dub),Taylor Dayne,92.0,92,325
1979-07-28,83,Rise,Herb Alpert,83.0,83,325
1982-11-06,79,Down Under,Men At Work,79.0,79,325
2020-03-14,31,Emotionally Scarred,Lil Baby,31.0,31,325
2014-05-17,3,Problem,Ariana Grande Featuring Iggy Azalea,3.0,3,325
1984-10-27,88,Jungle Love,The Time,88.0,88,325
2018-09-01,22,Breathin,Ariana Grande,22.0,22,325
2001-09-08,57,Rock The Boat,Aaliyah,57.0,57,325
1992-09-05,96,Walking On Broken Glass,Annie Lennox,96.0,96,325
1982-05-22,76,You Should Hear How She Talks About You,Melissa Manchester,76.0,76,325
1993-04-10,91,Knockin' Da Boots,H-Town,91.0,91,325
2020-06-13,97,One Beer,HARDY Featuring Lauren Alaina & Devin Dawson,97.0,97,325
2021-03-06,54,Telepatia,Kali Uchis,54.0,54,325
2005-12-10,79,So Sick,Ne-Yo,79.0,79,325
1994-09-24,94,"Turn The Beat Around (From ""The Specialist"")",Gloria Estefan,94.0,94,325
2020-10-03,3,Holy,Justin Bieber Featuring Chance The Rapper,3.0,3,325
1975-06-14,100,Ballroom Blitz,Sweet,100.0,100,325
1997-03-08,83,Call Me,Le Click,83.0,83,325
2014-11-15,80,Bad Blood,Taylor Swift Featuring Kendrick Lamar,53.0,80,325
1988-10-15,83,The Way You Love Me,Karyn White,83.0,83,325
2010-10-02,100,Black And Yellow,Wiz Khalifa,64.0,100,325
1976-04-10,93,Turn The Beat Around,Vicki Sue Robinson,93.0,93,325
1978-02-18,81,Love Is Like Oxygen,Sweet,81.0,81,325
1988-02-20,92,Piano In The Dark,Brenda Russell Featuring Joe Esposito,92.0,92,325
1990-11-17,74,Gonna Make You Sweat (Everybody Dance Now),C+C Music Factory,74.0,74,325
1999-03-20,94,Anywhere,112 Featuring Lil'z,94.0,94,325
2009-07-25,95,One Time,Justin Bieber,78.0,95,325
1987-09-05,91,That's What Love Is All About,Michael Bolton,91.0,91,325
1980-08-09,83,Never Knew Love Like This Before,Stephanie Mills,83.0,83,325
2000-05-27,77,I Need You,LeAnn Rimes,77.0,77,325
2014-01-04,58,Bottoms Up,Brantley Gilbert,58.0,58,325
1973-11-10,93,Rock On,David Essex,93.0,93,325
2004-07-31,70,My Happy Ending,Avril Lavigne,70.0,70,325
2006-01-21,91,"Lean Wit It, Rock Wit It",Dem Franchize Boyz Featuring Lil Peanut & Charlay,91.0,91,325
1990-11-03,82,The First Time,Surface,82.0,82,325
1997-05-10,28,G.H.E.T.T.O.U.T.,Changing Faces,28.0,28,325
2007-12-08,99,Independent,Webbie Featuring Lil' Phat & Lil' Boosie,99.0,99,325
2017-10-14,98,Plain Jane,A$AP Ferg Featuring Nicki Minaj,98.0,98,312
2017-08-19,89,The Weekend,SZA,89.0,89,304
1985-09-14,70,Never,Heart,70.0,70,300
2008-08-23,92,Shattered (Turn The Car Around),O.A.R.,92.0,92,300
1993-08-28,79,Hey Mr. D.J.,Zhane,79.0,79,300
1989-02-04,80,Thinking Of You,SaFire,80.0,80,300
2003-12-20,82,Hotel,Cassidy Featuring R. Kelly,82.0,82,300
1982-11-13,79,Valerie,Steve Winwood,79.0,79,300
2012-08-25,72,We Are Never Ever Getting Back Together,Taylor Swift,72.0,72,300
2009-01-31,97,My Life Would Suck Without You,Kelly Clarkson,97.0,97,300
2007-01-20,87,Cupid's Chokehold/Breakfast In America,Gym Class Heroes Featuring Patrick Stump,87.0,87,300
2006-11-18,55,Make It Rain,Fat Joe Featuring Lil Wayne,55.0,55,300
1998-01-31,35,What You Want,Mase Featuring Total,35.0,35,300
1990-05-12,88,Mentirosa,Mellow Man Ace,88.0,88,300
2014-05-24,89,2 On,Tinashe Featuring ScHoolboy Q,89.0,89,300
1998-06-20,13,My Way,Usher,13.0,13,300
1988-06-25,76,Sweet Child O' Mine,Guns N' Roses,76.0,76,300
1983-06-25,90,The Safety Dance,Men Without Hats,90.0,90,300
2009-10-03,8,Forever,"Drake Featuring Kanye West, Lil Wayne & Eminem",8.0,8,300
2012-11-03,54,Catch My Breath,Kelly Clarkson,54.0,54,300
1974-08-17,63,I Honestly Love You,Olivia Newton-John,63.0,63,300
1983-09-17,62,All Night Long (All Night),Lionel Richie,62.0,62,300
1984-02-25,75,Hello,Lionel Richie,75.0,75,300
1995-01-14,82,Big Poppa/Warning,The Notorious B.I.G.,82.0,82,300
1990-11-10,88,If You Needed Somebody,Bad Company,88.0,88,300
1996-08-31,47,Key West Intermezzo (I Saw You First),John Mellencamp,47.0,47,300
1983-11-05,90,Joanna,Kool & The Gang,90.0,90,300
1992-12-19,53,Mr. Wendal,Arrested Development,53.0,53,300
2000-05-06,77,Let's Get Married,Jagged Edge,77.0,77,300
1976-06-19,83,A Little Bit More,Dr. Hook,83.0,83,300
1987-06-06,91,Can't We Try,Dan Hill (Duet With Vonda Shepard),91.0,91,300
2016-06-18,100,"Sit Still, Look Pretty",Daya,100.0,100,300
2005-11-19,48,"Jesus, Take The Wheel",Carrie Underwood,48.0,48,300
1997-11-15,21,Show Me Love,Robyn,21.0,21,300
2012-07-07,72,Beauty And A Beat,Justin Bieber Featuring Nicki Minaj,71.0,72,300
2011-08-27,79,Drunk On You,Luke Bryan,99.0,79,300
1999-11-27,71,What A Girl Wants,Christina Aguilera,71.0,71,300
2020-08-15,43,I Should Probably Go To Bed,Dan + Shay,43.0,43,300
2009-05-23,92,Best I Ever Had,Drake,92.0,92,300
1988-10-22,78,My Prerogative,Bobby Brown,78.0,78,300
2012-10-06,56,Try,P!nk,93.0,56,300
1998-04-18,57,Looking Through Your Eyes,LeAnn Rimes,57.0,57,300
1976-12-18,85,Don't Leave Me This Way,Thelma Houston,85.0,85,300
2009-10-03,75,Meet Me Halfway,The Black Eyed Peas,75.0,75,300
2002-05-25,81,Nothin',N.O.R.E.,81.0,81,300
1998-03-07,25,I Want You Back,'N Sync,25.0,25,300
2012-11-10,76,Poetic Justice,Kendrick Lamar Featuring Drake,76.0,76,300
1984-06-23,89,Missing You,John Waite,89.0,89,300
1980-10-04,73,Hit Me With Your Best Shot,Pat Benatar,73.0,73,300
2018-06-09,66,Big Bank,"YG Featuring 2 Chainz, Big Sean & Nicki Minaj",66.0,66,300
2001-10-27,69,Get The Party Started,P!nk,69.0,69,300
1990-12-01,94,Wicked Game,Chris Isaak,94.0,94,300
1979-10-06,93,Ladies Night,Kool & The Gang,93.0,93,300
1984-11-24,81,Misled,Kool & The Gang,81.0,81,300
1980-09-06,49,Woman In Love,Barbra Streisand,49.0,49,300
1993-02-20,42,Freak Me,Silk,42.0,42,300
2010-12-11,61,Coming Home,Diddy - Dirty Money Featuring Skylar Grey,61.0,61,300
2011-03-19,20,Till The World Ends,Britney Spears Featuring Nicki Minaj & Ke$ha,20.0,20,300
1981-08-15,71,Arthur's Theme (Best That You Can Do),Christopher Cross,71.0,71,300
1996-09-07,89,What Kind Of Man Would I Be,Mint Condition,89.0,89,300
2010-09-11,67,Last Friday Night (T.G.I.F.),Katy Perry,63.0,67,300
1992-01-04,94,Breakin' My Heart (Pretty Brown Eyes),Mint Condition,94.0,94,300
1984-11-10,90,Solid,Ashford & Simpson,90.0,90,300
1978-04-01,65,You're The One That I Want,John Travolta & Olivia Newton-John,65.0,65,300
2011-04-30,96,Barefoot Blue Jean Night,Jake Owen,96.0,96,300
2000-06-17,59,Doesn't Really Matter,Janet,59.0,59,300
2005-04-30,95,Cater 2 U,Destiny's Child,95.0,95,300
1981-02-14,83,Just The Two Of Us,"Grover Washington, Jr. With Bill Withers",83.0,83,300
2007-10-06,99,Can't Help But Wait,Trey Songz,99.0,99,300
1998-09-26,7,I'll Be,Edwin McCain,7.0,7,300
1984-03-10,90,Sister Christian,Night Ranger,90.0,90,300
2010-08-14,20,Stuck Like Glue,Sugarland,20.0,20,300
2003-11-15,78,"Me, Myself And I",Beyonce,78.0,78,300
1997-08-30,62,What About Us,Total,62.0,62,300
1992-06-06,95,Giving Him Something He Can Feel,En Vogue,95.0,95,300
1990-05-05,83,"Cradle Of Love (From ""Ford Fairlane"")",Billy Idol,83.0,83,300
1970-10-31,97,Amos Moses,Jerry Reed,97.0,97,300
1990-04-14,39,Vogue,Madonna,39.0,39,300
1993-10-23,91,Linger,The Cranberries,91.0,91,300
2008-12-20,97,Mad,Ne-Yo,97.0,97,300
1984-12-08,81,The Heat Is On,Glenn Frey,81.0,81,300
1987-01-17,85,Don't Dream It's Over,Crowded House,85.0,85,300
2015-11-07,90,Say It,Tory Lanez,90.0,90,300
1976-06-12,89,I'd Really Love To See You Tonight,England Dan & John Ford Coley,89.0,89,300
2008-08-16,29,Can't Believe It,T-Pain Featuring Lil Wayne,29.0,29,300
1986-06-14,88,Words Get In The Way,Miami Sound Machine,88.0,88,300
2007-11-24,93,Like You'll Never See Me Again,Alicia Keys,93.0,93,300
1993-01-23,57,Comforter,Shai,57.0,57,300
1981-08-08,74,Super Freak (Part I),Rick James,74.0,74,300
2008-05-10,14,Leavin',Jesse McCartney,14.0,14,300
2017-11-25,93,Wait,Maroon 5,88.0,93,300
1985-12-07,60,How Will I Know,Whitney Houston,60.0,60,300
2011-10-22,93,Dance (A$$),Big Sean Featuring Nicki Minaj,93.0,93,300
1966-05-21,87,Solitary Man,Neil Diamond,87.0,87,300
2002-04-13,99,Still Fly,Big Tymers,99.0,99,300
2020-08-29,6,7 Summers,Morgan Wallen,6.0,6,300
2000-08-12,41,Music,Madonna,41.0,41,300
2021-03-13,90,Drunk (And I Don't Wanna Go Home),Elle King & Miranda Lambert,79.0,90,300
1989-08-19,99,Don't Shut Me Out,Kevin Paige,99.0,99,300
1981-05-30,83,Slow Hand,The Pointer Sisters,83.0,83,300
1993-11-06,55,Said I Loved You...But I Lied,Michael Bolton,55.0,55,300
1987-12-19,71,Never Gonna Give You Up,Rick Astley,71.0,71,300
1988-04-23,93,Pour Some Sugar On Me,Def Leppard,93.0,93,300
2006-11-25,94,You,Lloyd Featuring Lil Wayne,94.0,94,300
1960-02-01,89,Sixteen Reasons,Connie Stevens,89.0,89,300
2003-03-08,57,I Know What You Want,Busta Rhymes & Mariah Carey Featuring The Flipmode Squad,57.0,57,300
1984-04-28,62,Jump (for My Love),The Pointer Sisters,62.0,62,300
2004-10-16,58,Over And Over,Nelly Featuring Tim McGraw,58.0,58,300
1994-01-29,91,Mmm Mmm Mmm Mmm,Crash Test Dummies,91.0,91,300
2012-12-15,12,Scream & Shout,will.i.am & Britney Spears,12.0,12,300
1996-06-15,64,How Do U Want It/California Love,2Pac Featuring K-Ci And JoJo,64.0,64,300
1998-03-14,61,I'm Alright,Jo Dee Messina,61.0,61,300
2007-12-22,86,Sorry,Buckcherry,86.0,86,300
1985-01-26,90,Obsession,Animotion,90.0,90,300
1990-04-14,96,Enjoy The Silence,Depeche Mode,96.0,96,300
2021-04-17,100,Arcade,Duncan Laurence,94.0,100,300
2002-02-02,71,More Than A Woman,Aaliyah,71.0,71,300
2001-09-22,63,Gone,'N Sync,63.0,63,300
2016-02-20,1,Pillowtalk,Zayn,1.0,1,300
2021-05-29,1,Good 4 U,Olivia Rodrigo,1.0,1,300
1959-04-13,96,My Heart Is An Open Book,"Carl Dobkins, Jr.",83.0,96,300
1993-05-29,83,"I Don't Wanna Fight (From ""What's Love Got To Do With It"")",Tina Turner,83.0,83,300
1986-07-26,93,Every Little Kiss,Bruce Hornsby & The Range,93.0,93,300
1991-03-23,81,More Than Words,Extreme,81.0,81,300
1994-01-29,75,Loser,Beck,75.0,75,300
2010-03-06,64,All I Do Is Win,"DJ Khaled Featuring T-Pain, Ludacris, Snoop Dogg & Rick Ross",64.0,64,300
2012-07-14,18,Good Time,Owl City & Carly Rae Jepsen,18.0,18,300
1983-02-26,66,Little Red Corvette,Prince,66.0,66,300
2016-05-28,83,Into You,Ariana Grande,51.0,83,300
1979-11-03,76,Rock With You,Michael Jackson,76.0,76,300
2001-10-13,68,Caramel,City High Featuring Eve,68.0,68,300
1981-08-22,61,Start Me Up,The Rolling Stones,61.0,61,300
1981-08-01,88,We're In This Love Together,Al Jarreau,88.0,88,300
1995-09-16,6,Runaway,Janet Jackson,6.0,6,300
1977-07-23,77,That's Rock 'N' Roll,Shaun Cassidy,77.0,77,300
2020-08-22,1,WAP,Cardi B Featuring Megan Thee Stallion,1.0,1,300
2000-08-05,66,Don't Think I'm Not,Kandi,66.0,66,300
2001-10-27,74,"Whenever, Wherever",Shakira,74.0,74,300
2001-03-03,66,I'm Like A Bird,Nelly Furtado,66.0,66,300
2013-02-09,99,Feel This Moment,Pitbull Featuring Christina Aguilera,99.0,99,300
1982-12-11,88,Back On The Chain Gang,Pretenders,88.0,88,300
2006-02-04,87,Ms. New Booty,Bubba Sparxxx Featuring Ying Yang Twins & Mr. ColliPark,87.0,87,300
1994-04-30,56,Back & Forth,Aaliyah,56.0,56,300
1981-10-03,83,Let's Groove,"Earth, Wind & Fire",83.0,83,300
1990-05-19,96,"King Of Wishful Thinking (From ""Pretty Woman"")",Go West,96.0,96,300
1993-06-12,44,Lately,Jodeci,44.0,44,300
1991-12-21,82,To Be With You,Mr. Big,82.0,82,300
1983-11-12,91,Let The Music Play,Shannon,91.0,91,300
1997-10-11,58,Heaven,Nu Flavor,58.0,58,300
1975-11-15,90,Theme From S.W.A.T.,Rhythm Heritage,90.0,90,300
1995-04-15,66,Have You Ever Really Loved A Woman?,Bryan Adams,66.0,66,300
1958-10-06,90,A Lover's Question,Clyde McPhatter,72.0,90,300
1982-10-02,90,Rock The Casbah,The Clash,90.0,90,300
2015-02-21,100,Girl Crush,Little Big Town,84.0,100,300
1992-10-24,67,"Saving Forever For You (From ""Beverly Hills, 90210"")",Shanice,67.0,67,300
1986-07-12,86,Don't Forget Me (When I'm Gone),Glass Tiger,86.0,86,300
1985-03-16,70,Everybody Wants To Rule The World,Tears For Fears,70.0,70,300
2002-06-01,65,No Such Thing,John Mayer,65.0,65,300
1988-09-24,77,Look Away,Chicago,77.0,77,300
1984-12-15,79,Lover Girl,Teena Marie,79.0,79,300
1981-10-17,80,Harden My Heart,Quarterflash,80.0,80,300
1981-03-07,83,Sukiyaki,A Taste Of Honey,83.0,83,300
2006-05-06,28,Not Ready To Make Nice,Dixie Chicks,28.0,28,300
1977-06-25,88,Swayin' To The Music (slow Dancin'),Johnny Rivers,88.0,88,300
2009-05-23,15,No Surprise,Daughtry,15.0,15,300
1984-09-08,80,Wake Me Up Before You Go-Go,Wham!,80.0,80,300
2000-01-01,74,Show Me The Meaning Of Being Lonely,Backstreet Boys,74.0,74,300
1986-09-06,93,You Give Love A Bad Name,Bon Jovi,93.0,93,300
2011-06-11,69,How To Love,Lil Wayne,69.0,69,300
2005-09-03,83,Soul Survivor,Young Jeezy Featuring Akon,83.0,83,300
1989-04-01,83,Buffalo Stance,Neneh Cherry,83.0,83,300
1999-03-27,79,The Hardest Thing,98 Degrees,79.0,79,300
1990-12-08,80,Where Does My Heart Beat Now,Celine Dion,80.0,80,300
1991-06-15,63,Motownphilly,Boyz II Men,63.0,63,300
1992-08-15,53,Sometimes Love Just Ain't Enough,Patty Smyth,53.0,53,300
2005-10-15,88,There It Go! (The Whistle Song),Juelz Santana,88.0,88,300
1984-02-25,67,Against All Odds (Take A Look At Me Now),Phil Collins,67.0,67,300
1997-08-16,6,2 Become 1,Spice Girls,6.0,6,300
2014-09-27,94,Dear Future Husband,Meghan Trainor,94.0,94,300
1982-06-05,75,Hard To Say I'm Sorry,Chicago,75.0,75,300
2016-04-23,97,Come And See Me,PARTYNEXTDOOR Featuring Drake,97.0,97,300
2014-03-15,96,Ain't It Fun,Paramore,96.0,96,300
2011-10-01,100,You Don't Know Her Like I Do,Brantley Gilbert,100.0,100,300
1985-11-23,95,Silent Running (On Dangerous Ground),Mike + The Mechanics,95.0,95,300
2015-04-11,70,Hey Mama,"David Guetta Featuring Nicki Minaj, Bebe Rexha & Afrojack",70.0,70,300
2016-02-20,78,We Don't Talk Anymore,Charlie Puth Featuring Selena Gomez,86.0,78,300
1987-08-29,84,I Think We're Alone Now,Tiffany,84.0,84,300
1974-02-23,97,Midnight At The Oasis,Maria Muldaur,97.0,97,300
1985-09-28,76,Object Of My Desire,Starpoint,76.0,76,300
1989-10-14,86,Pump Up The Jam,Technotronic Featuring Felly,86.0,86,300
1979-03-31,89,Makin' It,David Naughton,89.0,89,300
2000-07-08,94,Faded,SoulDecision Featuring Thrust,94.0,94,300
2003-04-26,75,Magic Stick,Lil' Kim Featuring 50 Cent,75.0,75,300
1977-12-17,93,Goodbye Girl,David Gates,93.0,93,300
1959-12-21,99,Sweet Nothin's,Brenda Lee,99.0,99,300
2007-03-17,5,Girlfriend,Avril Lavigne,5.0,5,300
2011-10-29,94,The One That Got Away,Katy Perry,94.0,94,300
1976-10-09,86,Hot Line,The Sylvers,86.0,86,300
1981-10-17,79,The Sweetest Thing (I've Ever Known),Juice Newton,79.0,79,300
2007-11-24,96,Suffocate,J. Holiday,96.0,96,300
2000-01-22,67,It Feels So Good,Sonique,67.0,67,300
2019-06-22,62,Even Though I'm Leaving,Luke Combs,92.0,62,300
1988-08-06,92,Forever Young,Rod Stewart,92.0,92,300
2006-10-21,88,Boston,Augustana,88.0,88,300
2016-03-19,97,Head Over Boots,Jon Pardi,97.0,97,300
2010-11-13,33,Yeah 3X,Chris Brown,33.0,33,300
1980-08-09,87,Let Me Be Your Angel,Stacy Lattisaw,87.0,87,300
2010-09-04,6,Right Above It,Lil Wayne Featuring Drake,6.0,6,300
2001-06-16,53,U Remind Me,Usher,53.0,53,300
1979-08-11,61,Pop Muzik,M,61.0,61,300
2005-05-28,93,Let Me Hold You,Bow Wow Featuring Omarion,93.0,93,300
1999-09-25,88,U Know What's Up,Donell Jones,88.0,88,300
1970-08-29,91,For The Good Times,Ray Price,91.0,91,300
1979-06-23,82,I'll Never Love This Way Again,Dionne Warwick,82.0,82,300
2011-05-28,3,The Edge Of Glory,Lady Gaga,3.0,3,300
1988-09-10,97,"Baby, I Love Your Way/Freebird Medley",Will To Power,97.0,97,300
1990-01-06,86,Black Velvet,Alannah Myles,86.0,86,300
1987-11-14,72,Don't Shed A Tear,Paul Carrack,72.0,72,300
1985-09-07,73,We Built This City,Starship,73.0,73,300
2017-10-28,60,How Long,Charlie Puth,60.0,60,289
2017-09-30,5,Too Good At Goodbyes,Sam Smith,5.0,5,285
2017-09-30,81,Gucci Gang,Lil Pump,81.0,81,285
1989-09-09,93,Don't Close Your Eyes,KIX,93.0,93,276
2019-04-13,59,God's Country,Blake Shelton,59.0,59,276
2007-04-21,99,When I See U,Fantasia,99.0,99,276
1980-02-09,81,Lost In Love,Air Supply,81.0,81,276
2018-03-31,72,In My Blood,Shawn Mendes,72.0,72,276
1991-01-12,78,Iesha,Another Bad Creation,78.0,78,276
2000-11-04,58,Crazy For This Girl,Evan And Jaron,58.0,58,276
2016-09-03,93,In The Name Of Love,Martin Garrix & Bebe Rexha,93.0,93,276
2008-10-04,3,Love Lockdown,Kanye West,3.0,3,276
1980-12-06,83,Games People Play,The Alan Parsons Project,83.0,83,276
1980-08-02,70,Jesse,Carly Simon,70.0,70,276
1986-08-16,92,Take Me Home Tonight,Eddie Money,92.0,92,276
1996-08-31,91,"Tell Me (From ""Eddie"")",Dru Hill,91.0,91,276
2016-12-31,6,I Don't Wanna Live Forever (Fifty Shades Darker),Zayn / Taylor Swift,6.0,6,276
2007-04-21,7,What I've Done,Linkin Park,7.0,7,276
1992-12-19,95,Forever In Love,Kenny G,95.0,95,276
2011-06-04,78,I'm On One,"DJ Khaled Featuring Drake, Rick Ross & Lil Wayne",78.0,78,276
2021-06-05,9,Traitor,Olivia Rodrigo,9.0,9,276
2004-08-07,95,Cold,Crossfade,95.0,95,276
2006-10-14,97,It Ends Tonight,The All-American Rejects,97.0,97,276
1976-09-18,70,Love So Right,Bee Gees,70.0,70,276
1989-09-23,79,Don't Make Me Over,Sybil,79.0,79,276
1993-05-01,14,That's The Way Love Goes,Janet Jackson,14.0,14,276
1979-06-16,89,Heaven Must Have Sent You,Bonnie Pointer,89.0,89,276
1986-09-27,82,Walk Like An Egyptian,The Bangles,82.0,82,276
1958-11-24,93,Donna,Ritchie Valens,93.0,93,276
1981-05-23,88,The Breakup Song (They Don't Write 'Em),Greg Kihn Band,88.0,88,276
2009-06-20,94,Throw It In The Bag,Fabolous Featuring The-Dream,94.0,94,276
1993-10-23,15,Again,Janet Jackson,15.0,15,276
1980-03-29,89,Funkytown,"Lipps, Inc.",89.0,89,276
1975-12-27,82,Sweet Love,Commodores,82.0,82,276
1981-04-18,82,Time,The Alan Parsons Project,82.0,82,276
1975-04-19,98,Love Will Keep Us Together,The Captain & Tennille,98.0,98,276
1990-09-08,84,More Than Words Can Say,Alias,84.0,84,276
2005-03-26,75,Oh,Ciara Featuring Ludacris,75.0,75,276
2019-06-29,7,Money In The Grave,Drake Featuring Rick Ross,7.0,7,276
2021-03-20,100,Lil Bit,Nelly & Florida Georgia Line,100.0,100,276
1984-11-24,63,Easy Lover,Philip Bailey With Phil Collins,63.0,63,276
1980-09-20,78,Master Blaster (Jammin'),Stevie Wonder,78.0,78,276
2011-08-13,87,Easy,Rascal Flatts Featuring Natasha Bedingfield,87.0,87,276
1995-04-29,84,Secret Garden,Bruce Springsteen,84.0,84,276
1975-05-31,81,Rhinestone Cowboy,Glen Campbell,81.0,81,276
1997-01-25,11,Wannabe,Spice Girls,11.0,11,276
1985-05-11,70,Everytime You Go Away,Paul Young,70.0,70,276
2011-09-24,95,All Your Life,The Band Perry,95.0,95,276
1973-01-20,99,Little Willy,The Sweet,99.0,99,276
1978-07-08,85,Kiss You All Over,Exile,85.0,85,276
1993-08-21,90,No Rain,Blind Melon,90.0,90,276
1982-03-06,88,Always On My Mind,Willie Nelson,88.0,88,276
1999-12-04,89,All The Small Things,Blink-182,89.0,89,276
2019-11-02,15,Lose You To Love Me,Selena Gomez,15.0,15,276
2004-09-25,30,Lose My Breath,Destiny's Child,30.0,30,276
1983-01-22,79,Come On Eileen,Dexys Midnight Runners,79.0,79,276
1976-10-23,86,Car Wash,Rose Royce,86.0,86,276
1994-05-14,95,I Miss You,Aaron Hall,95.0,95,276
1977-02-26,84,I'm Your Boogie Man,KC And The Sunshine Band,84.0,84,276
1984-04-07,84,Relax,Frankie Goes To Hollywood,84.0,84,276
1985-11-09,67,That's What Friends Are For,Dionne & Friends,67.0,67,276
2003-03-08,73,Can't Let You Go,Fabolous Featuring Mike Shorey & Lil' Mo,73.0,73,276
2013-12-21,78,Hey Brother,Avicii,78.0,78,276
1990-09-15,96,Groove Is In The Heart,Deee-Lite,96.0,96,276
2018-01-27,92,IDGAF,Dua Lipa,92.0,92,276
2008-08-30,2,Crush,David Archuleta,2.0,2,276
2013-08-31,6,Applause,Lady Gaga,6.0,6,276
2010-04-17,72,Alejandro,Lady Gaga,72.0,72,276
2001-05-19,79,The Space Between,Dave Matthews Band,79.0,79,276
1980-03-29,83,Let's Get Serious,Jermaine Jackson,83.0,83,276
1989-07-08,89,If I Could Turn Back Time,Cher,89.0,89,276
2017-07-01,93,What Ifs,Kane Brown Featuring Lauren Alaina,93.0,93,276
2009-07-04,63,Hotel Room Service,Pitbull,63.0,63,276
1975-12-20,80,Take It To The Limit,Eagles,80.0,80,276
2007-08-04,85,"Ready, Set, Don't Go",Billy Ray Cyrus With Miley Cyrus,85.0,85,276
1991-06-29,84,With You,Tony Terry,84.0,84,276
1992-12-19,54,A Whole New World (Aladdin's Theme),Peabo Bryson & Regina Belle,54.0,54,276
1980-09-13,97,Theme From The Dukes Of Hazzard (Good Ol' Boys),Waylon,97.0,97,276
1979-10-20,82,This Is It,Kenny Loggins,82.0,82,276
1987-10-03,80,Don't You Want Me,Jody Watley,80.0,80,276
1994-01-29,53,Without You/Never Forget You,Mariah Carey,53.0,53,276
1989-10-14,92,Everything,Jody Watley,92.0,92,276
1959-05-18,74,Tall Cool One,The Wailers,74.0,74,276
1982-04-24,90,Only The Lonely,The Motels,90.0,90,276
1988-03-12,63,Anything For You,Gloria Estefan & Miami Sound Machine,63.0,63,276
1987-11-21,89,Can't Stay Away From You,Gloria Estefan & Miami Sound Machine,89.0,89,276
2002-04-27,69,I'm Gonna Be Alright,Jennifer Lopez Featuring Nas,69.0,69,276
1981-08-15,84,Just Once,Quincy Jones Featuring James Ingram,84.0,84,276
1977-06-11,82,Best Of My Love,The Emotions,82.0,82,276
1994-04-30,80,Always,Erasure,80.0,80,276
1985-11-30,63,"When The Going Gets Tough, The Tough Get Going",Billy Ocean,63.0,63,276
2016-04-23,37,Father Stretch My Hands Pt. 1,Kanye West,37.0,37,276
2003-06-14,89,Frontin',Pharrell Featuring Jay-Z,89.0,89,276
1986-10-11,93,C'est La Vie,Robbie Nevil,93.0,93,276
1980-04-12,85,Steal Away,Robbie Dupree,85.0,85,276
1994-08-27,58,Far Behind,Candlebox,58.0,58,276
2019-12-07,32,Heartless,The Weeknd,32.0,32,276
1994-11-12,83,The Sweetest Days,Vanessa Williams,83.0,83,276
1990-09-01,91,Knockin' Boots,Candyman,91.0,91,276
1988-08-13,86,Never Tear Us Apart,INXS,86.0,86,276
2014-07-26,87,Cool Kids,Echosmith,87.0,87,276
1975-11-22,95,Love Hurts,Nazareth,95.0,95,276
1990-12-08,96,Show Me The Way,Styx,96.0,96,276
1996-07-27,95,Do You Miss Me,Jocelyn Enriquez,95.0,95,276
1990-12-22,53,All The Man That I Need,Whitney Houston,53.0,53,276
1979-03-17,76,Reunited,Peaches & Herb,76.0,76,276
1991-04-13,87,Unbelievable,EMF,87.0,87,276
2019-05-18,2,If I Can't Have You,Shawn Mendes,2.0,2,276
1979-11-17,90,"Yes, I'm Ready",Teri DeSario With K.C.,90.0,90,276
2013-06-01,71,Treasure,Bruno Mars,71.0,71,276
1983-04-16,90,Never Gonna Let You Go,Sergio Mendes,90.0,90,276
1993-01-23,90,I'm Gonna Get You,Bizarre Inc,90.0,90,276
2016-03-05,83,Never Forget You,Zara Larsson & MNEK,83.0,83,276
1973-03-24,83,Playground In My Mind,Clint Holmes,83.0,83,276
1986-11-01,93,Touch Me (I Want Your Body),Samantha Fox,93.0,93,276
1991-04-06,88,"I Wanna Sex You Up (From ""New Jack City"")",Color Me Badd,88.0,88,276
1988-11-12,89,I Wanna Have Some Fun,Samantha Fox,89.0,89,276
1998-08-15,14,The First Night,Monica,14.0,14,276
1996-08-31,68,Let's Make A Night To Remember,Bryan Adams,68.0,68,276
1982-12-25,77,Hungry Like The Wolf,Duran Duran,77.0,77,276
1991-02-23,90,I Like The Way (The Kissing Game),Hi-Five,90.0,90,276
1987-06-06,84,Rock Steady,The Whispers,84.0,84,276
1988-04-02,90,Kiss Me Deadly,Lita Ford,90.0,90,276
2013-07-27,72,Summertime Sadness,Lana Del Rey & Cedric Gervais,72.0,72,276
1990-12-15,89,Get Here,Oleta Adams,89.0,89,276
2000-01-29,42,Bye Bye Bye,'N Sync,42.0,42,276
1974-11-23,94,My Eyes Adored You,Frankie Valli,94.0,94,276
2002-10-26,56,'03 Bonnie & Clyde,Jay-Z Featuring Beyonce Knowles,56.0,56,276
2009-08-15,88,Run This Town,"Jay-Z, Rihanna & Kanye West",88.0,88,276
1978-03-18,90,Two Out Of Three Ain't Bad,Meat Loaf,90.0,90,276
1995-06-24,55,"Colors Of The Wind (From ""Pocahontas"")",Vanessa Williams,55.0,55,276
1986-03-08,92,I Can't Wait,Nu Shooz,92.0,92,276
1987-09-26,84,"Catch Me (I'm Falling) (From The Film ""Hiding Out"")",Pretty Poison,84.0,84,276
1979-12-08,96,The Second Time Around,Shalamar,96.0,96,276
1989-10-07,96,I Want You,Shana,96.0,96,276
1978-06-24,82,Boogie Oogie Oogie,A Taste Of Honey,82.0,82,276
2003-05-24,75,Forever And For Always,Shania Twain,75.0,75,276
2000-11-11,55,Ms. Jackson,OutKast,55.0,55,276
2021-01-16,95,Almost Maybes,Jordan Davis,99.0,95,276
1982-08-21,89,Up Where We Belong,Joe Cocker And Jennifer Warnes,89.0,89,276
1978-01-07,75,Lay Down Sally,Eric Clapton,75.0,75,276
2017-06-03,95,No Promises,Cheat Codes Featuring Demi Lovato,95.0,95,276
2008-05-10,60,A Milli,Lil Wayne,60.0,60,276
2018-01-13,35,Finesse,Bruno Mars & Cardi B,35.0,35,276
1995-06-17,93,He's Mine,MoKenStef,93.0,93,276
1984-01-28,56,Footloose,Kenny Loggins,56.0,56,276
2019-07-06,57,One Thing Right,Marshmello & Kane Brown,57.0,57,276
1982-07-17,92,Should I Stay Or Should I Go,The Clash,92.0,92,276
1997-09-06,89,Butta Love,Next,89.0,89,276
1990-12-01,83,Around The Way Girl,LL Cool J,83.0,83,276
1989-11-11,78,Two To Make It Right,Seduction,78.0,78,276
1977-06-11,81,Telephone Line,Electric Light Orchestra,81.0,81,276
1992-10-17,51,Good Enough,Bobby Brown,51.0,51,276
2007-10-13,96,Hypnotized,Plies Featuring Akon,96.0,96,276
1981-10-10,42,Waiting For A Girl Like You,Foreigner,42.0,42,276
2011-10-15,90,I Don't Want This Night To End,Luke Bryan,90.0,90,276
1989-10-28,89,How Am I Supposed To Live Without You,Michael Bolton,89.0,89,276
1981-07-04,51,Urgent,Foreigner,51.0,51,276
1986-04-05,88,Holding Back The Years,Simply Red,88.0,88,276
1984-11-24,73,Neutron Dance,The Pointer Sisters,73.0,73,276
2021-01-16,93,Back In Blood,Pooh Shiesty Featuring Lil Durk,93.0,93,276
1958-11-03,92,Dreamy Eyes,Johnny Tillotson,92.0,92,276
1980-08-23,90,Switchin' To Glide/This Beat Goes On,The Kings,90.0,90,276
2005-09-24,91,Stay Fly,Three 6 Mafia Featuring Young Buck & Eightball & MJG,91.0,91,276
1989-10-07,65,Blame It On The Rain,Milli Vanilli,65.0,65,276
1983-11-05,62,Owner Of A Lonely Heart,Yes,62.0,62,276
1982-04-24,88,Let It Whip,Dazz Band,88.0,88,276
2002-07-20,99,Po' Folks,Nappy Roots Featuring Anthony Hamilton,99.0,99,276
1970-07-18,98,Yellow River,Christie,98.0,98,276
2002-06-01,77,Happy,Ashanti,77.0,77,276
2021-01-30,84,Beat Box,SpotemGottem Featuring Pooh Shiesty Or DaBaby,84.0,84,276
2019-01-05,37,A Lot,21 Savage,37.0,37,276
1992-11-14,98,Here We Go Again!,Portrait,98.0,98,276
2009-07-04,98,Break Up,Mario Featuring Gucci Mane & Sean Garrett,98.0,98,276
1985-03-23,75,Things Can Only Get Better,Howard Jones,75.0,75,276
1978-11-18,87,Don't Cry Out Loud,Melissa Manchester,87.0,87,276
2010-08-21,3,Mine,Taylor Swift,3.0,3,276
1978-11-11,86,Fire,The Pointer Sisters,86.0,86,276
1979-05-26,89,Lead Me On,Maxine Nightingale,89.0,89,276
1986-04-12,72,No One Is To Blame,Howard Jones,72.0,72,276
2011-06-18,92,Take A Back Road,Rodney Atkins,92.0,92,276
2019-08-24,86,On Chill,Wale Featuring Jeremih,86.0,86,276
1971-04-10,99,"Take Me Home, Country Roads",John Denver,91.0,99,276
1967-09-09,84,I'll Never Fall In Love Again,Tom Jones,84.0,84,276
2007-02-03,87,This Is Why I'm Hot,Mims,87.0,87,276
2004-06-19,78,Sunshine,Lil' Flip Featuring Lea,78.0,78,276
1991-03-09,86,Don't Treat Me Bad,Firehouse,86.0,86,276
2020-10-31,52,You're Mines Still,Yung Bleu Featuring Drake,52.0,52,276
2008-10-18,96,Womanizer,Britney Spears,96.0,96,276
1975-12-13,89,Deep Purple,Donny & Marie Osmond,89.0,89,276
1988-08-13,52,Love Bites,Def Leppard,52.0,52,276
1986-11-29,88,Big Time,Peter Gabriel,88.0,88,276
2021-01-09,100,The Good Ones,Gabby Barrett,100.0,100,276
2016-06-04,69,The Fighter,Keith Urban Featuring Carrie Underwood,53.0,69,276
2017-06-17,99,Butterfly Effect,Travis Scott,99.0,99,276
1983-12-10,74,99 Luftballons,Nena,74.0,74,276
2007-08-04,89,Bed,J. Holiday,89.0,89,276
2013-09-28,70,23,"Mike WiLL Made-It Featuring Miley Cyrus, Wiz Khalifa & Juicy J",11.0,70,276
1983-10-29,65,I Guess That's Why They Call It The Blues,Elton John,65.0,65,276
1984-09-15,85,I Can't Hold Back,Survivor,85.0,85,276
1976-07-17,85,Magic Man,Heart,85.0,85,276
1961-04-24,91,Tossin' And Turnin',Bobby Lewis,91.0,91,276
2014-12-06,95,I Don't Mind,Usher Featuring Juicy J,95.0,95,276
2011-09-24,18,Mr. Know It All,Kelly Clarkson,18.0,18,276
1986-03-22,88,On My Own,Patti LaBelle & Michael McDonald,88.0,88,276
2006-12-23,92,Lost Without U,Robin Thicke,92.0,92,276
1959-12-28,58,He'll Have To Go,Jim Reeves,58.0,58,276
1977-09-24,98,I've Never Been To Me,Charlene,98.0,98,276
1966-10-01,91,But It's Alright,J.J. Jackson,91.0,91,276
1993-01-09,66,"I'm Every Woman (From ""The Bodyguard"")",Whitney Houston,66.0,66,276
1973-11-10,97,Spiders & Snakes,Jim Stafford,97.0,97,276
1984-05-26,75,Sunglasses At Night,Corey Hart,75.0,75,276
1998-01-24,9,Nice & Slow,Usher,9.0,9,276
1958-09-22,88,"To Know Him, Is To Love Him",The Teddy Bears,88.0,88,276
2018-08-25,95,She Got The Best Of Me,Luke Combs,95.0,95,276
1980-07-05,77,Give Me The Night,George Benson,77.0,77,276
2002-03-16,74,I Need A Girl (Part One),P. Diddy Featuring Usher & Loon,74.0,74,276
2007-07-07,74,Let It Go,Keyshia Cole Featuring Missy Elliott & Lil Kim,74.0,74,276
2020-03-21,24,B.S.,Jhene Aiko Featuring H.E.R.,24.0,24,276
1988-11-05,92,When The Children Cry,White Lion,92.0,92,276
2015-02-14,81,Budapest,George Ezra,81.0,81,276
1998-06-13,40,Still Not A Player,Big Punisher Featuring Joe,40.0,40,276
2015-04-11,23,B**** Better Have My Money,Rihanna,23.0,23,276
2015-05-30,57,I'm Comin' Over,Chris Young,100.0,57,276
1977-09-10,84,Blue Bayou,Linda Ronstadt,84.0,84,276
1977-04-16,77,Dreams,Fleetwood Mac,77.0,77,276
2007-02-03,79,Don't Matter,Akon,79.0,79,276
2008-05-24,76,I Kissed A Girl,Katy Perry,76.0,76,276
1990-12-22,89,This House,Tracie Spencer,89.0,89,276
2006-08-26,79,Say Goodbye,Chris Brown,79.0,79,276
1990-05-12,49,Rub You The Right Way,Johnny Gill,49.0,49,276
1980-05-24,74,Magic,Olivia Newton-John,74.0,74,276
1980-09-27,82,More Than I Can Say,Leo Sayer,82.0,82,276
1973-02-17,80,Tie A Yellow Ribbon Round The Ole Oak Tree,Dawn Featuring Tony Orlando,80.0,80,276
1960-09-19,93,North To Alaska,Johnny Horton,93.0,93,276
2005-12-24,88,Touch It,Busta Rhymes,88.0,88,276
1987-11-28,96,Pump Up The Volume,M/A/R/R/S,96.0,96,276
1989-01-28,97,She Drives Me Crazy,Fine Young Cannibals,97.0,97,276
1982-10-16,65,Maneater,Daryl Hall John Oates,65.0,65,276
2004-11-06,68,Daughters,John Mayer,68.0,68,276
1981-01-24,69,Kiss On My List,Daryl Hall John Oates,69.0,69,276
1980-09-06,88,I'm Coming Out,Diana Ross,88.0,88,276
1977-08-20,79,Heaven On The 7th Floor,Paul Nicholas,79.0,79,276
2005-02-12,85,Hate It Or Love It,The Game Featuring 50 Cent,85.0,85,276
1995-02-11,76,Dream About You/Funky Melody,Stevie B,76.0,76,276
2012-05-05,30,Burn It Down,Linkin Park,30.0,30,276
1990-10-06,80,Because I Love You (The Postman Song),Stevie B,80.0,80,276
2009-05-16,89,Pretty Wings,Maxwell,89.0,89,276
1961-06-19,85,Let's Twist Again,Chubby Checker,85.0,85,276
1992-11-28,98,7,Prince And The New Power Generation,98.0,98,276
2002-06-08,88,Move B***h,Ludacris Featuring Mystikal & Infamous 2.0,88.0,88,276
1986-11-15,85,Will You Still Love Me?,Chicago,85.0,85,276
1967-06-03,98,Light My Fire,The Doors,98.0,98,276
1991-03-30,87,Walking In Memphis,Marc Cohn,87.0,87,276
1985-12-28,80,Secret Lovers,Atlantic Starr,80.0,80,276
2011-01-01,82,Moment 4 Life,Nicki Minaj Featuring Drake,82.0,82,276
1984-06-02,57,When Doves Cry,Prince,57.0,57,276
2009-05-16,65,Waking Up In Vegas,Katy Perry,65.0,65,276
1977-08-06,86,I Feel Love,Donna Summer,86.0,86,276
1976-10-02,81,Tonight's The Night (Gonna Be Alright),Rod Stewart,81.0,81,276
2016-02-20,68,Hymn For The Weekend,Coldplay,68.0,68,276
1989-12-16,72,Opposites Attract,Paula Abdul (Duet With The Wild Pair),72.0,72,276
1990-07-14,88,Oh Girl,Paul Young,88.0,88,276
1995-04-01,91,Your Loving Arms,Billie Ray Martin,91.0,91,276
1981-02-14,84,How 'bout Us,Champaign,84.0,84,276
1986-08-30,87,I'll Be Over You,Toto,87.0,87,276
2010-10-02,96,Waiting For The End,Linkin Park,100.0,96,276
1985-11-16,84,A Love Bizarre,Sheila E.,84.0,84,276
2004-06-12,73,Live Like You Were Dying,Tim McGraw,73.0,73,276
1981-08-29,68,Private Eyes,Daryl Hall John Oates,68.0,68,276
2002-10-05,43,Lose Yourself,Eminem,43.0,43,276
2003-03-22,74,21 Questions,50 Cent Featuring Nate Dogg,74.0,74,276
2008-03-01,99,In Love With A Girl,Gavin DeGraw,88.0,99,276
2011-12-31,100,Ass Back Home,Gym Class Heroes Featuring Neon Hitch,100.0,100,276
1984-09-29,48,Out Of Touch,Daryl Hall John Oates,48.0,48,276
2005-02-05,53,Candy Shop,50 Cent Featuring Olivia,53.0,53,276
1974-01-12,85,Come And Get Your Love,Redbone,85.0,85,276
1990-03-17,81,The Humpty Dance,Digital Underground,81.0,81,276
1962-09-08,85,Limbo Rock,Chubby Checker,85.0,85,276
1982-04-17,81,Rosanna,Toto,81.0,81,276
1992-06-13,91,Move This,Technotronic Featuring Ya Kid K,91.0,91,276
2011-03-26,94,Sure Thing,Miguel,94.0,94,276
1973-11-24,92,The Way We Were,Barbra Streisand,92.0,92,276
2012-06-30,96,Hard To Love,Lee Brice,96.0,96,276
1994-05-21,97,Crazy,Aerosmith,97.0,97,276
2016-11-05,80,Bad Things,Machine Gun Kelly x Camila Cabello,73.0,80,276
1998-06-27,20,Make It Hot,"Nicole Featuring Missy ""Misdemeanor"" Elliott & Mocha",20.0,20,276
2002-10-12,71,She Hates Me,Puddle Of Mudd,71.0,71,276
1987-02-07,95,The Finer Things,Steve Winwood,95.0,95,276
1961-09-04,95,Please Mr. Postman,The Marvelettes,95.0,95,276
1993-10-23,89,Never Keeping Secrets,Babyface,89.0,89,276
1987-08-15,92,Breakout,Swing Out Sister,92.0,92,276
2003-12-27,65,With You,Jessica Simpson,65.0,65,276
2007-03-10,98,"Pop, Lock & Drop It",Huey,98.0,98,276
2016-09-24,52,The Greatest,Sia Featuring Kendrick Lamar,52.0,52,276
1992-08-15,82,People Everyday,Arrested Development,82.0,82,276
2001-01-06,75,Butterfly,Crazy Town,75.0,75,276
1990-02-10,93,I Wanna Be Rich,Calloway,93.0,93,276
1960-05-30,76,I'm Sorry,Brenda Lee,76.0,76,276
1980-08-16,89,Out Here On My Own,Irene Cara,89.0,89,276
2017-11-11,88,Wolves,Selena Gomez X Marshmello,88.0,88,267
2017-09-16,39,The Way Life Goes,Lil Uzi Vert Featuring Nicki Minaj,39.0,39,259
2017-09-02,42,Silence,Marshmello Featuring Khalid,42.0,42,257
1996-05-04,46,"The Earth, The Sun, The Rain",Color Me Badd,46.0,46,253
2008-10-11,17,Right Now (Na Na Na),Akon,17.0,17,253
2018-06-09,89,Lovely,Billie Eilish & Khalid,89.0,89,253
2007-03-31,76,Get It Shawty,Lloyd,76.0,76,253
1959-11-02,94,You Got What It Takes,Marv Johnson,94.0,94,253
1983-09-24,70,Uptown Girl,Billy Joel,70.0,70,253
2007-06-16,97,Bartender,T-Pain Featuring Akon,97.0,97,253
2012-07-28,90,Pop That,"French Montana Featuring Rick Ross, Drake, Lil Wayne",90.0,90,253
1988-04-02,86,Beds Are Burning,Midnight Oil,86.0,86,253
2007-06-30,94,Shawty,Plies Featuring T-Pain,94.0,94,253
1994-03-12,66,I'm Ready,Tevin Campbell,66.0,66,253
1990-06-30,76,Release Me,Wilson Phillips,76.0,76,253
2004-11-27,36,Lovers And Friends,Lil Jon & The East Side Boyz Featuring Usher & Ludacris,36.0,36,253
1986-07-12,89,Two Of Hearts,Stacey Q,89.0,89,253
1977-08-06,84,Help Is On Its Way,Little River Band,84.0,84,253
2000-09-30,71,I Wish,R. Kelly,71.0,71,253
1996-05-04,59,Kissin' You,Total,59.0,59,253
1992-12-19,75,I Got A Man,Positive K,75.0,75,253
1973-09-29,83,The Most Beautiful Girl,Charlie Rich,83.0,83,253
2001-06-02,76,When It's Over,Sugar Ray,76.0,76,253
1968-02-17,97,"The Good, The Bad And The Ugly","Hugo Montenegro, His Orchestra And Chorus",97.0,97,253
1986-05-17,90,We Don't Have To Take Our Clothes Off,Jermaine Stewart,90.0,90,253
1980-10-25,84,Every Woman In The World,Air Supply,84.0,84,253
1981-01-17,94,Somebody's Knockin',Terri Gibbs,94.0,94,253
1977-06-04,78,Easy,Commodores,78.0,78,253
2021-02-27,3,Calling My Phone,Lil Tjay Featuring 6LACK,3.0,3,253
1990-01-27,87,If U Were Mine,The U-Krew,87.0,87,253
2007-06-09,83,Beautiful Girls,Sean Kingston,83.0,83,253
1979-01-27,89,Stumblin' In,Suzi Quatro & Chris Norman,89.0,89,253
1987-09-05,72,Mony Mony,Billy Idol,72.0,72,253
1987-08-22,82,Silent Morning,Noel,82.0,82,253
1981-06-20,84,Lady (You Bring Me Up),Commodores,84.0,84,253
1989-03-11,68,Forever Your Girl,Paula Abdul,68.0,68,253
1959-11-09,88,El Paso,Marty Robbins,88.0,88,253
2000-10-28,77,Hemorrhage (In My Hands),Fuel,77.0,77,253
1972-02-26,88,Nice To Be With You,Gallery,88.0,88,253
1973-04-21,85,"Bad, Bad Leroy Brown",Jim Croce,85.0,85,253
1971-04-10,94,Indian Reservation (The Lament Of The Cherokee Reservation Indian),The Raiders,94.0,94,253
1976-07-04,82,Lowdown,Boz Scaggs,82.0,82,253
1985-08-17,53,Saving All My Love For You,Whitney Houston,53.0,53,253
1982-11-27,76,Allentown,Billy Joel,76.0,76,253
1991-09-21,77,It's So Hard To Say Goodbye To Yesterday,Boyz II Men,77.0,77,253
2020-11-21,97,Whoopty,CJ,97.0,97,253
1985-01-26,71,Nightshift,Commodores,71.0,71,253
2006-06-10,97,(When You Gonna) Give It Up To Me,Sean Paul Feat. Keyshia Cole,97.0,97,253
2013-04-27,45,Come & Get It,Selena Gomez,45.0,45,253
2003-04-26,66,So Gone,Monica,66.0,66,253
1984-05-05,63,Eyes Without A Face,Billy Idol,63.0,63,253
1992-06-27,77,The One,Elton John,77.0,77,253
2014-10-11,90,Tuesday,I LOVE MAKONNEN Featuring Drake,90.0,90,253
2016-07-16,96,Luv,Tory Lanez,96.0,96,253
2007-02-03,50,If Everyone Cared,Nickelback,50.0,50,253
1985-03-23,66,Suddenly,Billy Ocean,66.0,66,253
2003-02-01,67,Clocks,Coldplay,67.0,67,253
1994-12-03,69,You Don't Know How It Feels,Tom Petty,69.0,69,253
2012-05-19,66,Blown Away,Carrie Underwood,66.0,66,253
2012-09-15,99,Take A Walk,Passion Pit,99.0,99,253
1998-02-21,41,Body Bumpin' Yippie-Yi-Yo,Public Announcement,41.0,41,253
2012-10-20,6,Red,Taylor Swift,6.0,6,253
1976-08-21,82,You Are The Woman,Firefall,82.0,82,253
1985-02-23,90,Don't You (Forget About Me),Simple Minds,90.0,90,253
1997-05-03,16,MMMBop,Hanson,16.0,16,253
1991-06-29,81,Love Of A Lifetime,Firehouse,81.0,81,253
2005-06-25,96,Pump It,The Black Eyed Peas,96.0,96,253
1994-11-26,53,Every Day Of The Week,Jade,53.0,53,253
1987-10-24,66,Got My Mind Set On You,George Harrison,66.0,66,253
2013-06-29,96,It Goes Like This,Thomas Rhett,96.0,96,253
1979-04-28,86,You Can't Change That,Raydio,86.0,86,253
2000-04-15,50,I Turn To You,Christina Aguilera,50.0,50,253
2001-03-31,98,Superwoman Pt. II,Lil' Mo Featuring Fabolous,98.0,98,253
2008-12-20,3,Circus,Britney Spears,3.0,3,253
2019-08-31,19,Lover,Taylor Swift,19.0,19,253
2016-07-16,32,Sucker For Pain,"Lil Wayne, Wiz Khalifa & Imagine Dragons With Logic & Ty Dolla $ign Feat. X Ambassadors",32.0,32,253
1960-05-23,77,"Please Help Me, I'm Falling",Hank Locklin,77.0,77,253
1999-01-09,87,Ex-Factor,Lauryn Hill,87.0,87,253
1958-08-18,96,It's All In The Game,Tommy Edwards,96.0,96,253
1991-01-05,89,Signs,Tesla,89.0,89,253
1979-04-07,72,Old Time Rock & Roll,Bob Seger & The Silver Bullet Band,72.0,72,253
1976-12-11,86,Dancing Queen,ABBA,86.0,86,253
2007-05-05,80,Party Like A Rockstar,Shop Boyz,80.0,80,253
1973-12-08,100,Jungle Boogie,Kool & The Gang,100.0,100,253
1992-04-25,80,If You Asked Me To,Celine Dion,80.0,80,253
1984-11-17,61,You're The Inspiration,Chicago,61.0,61,253
1981-08-15,85,When She Was My Girl,Four Tops,85.0,85,253
2014-11-01,99,Drinking Class,Lee Brice,99.0,99,253
2015-07-18,98,My Way,Fetty Wap Featuring Monty,87.0,98,253
1983-10-15,26,Say Say Say,Paul McCartney And Michael Jackson,26.0,26,253
1986-06-14,77,Higher Love,Steve Winwood,77.0,77,253
2000-02-12,80,Otherside,Red Hot Chili Peppers,80.0,80,253
1986-12-20,83,"Somewhere Out There (From ""An American Tail"")",Linda Ronstadt & James Ingram,83.0,83,253
1996-12-07,83,I Like It,The Blackout Allstars,83.0,83,253
1989-08-05,53,Girl I'm Gonna Miss You,Milli Vanilli,53.0,53,253
1989-05-06,81,If You Don't Know Me By Now,Simply Red,81.0,81,253
2001-02-10,92,Missing You,Case,92.0,92,253
1994-01-01,66,So Much In Love,All-4-One,66.0,66,253
1993-06-12,89,One Last Cry,Brian McKnight,89.0,89,253
2002-08-24,93,Luv U Better,LL Cool J,93.0,93,253
1996-02-10,20,1979,The Smashing Pumpkins,20.0,20,253
2016-10-15,63,This Town,Niall Horan,63.0,63,253
2014-07-19,92,New Flame,Chris Brown Featuring Usher & Rick Ross,87.0,92,253
1988-04-23,78,Supersonic,J.J. Fad,78.0,78,253
1990-10-27,88,Just Another Dream,Cathy Dennis,88.0,88,253
2000-01-22,65,Never Let You Go,Third Eye Blind,65.0,65,253
1990-04-07,99,The Ballad Of Jayne,L.A. Guns,99.0,99,253
2020-01-11,38,Out West,JACKBOYS Featuring Young Thug,38.0,38,253
1990-09-22,83,Stranded,Heart,83.0,83,253
1987-08-15,64,Who Will You Run To,Heart,64.0,64,253
1981-08-22,83,The Theme From Hill Street Blues,Mike Post featuring Larry Carlton,83.0,83,253
2005-02-26,94,Wait (The Whisper Song),Ying Yang Twins,94.0,94,253
2020-07-04,96,Pretty Heart,Parker McCollum,96.0,96,253
1998-11-07,43,Hard Knock Life (Ghetto Anthem),JAY-Z,43.0,43,253
1991-06-29,93,Now That We Found Love,Heavy D & The Boyz,93.0,93,253
1984-10-20,88,All I Need,Jack Wagner,88.0,88,253
1977-04-30,83,You're My World,Helen Reddy,83.0,83,253
1997-05-03,94,6 Underground,Sneaker Pimps,94.0,94,253
1991-01-12,92,Something In My Heart,Michel'le,92.0,92,253
1974-03-16,79,Dancing Machine,Jackson 5,79.0,79,253
1983-02-19,77,She Blinded Me With Science,Thomas Dolby,77.0,77,253
2004-02-14,70,100 Years,Five For Fighting,70.0,70,253
1977-03-26,89,Feels Like The First Time,Foreigner,89.0,89,253
2012-04-07,99,We Run The Night,Havana Brown Featuring Pitbull,99.0,99,253
2021-04-03,94,Famous Friends,Chris Young + Kane Brown,89.0,94,253
1972-06-24,99,I Am Woman,Helen Reddy,99.0,99,253
1981-10-24,86,Turn Your Love Around,George Benson,86.0,86,253
2020-05-16,61,We Paid,Lil Baby & 42 Dugg,61.0,61,253
2008-11-29,13,White Horse,Taylor Swift,13.0,13,253
2015-12-12,70,Water Under The Bridge,Adele,94.0,70,253
1990-05-12,81,The Power,Snap!,81.0,81,253
2005-03-05,95,Slow Down,Bobby Valentino,95.0,95,253
1983-06-04,89,Maniac,Michael Sembello,89.0,89,253
2016-05-21,20,H.O.L.Y.,Florida Georgia Line,20.0,20,253
2005-12-03,100,Unpredictable,Jamie Foxx Featuring Ludacris,100.0,100,253
2007-11-24,89,Shadow Of The Day,Linkin Park,89.0,89,253
2013-02-02,53,Love Me,Lil Wayne Featuring Drake & Future,53.0,53,253
1978-03-11,96,I Can't Stand The Rain,Eruption,96.0,96,253
1991-01-19,84,Hold You Tight,Tara Kemp,84.0,84,253
1991-06-29,53,(Everything I Do) I Do It For You,Bryan Adams,53.0,53,253
1999-08-21,86,Get Gone,Ideal,86.0,86,253
1979-12-22,58,Crazy Little Thing Called Love,Queen,58.0,58,253
1990-01-20,71,Just A Friend,Biz Markie,71.0,71,253
2005-04-16,92,Grind With Me,Pretty Ricky,92.0,92,253
1977-02-19,94,Couldn't Get It Right,Climax Blues Band,94.0,94,253
1977-05-14,89,Da Doo Ron Ron,Shaun Cassidy,89.0,89,253
2015-04-11,100,Like A Wrecking Ball,Eric Church,100.0,100,253
1988-09-10,79,How Can I Fall?,Breathe,79.0,79,253
1972-10-28,90,Dancing In The Moonlight,King Harvest,90.0,90,253
1976-04-17,90,Moonlight Feels Right,Starbuck,90.0,90,253
1980-09-13,77,Dreaming,Cliff Richard,77.0,77,253
1976-07-04,87,Devil Woman,Cliff Richard,87.0,87,253
1980-12-13,88,A Little In Love,Cliff Richard,88.0,88,253
1990-02-03,78,All Around The World,Lisa Stansfield,78.0,78,253
2012-03-17,79,Springsteen,Eric Church,79.0,79,253
1978-08-05,83,You Never Done It Like That,Captain & Tennille,83.0,83,253
2002-05-18,69,Hero,Chad Kroeger Featuring Josey Scott,69.0,69,253
1973-03-31,99,Will It Go Round In Circles,Billy Preston,99.0,99,253
1977-01-29,81,Right Time Of The Night,Jennifer Warnes,81.0,81,253
2009-03-21,96,LoveGame,Lady Gaga,99.0,96,253
1979-06-30,89,I Know A Heartache When I See One,Jennifer Warnes,89.0,89,253
1999-07-03,82,Spend My Life With You,Eric Benet Featuring Tamia,82.0,82,253
1992-02-22,98,Ain't 2 Proud 2 Beg,TLC,98.0,98,253
1995-03-04,39,Red Light Special,TLC,39.0,39,253
2017-07-22,78,Rake It Up,Yo Gotti Featuring Nicki Minaj,78.0,78,253
2020-07-18,63,Said Sum,Moneybagg Yo,63.0,63,253
1993-11-27,51,All For Love,Bryan Adams/Rod Stewart/Sting,51.0,51,253
2016-07-02,92,Money Longer,Lil Uzi Vert,92.0,92,253
1985-08-24,76,Be Near Me,ABC,76.0,76,253
1977-09-17,91,You Can't Turn Me Off (In The Middle Of Turning Me On),High Inergy,91.0,91,253
1969-07-26,91,"Sugar, Sugar",The Archies,91.0,91,253
1980-02-16,92,Brass In Pocket (I'm Special),Pretenders,92.0,92,253
1977-09-24,89,Come Sail Away,Styx,89.0,89,253
2019-04-27,96,"Hey Look Ma, I Made It",Panic! At The Disco,96.0,96,253
1997-11-01,66,I Do,Lisa Loeb,66.0,66,253
2006-09-02,25,Call Me When You're Sober,Evanescence,25.0,25,253
2012-02-25,96,Drank In My Cup,Kirko Bangz,96.0,96,253
2008-09-06,86,Mrs. Officer,Lil Wayne Featuring Bobby Valentino & Kidd Kidd,86.0,86,253
1976-11-20,87,Torn Between Two Lovers,Mary Macgregor,87.0,87,253
1983-09-24,78,Love Is A Battlefield,Pat Benatar,78.0,78,253
1988-09-03,74,Don't Know What You Got (Till It's Gone),Cinderella,74.0,74,253
1994-10-22,60,You Want This/70's Love Groove,Janet Jackson,60.0,60,253
1990-11-17,89,Love Will Never Do (Without You),Janet Jackson,89.0,89,253
1986-12-13,83,Livin' On A Prayer,Bon Jovi,83.0,83,253
1989-03-04,82,I'll Be There For You,Bon Jovi,82.0,82,253
2001-03-17,14,All For You,Janet,14.0,14,253
1978-01-28,89,If I Can't Have You,Yvonne Elliman,89.0,89,253
2017-01-07,41,Both,Gucci Mane Featuring Drake,41.0,41,253
1988-08-20,89,Another Lover,Giant Steps,89.0,89,253
2012-09-22,96,No Worries,Lil Wayne Featuring Detail,96.0,96,253
2012-05-19,97,Why Ya Wanna,Jana Kramer,97.0,97,253
2020-04-18,71,Be A Light,"Thomas Rhett Featuring Reba McEntire, Hillary Scott, Chris Tomlin & Keith Urban",71.0,71,253
1985-09-07,59,Miami Vice Theme,Jan Hammer,59.0,59,253
1983-08-20,67,Telefone (long Distance Love Affair),Sheena Easton,67.0,67,253
1986-10-18,76,Shake You Down,Gregory Abbott,76.0,76,253
1983-01-29,77,Jeopardy,Greg Kihn Band,77.0,77,253
2008-11-29,35,If Today Was Your Last Day,Nickelback,35.0,35,253
2020-08-08,56,Happy Anywhere,Blake Shelton Featuring Gwen Stefani,56.0,56,253
1995-07-08,71,'Til You Do Me Right,After 7,71.0,71,253
2008-04-12,55,Bust It Baby Part 2,Plies Featuring Ne-Yo,55.0,55,253
2007-11-03,100,Just Fine,Mary J. Blige,100.0,100,253
2011-08-27,39,It Girl,Jason Derulo,39.0,39,253
2002-07-13,61,Gangsta Lovin',Eve Featuring Alicia Keys,61.0,61,253
1978-05-27,69,Grease,Frankie Valli,69.0,69,253
1986-09-20,86,The Way It Is,Bruce Hornsby & The Range,86.0,86,253
1982-07-10,86,I Ran (So Far Away),A Flock Of Seagulls,86.0,86,253
1987-01-31,64,Nothing's Gonna Stop Us Now,Starship,64.0,64,253
1987-08-15,77,Let Me Be The One,Expose,77.0,77,253
2018-02-10,18,Walk It Talk It,Migos Featuring Drake,18.0,18,253
1981-11-21,76,Shake It Up,The Cars,76.0,76,253
2014-11-15,53,I Bet My Life,Imagine Dragons,53.0,53,253
1993-09-18,68,I'd Do Anything For Love (But I Won't Do That),Meat Loaf,68.0,68,253
1985-03-09,87,In My House,Mary Jane Girls,87.0,87,253
1993-07-24,94,Hey Jealousy,Gin Blossoms,94.0,94,253
1998-12-05,15,Have You Ever?,Brandy,15.0,15,253
1985-11-02,64,Burning Heart,Survivor,64.0,64,253
1990-10-06,95,Wiggle It,2 In A Room,95.0,95,253
1993-10-09,96,Jessie,Joshua Kadison,96.0,96,253
2010-07-10,59,King Of Anything,Sara Bareilles,59.0,59,253
2002-07-27,74,Baby,Ashanti,74.0,74,253
1977-04-23,85,Do You Wanna Make Love,Peter Mccann,85.0,85,253
1976-08-28,88,Nadia's Theme (The Young And The Restless),Barry DeVorzon And Perry Botikin Jr.,88.0,88,253
1979-02-17,82,Shake Your Body (Down To The Ground),The Jacksons,82.0,82,253
1993-01-30,84,Hip Hop Hooray,Naughty By Nature,84.0,84,253
1980-08-02,84,Fool For Your Loving,Whitesnake,84.0,84,253
2018-07-28,84,Broken,lovelytheband,84.0,84,253
1986-11-29,92,Brand New Lover,Dead Or Alive,92.0,92,253
1984-11-10,63,The Boys Of Summer,Don Henley,63.0,63,253
1980-11-01,38,(Just Like) Starting Over,John Lennon,38.0,38,253
1978-11-04,84,The Gambler,Kenny Rogers,84.0,84,253
2015-10-10,22,On My Mind,Ellie Goulding,22.0,22,253
2004-09-18,72,Let's Go,Trick Daddy Featuring Lil Jon & Twista,72.0,72,253
1977-04-16,86,Ariel,Dean Friedman,86.0,86,253
1985-11-23,90,The Sweetest Taboo,Sade,90.0,90,253
1998-04-18,24,Everybody [Backstreet's Back],Backstreet Boys,24.0,24,253
1985-08-24,92,Love Theme From St. Elmo's Fire (Instrumental),David Foster,92.0,92,253
1992-09-05,97,Love Is On The Way,Saigon Kick,97.0,97,253
2014-03-15,65,Not A Bad Thing,Justin Timberlake,65.0,65,253
1996-10-26,17,When You Love A Woman,Journey,17.0,17,253
2020-10-31,93,Throat Baby (Go Baby),BRS Kash,93.0,93,253
1983-12-03,52,Karma Chameleon,Culture Club,52.0,52,253
2006-09-02,90,Too Little Too Late,JoJo,90.0,90,253
2003-03-22,61,Rock Your Body,Justin Timberlake,61.0,61,253
2012-03-24,84,Brokenhearted,Karmin,84.0,84,253
2014-07-05,14,Maps,Maroon 5,14.0,14,253
2020-03-28,88,Supalonely,BENEE Featuring Gus Dapperton,88.0,88,253
1987-11-07,90,I Live For Your Love,Natalie Cole,90.0,90,253
1990-08-18,76,Giving You The Benefit,Pebbles,76.0,76,253
2017-03-04,96,Hurricane,Luke Combs,96.0,96,253
2018-07-14,6,In My Feelings,Drake,6.0,6,253
2007-02-03,94,Last Night,Diddy Featuring Keyshia Cole,94.0,94,253
1985-06-22,90,St. Elmo's Fire (Man In Motion),John Parr,90.0,90,253
1993-07-17,55,Right Here (Human Nature)/Downtown,SWV,55.0,55,253
2018-07-14,2,Nonstop,Drake,2.0,2,253
2004-03-27,68,Naughty Girl,Beyonce,68.0,68,253
1970-03-21,93,Hitchin' A Ride,Vanity Fare,93.0,93,253
2003-08-23,76,Harder To Breathe,Maroon 5,76.0,76,253
1983-04-16,89,Electric Avenue,Eddy Grant,89.0,89,253
1982-10-09,68,Heartbreaker,Dionne Warwick,68.0,68,253
1983-09-24,89,Major Tom (Coming Home),Peter Schilling,89.0,89,253
2002-01-05,43,Uh Huh,B2K,43.0,43,253
1980-11-01,68,Guilty,Barbra Streisand & Barry Gibb,68.0,68,253
1973-10-20,96,Show And Tell,Al Wilson,96.0,96,253
1997-09-06,18,Building A Mystery,Sarah McLachlan,18.0,18,253
1981-07-25,65,Step By Step,Eddie Rabbitt,65.0,65,253
2006-10-21,95,Walk Away (Remember Me),Paula DeAnda Featuring The DEY,95.0,95,253
2002-11-30,67,"Bump, Bump, Bump",B2K & P. Diddy,67.0,67,253
2000-09-30,89,What's Your Fantasy,Ludacris Featuring Shawnna,89.0,89,253
1985-10-05,82,Party All The Time,Eddie Murphy,82.0,82,253
1984-09-08,61,Desert Moon,Dennis DeYoung,61.0,61,253
2013-02-23,63,Started From The Bottom,Drake,63.0,63,253
1977-08-20,86,It's Ecstasy When You Lay Down Next To Me,Barry White,86.0,86,253
1983-03-12,85,Always Something There To Remind Me,Naked Eyes,85.0,85,253
1999-08-28,63,Mambo No. 5 (A Little Bit Of...),Lou Bega,63.0,63,253
1989-08-26,64,Listen To Your Heart,Roxette,64.0,64,253
2012-02-04,52,Faded,Tyga Featuring Lil Wayne,52.0,52,253
1985-07-13,87,Money For Nothing,Dire Straits,87.0,87,253
1986-02-15,94,Your Love,The Outfield,94.0,94,253
1990-04-07,52,Poison,Bell Biv DeVoe,52.0,52,253
1987-10-03,77,Shake Your Love,Debbie Gibson,77.0,77,253
2016-10-29,82,All Time Low,Jon Bellion,82.0,82,253
2014-10-25,79,Love Me Harder,Ariana Grande & The Weeknd,79.0,79,253
1990-06-30,92,Do Me!,Bell Biv DeVoe,92.0,92,253
1986-08-16,79,I Didn't Mean To Turn You On,Robert Palmer,79.0,79,253
2014-08-23,19,Anaconda,Nicki Minaj,19.0,19,253
2000-09-09,85,Gotta Tell You,Samantha Mumba,85.0,85,253
2018-07-28,11,God Is A Woman,Ariana Grande,11.0,11,253
1990-10-13,84,Miles Away,Winger,84.0,84,253
2003-12-06,62,Slow Jamz,Twista Featuring Kanye West & Jamie Foxx,62.0,62,253
2012-06-02,100,Cowboys And Angels,Dustin Lynch,100.0,100,253
2017-05-20,1,I'm The One,"DJ Khaled Featuring Justin Bieber, Quavo, Chance The Rapper & Lil Wayne",1.0,1,253
2013-10-05,100,White Walls,Macklemore & Ryan Lewis Featuring ScHoolboy Q & Hollis,100.0,100,253
1993-01-09,67,Ordinary World,Duran Duran,67.0,67,253
1985-02-16,65,Rhythm Of The Night,Debarge,65.0,65,253
2012-10-13,13,Die Young,Ke$ha,13.0,13,253
2010-08-28,98,Little Lion Man,Mumford & Sons,98.0,98,253
1972-01-22,99,Slippin' Into Darkness,War,99.0,99,253
1973-12-01,89,Love's Theme,Love Unlimited Orchestra,89.0,89,253
1987-04-04,95,Songbird,Kenny G,95.0,95,253
1964-02-15,76,"Hello, Dolly!",Louis Armstrong And The All Stars,76.0,76,253
1985-05-25,81,Forever,Kenny Loggins,81.0,81,253
1979-06-23,86,My Sharona,The Knack,86.0,86,253
2000-02-26,88,Party Up (Up In Here),DMX,88.0,88,253
1995-12-09,26,One Of Us,Joan Osborne,26.0,26,253
1993-01-30,83,Angel,Jon Secada,83.0,83,253
1994-07-23,73,None Of Your Business,Salt-N-Pepa,73.0,73,253
1981-06-06,87,Feels So Right,Alabama,87.0,87,253
1986-07-05,97,Point Of No Return,Nu Shooz,97.0,97,253
1994-06-11,75,Closer,Nine Inch Nails,75.0,75,253
1992-04-11,83,Tennessee,Arrested Development,83.0,83,253
1998-12-05,60,(God Must Have Spent) A Little More Time On You,'N Sync,60.0,60,253
1982-07-24,69,Jack & Diane,John Cougar,69.0,69,253
2013-09-28,51,Stay The Night,Zedd Featuring Hayley Williams,86.0,51,253
2007-08-25,99,Wake Up Call,Maroon 5,99.0,99,253
1986-02-08,83,Addicted To Love,Robert Palmer,83.0,83,253
1984-04-21,88,Dance Hall Days,Wang Chung,88.0,88,253
1978-05-27,87,Magnet And Steel,Walter Egan,87.0,87,253
2014-07-19,15,Break Free,Ariana Grande Featuring Zedd,15.0,15,253
1988-09-24,85,Giving You The Best That I Got,Anita Baker,85.0,85,253
2021-06-05,85,Leave Before You Love Me,Marshmello X Jonas Brothers,85.0,85,253
2010-02-27,64,Rude Boy,Rihanna,64.0,64,253
1985-09-21,84,Broken Wings,Mr. Mister,84.0,84,253
1980-07-12,88,I'm Alright,Kenny Loggins,88.0,88,253
1990-11-03,75,After The Rain,Nelson,75.0,75,253
1990-08-04,62,Something Happened On The Way To Heaven,Phil Collins,62.0,62,253
1978-12-16,83,Shake Your Groove Thing,Peaches & Herb,83.0,83,253
1986-08-16,74,Sweet Love,Anita Baker,74.0,74,253
1981-05-16,78,Elvira,The Oak Ridge Boys,78.0,78,253
2003-10-04,95,Milkshake,Kelis,95.0,95,253
1981-02-21,70,Angel Of The Morning,Juice Newton,70.0,70,253
1977-10-29,80,You're In My Heart (The Final Acclaim),Rod Stewart,80.0,80,253
2008-12-20,19,Beautiful,Akon Featuring Colby O'Donis & Kardinal Offishall,19.0,19,253
1994-10-08,30,Secret,Madonna,30.0,30,253
2021-04-03,82,Tombstone,Rod Wave,82.0,82,253
2004-09-04,72,Charlene,Anthony Hamilton,72.0,72,253
2003-04-19,74,My Front Porch Looking In,Lonestar,74.0,74,253
1977-11-26,86,Sometimes When We Touch,Dan Hill,86.0,86,253
1993-04-24,86,Have I Told You Lately,Rod Stewart,86.0,86,253
2006-06-24,98,Sexy Love,Ne-Yo,98.0,98,253
1981-08-22,79,I've Done Everything For You,Rick Springfield,79.0,79,253
2016-03-12,75,Lost Boy,Ruth B,75.0,75,253
1976-01-03,85,Only Sixteen,Dr. Hook,85.0,85,253
1988-01-23,68,Rocket 2 U,The Jets,68.0,68,253
2010-11-06,83,What's My Name?,Rihanna Featuring Drake,83.0,83,253
1969-11-01,86,Raindrops Keep Fallin' On My Head,B.J. Thomas,86.0,86,253
2011-07-02,16,Lighters,Bad Meets Evil Featuring Bruno Mars,16.0,16,253
2000-08-19,97,Best Of Intentions,Travis Tritt,97.0,97,253
1989-09-16,72,When I See You Smile,Bad English,72.0,72,253
2019-05-11,94,Knockin' Boots,Luke Bryan,94.0,94,253
2012-09-22,55,Clique,"Kanye West, Jay-Z, Big Sean",55.0,55,253
1977-04-02,84,Margaritaville,Jimmy Buffett,84.0,84,253
1979-12-15,87,Longer,Dan Fogelberg,87.0,87,253
1987-03-28,79,Always,Atlantic Starr,79.0,79,253
2011-02-26,48,Roll Up,Wiz Khalifa,48.0,48,253
1977-06-18,90,It Was Almost Like A Song,Ronnie Milsap,90.0,90,253
2019-10-19,1,HIGHEST IN THE ROOM,Travis Scott,1.0,1,253
2009-05-30,32,Battlefield,Jordin Sparks,32.0,32,253
1984-12-22,37,Careless Whisper,Wham! Featuring George Michael,37.0,37,253
2010-04-03,76,More,Usher,88.0,76,253
1976-03-20,69,Misty Blue,Dorothy Moore,69.0,69,253
1989-06-17,85,Angel Eyes,The Jeff Healey Band,85.0,85,253
2004-08-28,91,Oye Mi Canto,"N.O.R.E. Featuring Daddy Yankee, Nina Sky, Gem Star & Big Mato",91.0,91,253
2009-01-03,90,Turnin Me On,Keri Hilson Featuring Lil Wayne,90.0,90,253
1983-06-04,36,Every Breath You Take,The Police,36.0,36,253
2009-11-21,93,Someday,Rob Thomas,93.0,93,253
2008-03-29,64,Damaged,Danity Kane,64.0,64,253
2012-03-03,1,Part Of Me,Katy Perry,1.0,1,253
2010-12-11,72,Pretty Girl Rock,Keri Hilson,72.0,72,253
1978-09-16,79,Sharing The Night Together,Dr. Hook,79.0,79,253
1990-06-02,73,Vision Of Love,Mariah Carey,73.0,73,253
2007-09-15,93,How Far We've Come,matchbox twenty,93.0,93,253
2017-11-25,65,Lemon,N*E*R*D & Rihanna,65.0,65,246
2017-11-18,14,MotorSport,"Migos, Nicki Minaj & Cardi B",14.0,14,245
2017-09-30,99,Let Me Go,Hailee Steinfeld & Alesso Featuring Florida Georgia Line & Watt,90.0,99,240
2017-09-16,73,What Lovers Do,Maroon 5 Featuring SZA,73.0,73,236
2017-08-26,82,What About Us,P!nk,82.0,82,233
1990-04-28,89,Girls Nite Out,Tyler Collins,89.0,89,231
1987-08-29,66,Little Lies,Fleetwood Mac,66.0,66,231
1988-09-17,96,Edge Of A Broken Heart,Vixen,96.0,96,231
2007-06-09,96,Make Me Better,Fabolous Featuring Ne-Yo,96.0,96,231
1982-09-04,67,Heart Attack,Olivia Newton-John,67.0,67,231
1987-04-11,97,Don't Disturb This Groove,The System,97.0,97,231
1958-08-04,35,Rock-in Robin,Bobby Day,35.0,35,231
1990-06-23,71,Epic,Faith No More,71.0,71,231
1994-07-30,47,Stroke You Up,Changing Faces,47.0,47,231
1974-01-12,99,Seasons In The Sun,Terry Jacks,99.0,99,231
1958-09-29,83,Tom Dooley,The Kingston Trio,83.0,83,231
2019-03-16,77,Act Up,City Girls,77.0,77,231
2015-04-11,99,You Know You Like It,DJ Snake & AlunaGeorge,99.0,99,231
2002-05-25,88,Just A Friend 2002,Mario,88.0,88,231
1975-02-08,94,Jackie Blue,Ozark Mountain Daredevils,94.0,94,231
2008-11-29,79,Fifteen,Taylor Swift,94.0,79,231
2019-08-31,78,Heartless,Diplo Presents Thomas Wesley Featuring Morgan Wallen,75.0,78,231
2013-08-31,16,That's My Kind Of Night,Luke Bryan,16.0,16,231
2002-01-26,77,I Love You,Faith Evans,77.0,77,231
1974-05-18,92,Sideshow,Blue Magic,92.0,92,231
1980-02-16,71,Sexy Eyes,Dr. Hook,71.0,71,231
2006-12-16,22,Keep Holding On,Avril Lavigne,22.0,22,231
1986-02-22,95,What Have You Done For Me Lately,Janet Jackson,95.0,95,231
2011-03-05,86,Tomorrow,Chris Young,96.0,86,231
1987-11-14,88,I Want To Be Your Man,Roger,88.0,88,231
2020-09-05,79,Hawai,Maluma & The Weeknd,79.0,79,231
1992-05-23,97,Keep On Walkin',CeCe Peniston,97.0,97,231
1980-10-25,86,It's My Turn,Diana Ross,86.0,86,231
1958-11-24,88,Lonely Teardrops,Jackie Wilson,88.0,88,231
1980-07-12,67,Lookin' For Love,Johnny Lee,67.0,67,231
2016-02-06,95,Middle,DJ Snake Featuring Bipolar Sunshine,95.0,95,231
1979-10-27,81,Don't Let Go,Isaac Hayes,81.0,81,231
1986-11-08,95,Nobody's Fool,Cinderella,95.0,95,231
2007-02-24,94,2 Step,Unk,94.0,94,231
2005-10-08,97,Like We Never Loved At All,Faith Hill,97.0,97,231
1997-07-12,33,Not Tonight,"Lil' Kim Feat. Da Brat, Left Eye, Missy Elliott & Angie Mar",33.0,33,231
1994-05-28,45,Anytime You Need A Friend,Mariah Carey,45.0,45,231
1981-01-31,81,Ain't Even Done With The Night,John Cougar,81.0,81,231
2003-09-27,73,Bright Lights,matchbox twenty,73.0,73,231
1988-07-02,93,If It Isn't Love,New Edition,93.0,93,231
1976-09-11,84,The Rubberband Man,The Spinners,84.0,84,231
1995-03-11,78,"No More ""I Love You's""",Annie Lennox,78.0,78,231
1979-08-25,70,Dim All The Lights,Donna Summer,70.0,70,231
2000-07-08,77,Wonderful,Everclear,77.0,77,231
2002-07-27,77,Gotta Get Thru This,Daniel Bedingfield,77.0,77,231
1989-04-01,68,I'll Be Loving You (Forever),New Kids On The Block,68.0,68,231
2013-04-13,67,Boys 'round Here,Blake Shelton Featuring Pistol Annies & Friends,67.0,67,231
1985-11-02,61,Walk Of Life,Dire Straits,61.0,61,231
1976-02-14,84,Boogie Fever,The Sylvers,84.0,84,231
2019-07-13,84,Lalala,Y2K & bbno$,84.0,84,231
1981-11-14,59,I Can't Go For That (No Can Do),Daryl Hall John Oates,59.0,59,231
1989-12-16,65,Dangerous,Roxette,65.0,65,231
1997-12-06,25,Been Around The World,Puff Daddy & The Family (Feat. The Notorious B.I.G. & Mase),25.0,25,231
1987-12-19,84,She's Like The Wind,Patrick Swayze (Featuring Wendy Fraser),84.0,84,231
2005-10-22,81,Don't Forget About Us,Mariah Carey,81.0,81,231
2001-08-11,98,Raise Up,Petey Pablo,98.0,98,231
2020-11-28,85,What's Your Country Song,Thomas Rhett,80.0,85,231
2019-10-26,64,Kinfolks,Sam Hunt,64.0,64,231
2014-07-12,98,Leave The Night On,Sam Hunt,98.0,98,231
1978-10-14,87,New York Groove,Ace Frehley,87.0,87,231
2013-05-04,75,The Other Side,Jason Derulo,75.0,75,231
1977-03-12,78,Heard It In A Love Song,The Marshall Tucker Band,78.0,78,231
1998-12-05,56,These Are The Times,Dru Hill,56.0,56,231
1981-07-25,57,Stop Draggin' My Heart Around,Stevie Nicks With Tom Petty And The Heartbreakers,57.0,57,231
1983-12-24,67,Give It Up,KC,67.0,67,231
1985-08-24,59,Lovin' Every Minute Of It,Loverboy,59.0,59,231
1984-03-03,79,To All The Girls I've Loved Before,Julio Iglesias And Willie Nelson,79.0,79,231
1985-08-03,85,Oh Sheila,Ready For The World,85.0,85,231
1979-04-21,79,Hot Stuff,Donna Summer,79.0,79,231
1987-10-31,91,Pop Goes The World,Men Without Hats,91.0,91,231
1985-06-08,86,I Wonder If I Take You Home,Lisa Lisa And Clult Jam With Full Force,86.0,86,231
1978-07-22,86,Get Off,Foxy,86.0,86,231
2012-10-13,81,I Cry,Flo Rida,81.0,81,231
1971-07-17,98,Maggie May/Reason To Believe,Rod Stewart,98.0,98,231
1978-01-14,73,Jack And Jill,Raydio,73.0,73,231
1979-02-17,84,Heart Of Glass,Blondie,84.0,84,231
1991-04-06,73,Losing My Religion,R.E.M.,73.0,73,231
1976-01-03,82,Sweet Thing,Rufus Featuring Chaka Khan,82.0,82,231
2008-07-05,38,In The Ayer,Flo Rida Featuring will.i.am,38.0,38,231
1971-09-04,49,Superstar/Bless The Beasts And Children,Carpenters,49.0,49,231
2017-07-08,4,Wild Thoughts,DJ Khaled Featuring Rihanna & Bryson Tiller,4.0,4,231
1983-05-28,67,She Works Hard For The Money,Donna Summer,67.0,67,231
1982-03-06,80,Making Love,Roberta Flack,80.0,80,231
1973-02-17,99,Wildflower,Skylark,99.0,99,231
2006-11-18,97,Here (In Your Arms),Hellogoodbye,97.0,97,231
1958-12-08,93,I Cried A Tear,LaVern Baker,93.0,93,231
1988-05-14,96,Just Got Paid,Johnny Kemp,96.0,96,231
1986-10-04,82,Everybody Have Fun Tonight,Wang Chung,82.0,82,231
1993-09-04,96,Come Baby Come,K7,96.0,96,231
2013-10-19,91,Whatever She's Got,David Nail,91.0,91,231
1972-01-22,90,I Gotcha,Joe Tex,90.0,90,231
1998-11-14,1,Doo Wop (That Thing),Lauryn Hill,1.0,1,231
2004-12-25,95,Okay,Nivea Featuring Lil Jon & YoungBloodZ,95.0,95,231
1959-04-27,93,The Battle Of New Orleans,Johnny Horton,93.0,93,231
1978-05-13,85,Last Dance,Donna Summer,85.0,85,231
1993-03-20,55,Looking Through Patient Eyes,P.M. Dawn,55.0,55,231
2010-05-22,34,Find Your Love,Drake,34.0,34,231
1999-01-30,57,All I Have To Give,Backstreet Boys,57.0,57,231
2006-08-05,84,London Bridge,Fergie,84.0,84,231
1982-03-06,57,Don't Talk To Strangers,Rick Springfield,57.0,57,231
2000-12-23,73,Promise,Jagged Edge,73.0,73,231
2018-01-20,43,All The Stars,Kendrick Lamar & SZA,43.0,43,231
1984-09-15,63,Better Be Good To Me,Tina Turner,63.0,63,231
2005-05-14,51,Best Of You,Foo Fighters,51.0,51,231
1991-05-04,84,Place In This World,Michael W. Smith,84.0,84,231
1976-10-23,90,Dazz,Brick,90.0,90,231
2013-06-08,54,Love Somebody,Maroon 5,54.0,54,231
1992-07-11,91,"I Wanna Love You (From ""Class Act"")",Jade,91.0,91,231
2003-05-10,56,Rock Wit U (Awww Baby),Ashanti,56.0,56,231
1987-10-24,78,Cherry Bomb,John Mellencamp,78.0,78,231
1989-03-25,84,Every Little Step,Bobby Brown,84.0,84,231
2010-01-02,94,Hey Daddy (Daddy's Home),Usher Featuring Plies,80.0,94,231
1989-08-26,92,Rock Wit'cha,Bobby Brown,92.0,92,231
1986-11-01,64,Land Of Confusion,Genesis,64.0,64,231
1982-12-18,40,Shame On The Moon,Bob Seger & The Silver Bullet Band,40.0,40,231
2000-09-09,77,Pinch Me,Barenaked Ladies,77.0,77,231
1976-12-11,85,Night Moves,Bob Seger & The Silver Bullet Band,85.0,85,231
1985-06-01,73,What About Love?,Heart,73.0,73,231
2008-10-25,82,Feel That Fire,Dierks Bentley,82.0,82,231
1999-10-16,80,Learn To Fly,Foo Fighters,80.0,80,231
1987-03-28,89,Just To See Her,Smokey Robinson,89.0,89,231
1977-01-29,84,I've Got Love On My Mind,Natalie Cole,84.0,84,231
1983-11-26,89,The Politics Of Dancing,Re-flex,89.0,89,231
1991-12-07,88,Diamonds And Pearls,Prince And The N.P.G.,88.0,88,231
1986-05-10,89,Sledgehammer,Peter Gabriel,89.0,89,231
2018-02-17,81,Dura,Daddy Yankee,81.0,81,231
1960-11-14,71,Exodus,Ferrante & Teicher,71.0,71,231
1999-05-29,84,Last Kiss,Pearl Jam,84.0,84,231
2009-04-25,90,Not Meant To Be,Theory Of A Deadman,90.0,90,231
2005-12-31,89,Yo (Excuse Me Miss),Chris Brown,89.0,89,231
1977-08-13,84,Just Remember I Love You,Firefall,84.0,84,231
1989-11-04,72,Free Fallin',Tom Petty,72.0,72,231
2013-04-27,18,Crash My Party,Luke Bryan,18.0,18,231
1988-05-28,72,Sign Your Name,Terence Trent D'Arby,72.0,72,231
2019-06-29,2,You Need To Calm Down,Taylor Swift,2.0,2,231
1987-05-16,53,Alone,Heart,53.0,53,231
1978-07-15,78,Love Is In The Air,John Paul Young,78.0,78,231
1995-11-18,30,Hey Lover,LL Cool J,30.0,30,231
2018-03-17,80,X,Nicky Jam x J Balvin,80.0,80,231
1976-03-13,84,Get Up And Boogie (That's Right),Silver Convention,84.0,84,231
2018-05-05,74,Te Bote,"Casper Magico, Nio Garcia, Darell, Nicky Jam, Ozuna & Bad Bunny",74.0,74,231
1976-06-19,97,Wham Bam (Shang-A-Lang),Silver,97.0,97,231
2000-10-28,58,I Just Wanna Love U (Give It 2 Me),JAY-Z,58.0,58,231
2006-04-22,88,So What,Field Mob Featuring Ciara,88.0,88,231
2004-07-03,61,Pieces Of Me,Ashlee Simpson,61.0,61,231
1980-02-16,61,Ride Like The Wind,Christopher Cross,61.0,61,231
1980-06-14,77,Sailing,Christopher Cross,77.0,77,231
1979-09-08,86,You're Only Lonely,J.D. Souther,86.0,86,231
1991-06-22,77,I Can't Wait Another Minute,Hi-Five,77.0,77,231
1960-06-06,88,Only The Lonely (Know How I Feel),Roy Orbison,88.0,88,231
1980-04-26,73,Coming Up (Live At Glasgow),Paul McCartney And Wings,73.0,73,231
1974-04-20,98,The Air That I Breathe,The Hollies,98.0,98,231
2019-08-03,42,Baby,Lil Baby & DaBaby,42.0,42,231
1984-08-04,45,Let's Go Crazy,Prince And The Revolution,45.0,45,231
1985-10-05,45,Separate Lives,Phil Collins and Marilyn Martin,45.0,45,231
1982-11-06,77,You Can't Hurry Love,Phil Collins,77.0,77,231
1999-11-27,36,Hot Boyz,"Missy ""Misdemeanor"" Elliott Featuring NAS, EVE & Q-Tip",36.0,36,231
1979-10-20,85,Escape (The Pina Colada Song),Rupert Holmes,85.0,85,231
1959-08-10,98,Just As Much As Ever,Bob Beckham,98.0,98,231
1978-12-23,40,Da Ya Think I'm Sexy?,Rod Stewart,40.0,40,231
1985-04-13,81,Voices Carry,'Til Tuesday,81.0,81,231
1992-04-04,61,Jump,Kris Kross,61.0,61,231
1988-02-27,88,Wait,White Lion,88.0,88,231
2011-07-09,100,Country Must Be Country Wide,Brantley Gilbert,84.0,100,231
2019-02-02,96,GIRL,Maren Morris,61.0,96,231
1990-02-10,75,Don't Wanna Fall In Love,Jane Child,75.0,75,231
2001-07-14,75,One Minute Man,"Missy ""Misdemeanor"" Elliott",75.0,75,231
1978-01-14,88,Our Love,Natalie Cole,88.0,88,231
1981-02-14,74,Morning Train (Nine To Five),Sheena Easton,74.0,74,231
2021-03-20,2,Wants And Needs,Drake Featuring Lil Baby,2.0,2,231
1979-05-12,90,Ring My Bell,Anita Ward,90.0,90,231
2010-07-03,96,Farmer's Daughter,Rodney Atkins,96.0,96,231
1990-10-06,87,Tom's Diner,DNA Featuring Suzanne Vega,87.0,87,231
1981-04-11,76,Medley,Stars On 45,76.0,76,231
1973-09-01,99,I Can't Stand The Rain,Ann Peebles,99.0,99,231
1989-02-11,78,Second Chance,Thirty Eight Special,78.0,78,231
1980-06-21,87,Someone That I Used To Love,Natalie Cole,87.0,87,231
1990-03-10,95,Expression,Salt-N-Pepa,95.0,95,231
1994-10-08,85,Practice What You Preach,Barry White,85.0,85,231
1987-10-24,54,Faith,George Michael,54.0,54,231
1978-08-26,85,Sweet Life,Paul Davis,85.0,85,231
1987-05-30,85,Back In The High Life Again,Steve Winwood,85.0,85,231
2003-09-20,73,Holidae In,Chingy Featuring Ludacris & Snoop Dogg,73.0,73,231
1990-03-17,63,Nothing Compares 2 U,Sinead O'Connor,63.0,63,231
1976-10-09,90,Jeans On,David Dundas,90.0,90,231
2001-02-17,77,Love,Musiq Soulchild,77.0,77,231
2009-12-26,13,How Low,Ludacris,13.0,13,231
2001-11-10,95,Roll Out (My Business),Ludacris,95.0,95,231
2014-05-17,68,Wiggle,Jason Derulo Featuring Snoop Dogg,68.0,68,231
1977-07-23,81,Cold As Ice,Foreigner,81.0,81,231
1993-12-04,94,Amazing,Aerosmith,94.0,94,231
2019-05-18,68,Beer Never Broke My Heart,Luke Combs,68.0,68,231
1985-02-16,95,New Attitude,Patti LaBelle,95.0,95,231
2019-11-23,19,Woah,Lil Baby,19.0,19,231
2013-01-26,100,"Bitch, Don't Kill My Vibe",Kendrick Lamar,98.0,100,231
2013-05-11,82,Young And Beautiful,Lana Del Rey,82.0,82,231
2018-04-21,85,Get Along,Kenny Chesney,85.0,85,231
2013-09-07,77,Replay,Zendaya,77.0,77,231
1984-06-16,68,Ghostbusters,Ray Parker Jr.,68.0,68,231
1976-11-13,82,Enjoy Yourself,The Jacksons,82.0,82,231
1984-12-08,45,I Want To Know What Love Is,Foreigner,45.0,45,231
1999-02-06,80,How Forever Feels,Kenny Chesney,80.0,80,231
1980-05-31,88,Take Your Time (Do It Right) Part 1,The S.O.S. Band,88.0,88,231
1994-11-26,96,House Of Love,Amy Grant With Vince Gill,96.0,96,231
2012-05-12,70,Scream,Usher,70.0,70,231
1984-02-11,73,Hold Me Now,Thompson Twins,73.0,73,231
2002-03-09,60,Don't Let Me Get Me,P!nk,60.0,60,231
1989-04-29,62,Baby Don't Forget My Number,Milli Vanilli,62.0,62,231
1990-02-24,89,House Of Pain,Faster Pussycat,89.0,89,231
2000-08-05,57,Come On Over Baby (All I Want Is You),Christina Aguilera,57.0,57,231
2014-12-20,90,Geronimo,Sheppard,96.0,90,231
2004-01-03,74,Splash Waterfalls,Ludacris,74.0,74,231
1973-06-02,89,Touch Me In The Morning,Diana Ross,89.0,89,231
1986-09-20,74,The Next Time I Fall,Peter Cetera With Amy Grant,74.0,74,231
1985-03-23,86,Walking On Sunshine,Katrina And The Waves,86.0,86,231
1975-11-01,86,You Sexy Thing,Hot Chocolate,86.0,86,231
1986-12-06,79,I'll Be Alright Without You,Journey,79.0,79,231
2009-07-25,11,Obsessed,Mariah Carey,11.0,11,231
2013-05-18,75,Hey Girl,Billy Currington,93.0,75,231
2014-01-25,90,Partition,Beyonce,90.0,90,231
2004-09-04,58,Broken,Seether Featuring Amy Lee,58.0,58,231
1958-11-24,91,16 Candles,The Crests,91.0,91,231
2016-10-01,73,Blue Ain't Your Color,Keith Urban,73.0,73,231
1980-11-29,83,Smoky Mountain Rain,Ronnie Milsap,83.0,83,231
2004-11-27,88,Bring Em Out,T.I.,88.0,88,231
1981-05-23,72,Boy From New York City,The Manhattan Transfer,72.0,72,231
1977-03-19,83,Lonely Boy,Andrew Gold,83.0,83,231
1997-04-12,17,Where Have All The Cowboys Gone?,Paula Cole,17.0,17,231
1979-07-28,87,Don't Stop 'til You Get Enough,Michael Jackson,87.0,87,231
1978-03-25,78,It's A Heartache,Bonnie Tyler,78.0,78,231
1985-11-30,89,Life In A Northern Town,The Dream Academy,89.0,89,231
2013-10-26,100,Ready Set Roll,Chase Rice,93.0,100,231
2005-12-24,76,Shake That,Eminem Featuring Nate Dogg,76.0,76,231
1980-11-08,80,Together,Tierra,80.0,80,231
1975-06-28,90,Fame,David Bowie,90.0,90,231
2019-06-01,86,What If I Never Get Over You,Lady Antebellum,96.0,86,231
1986-09-13,81,Word Up,Cameo,81.0,81,231
1989-07-08,97,(You're My One And Only) True Love,Seduction,97.0,97,231
1994-04-16,79,Beautiful In My Eyes,Joshua Kadison,79.0,79,231
1959-08-17,86,Primrose Lane,Jerry Wallace With The Jewels,86.0,86,231
1978-10-07,84,Hold The Line,Toto,84.0,84,231
1988-11-05,90,All This Time,Tiffany,90.0,90,231
1989-12-16,68,Here We Are,Gloria Estefan,68.0,68,231
1985-03-02,55,Crazy For You,Madonna,55.0,55,231
1982-10-30,75,Africa,Toto,75.0,75,231
1981-08-22,68,The Night Owls,Little River Band,68.0,68,231
1969-05-31,96,Hurt So Bad,The Lettermen,96.0,96,231
1990-08-18,98,Joey,Concrete Blonde,98.0,98,231
1975-12-13,82,Golden Years,David Bowie,82.0,82,231
1988-04-09,86,Nite And Day,Al B. Sure!,86.0,86,231
2003-10-25,73,Fallen,Sarah McLachlan,73.0,73,231
1960-01-11,96,"The Theme From ""A Summer Place""",Percy Faith And His Orchestra,96.0,96,231
2010-08-28,97,Love Like Woe,The Ready Set,97.0,97,231
1992-04-18,76,Damn I Wish I Was Your Lover,Sophie B. Hawkins,76.0,76,231
1991-09-07,85,O.P.P.,Naughty By Nature,85.0,85,231
1980-05-24,38,It's Still Rock And Roll To Me,Billy Joel,38.0,38,231
1983-09-10,83,Heart And Soul,Huey Lewis & The News,83.0,83,231
1985-10-12,87,Everybody Dance,Ta Mara & The Seen,87.0,87,231
1983-06-25,75,Puttin' On The Ritz,Taco,75.0,75,231
2007-10-20,97,Into The Night,Santana Featuring Chad Kroeger,97.0,97,231
1977-05-28,86,Just A Song Before I Go,"Crosby, Stills & Nash",86.0,86,231
2010-08-28,96,Rhythm of Love,Plain White T's,99.0,96,231
2007-08-25,65,S.O.S.,Jonas Brothers,65.0,65,231
2020-07-25,73,Be Like That,Kane Brown With Swae Lee & Khalid,73.0,73,231
2005-01-29,63,Obsession (No Es Amor),Frankie J Featuring Baby Bash,63.0,63,231
2009-04-04,100,I Run To You,Lady Antebellum,100.0,100,231
2017-07-15,94,Crew,GoldLink Featuring Brent Faiyaz & Shy Glizzy,94.0,94,231
1987-06-13,78,Don't Mean Nothing,Richard Marx,78.0,78,231
1988-01-23,53,Endless Summer Nights,Richard Marx,53.0,53,231
1996-08-17,97,Jellyhead,Crush,97.0,97,231
2000-05-27,85,Wifey,Next,85.0,85,231
2006-05-20,86,Do It To It,Cherish Featuring Sean Paul Of The YoungBloodZ,86.0,86,231
1988-05-21,69,Hold On To The Nights,Richard Marx,69.0,69,231
2011-01-15,98,A Little Bit Stronger,Sara Evans,98.0,98,231
1995-11-25,1,"Exhale (Shoop Shoop) (From ""Waiting To Exhale"")",Whitney Houston,1.0,1,231
1987-05-02,88,Something So Strong,Crowded House,88.0,88,231
1989-07-08,44,Right Here Waiting,Richard Marx,44.0,44,231
1986-12-20,73,I Wanna Go Back,Eddie Money,73.0,73,231
1986-06-07,62,"Glory Of Love (Theme From ""The Karate Kid Part II"")",Peter Cetera,62.0,62,231
2010-01-09,39,Naturally,Selena Gomez & The Scene,39.0,39,231
1987-09-26,64,Should've Known Better,Richard Marx,64.0,64,231
1988-10-01,67,Walk On Water,Eddie Money,67.0,67,231
1982-10-30,78,Sexual Healing,Marvin Gaye,78.0,78,231
1986-10-04,98,For Tonight,Nancy Martinez,98.0,98,231
2018-01-06,94,Stir Fry,Migos,94.0,94,231
2000-12-09,78,Don't Tell Me,Madonna,78.0,78,231
1986-09-06,90,Wild Wild Life,Talking Heads,90.0,90,231
2005-08-06,63,Like You,Bow Wow Featuring Ciara,63.0,63,231
1974-12-07,99,"Don't Call Us, We'll Call You",Sugarloaf/Jerry Corbetta,99.0,99,231
1958-08-25,82,Topsy II,Cozy Cole,82.0,82,231
2007-09-29,14,Good Life,Kanye West Featuring T-Pain,14.0,14,231
1987-09-05,87,I Won't Forget You,Poison,87.0,87,231
1990-10-06,70,Something To Believe In,Poison,70.0,70,231
1989-05-27,83,Secret Rendezvous,Karyn White,83.0,83,231
1958-09-15,65,It's Only Make Believe,Conway Twitty,65.0,65,231
2009-12-19,67,According To You,Orianthi,67.0,67,231
1975-08-30,88,Sky High,Jigsaw,88.0,88,231
1984-06-30,77,The Warrior,Scandal Featuring Patty Smyth,77.0,77,231
2015-05-23,89,Classic Man,Jidenna Featuring Roman GianArthur,89.0,89,231
2001-04-07,94,She Couldn't Change Me,Montgomery Gentry,94.0,94,231
2006-10-21,80,Shortie Like Mine,Bow Wow Featuring Chris Brown & Johnta Austin,80.0,80,231
1988-10-22,79,I Remember Holding You,Boys Club,79.0,79,231
1993-09-18,90,Just Kickin' It,Xscape,90.0,90,231
1996-03-09,68,"1, 2, 3, 4 (Sumpin' New)",Coolio,68.0,68,231
1985-09-14,57,You Belong To The City,Glenn Frey,57.0,57,231
2011-03-19,89,My Last,Big Sean Featuring Chris Brown,97.0,89,231
1981-05-23,86,Hearts,Marty Balin,86.0,86,231
1977-04-30,80,You And Me,Alice Cooper,80.0,80,231
2020-03-14,98,Sunday Best,Surfaces,98.0,98,231
1991-05-18,94,Temptation,Corina,94.0,94,231
2019-11-23,78,Tusa,Karol G & Nicki Minaj,78.0,78,231
1979-03-24,86,The Logical Song,Supertramp,86.0,86,231
1985-04-20,70,The Search Is Over,Survivor,70.0,70,231
1980-10-25,80,"De Do Do Do, De Da Da Da",The Police,80.0,80,231
1987-11-07,68,Candle In The Wind,Elton John,68.0,68,231
1980-05-03,65,Little Jeannie,Elton John,65.0,65,231
1973-02-24,85,Drift Away,Dobie Gray,85.0,85,231
1988-10-29,60,Every Rose Has Its Thorn,Poison,60.0,60,231
1976-10-23,68,You Make Me Feel Like Dancing,Leo Sayer,68.0,68,231
1988-06-04,95,Fast Car,Tracy Chapman,95.0,95,231
1981-12-19,83,One Hundred Ways,Quincy Jones Featuring James Ingram,83.0,83,231
2003-11-29,94,Through The Wire,Kanye West,94.0,94,231
1990-06-02,91,Make You Sweat,Keith Sweat,91.0,91,231
1989-03-18,89,"Rock On (From ""Dream A Little Dream"")",Michael Damian,89.0,89,231
1977-02-12,96,Southern Nights,Glen Campbell,96.0,96,231
1988-02-27,86,Two Occasions,The Deele,86.0,86,231
1990-09-08,72,Ice Ice Baby,Vanilla Ice,72.0,72,231
1998-12-05,57,Miami,Will Smith,57.0,57,231
1994-09-24,84,Playaz Club,Rappin' 4-Tay,84.0,84,231
1991-08-10,72,Running Back To You,Vanessa Williams,72.0,72,231
1998-03-07,84,Let's Ride,Montell Jordan Feat. Master P & Silkk The Shocker,84.0,84,231
1997-05-24,5,Say You'll Be There,Spice Girls,5.0,5,231
2017-07-29,25,Praying,Kesha,25.0,25,231
2002-04-20,77,Oh Boy,Cam'Ron Featuring Juelz Santana,77.0,77,231
1989-10-28,88,Was It Nothing At All,Michael Damian,88.0,88,231
2002-08-31,50,Hey Ma,"Cam'Ron Featuring Juelz Santana, Freekey Zekey & Toya",50.0,50,231
1987-10-17,95,Crazy,Icehouse,95.0,95,231
1988-02-13,88,Electric Blue,Icehouse,88.0,88,231
1973-03-24,98,Pillow Talk,Sylvia (r&b),98.0,98,231
2009-09-26,92,Two Is Better Than One,Boys Like Girls Featuring Taylor Swift,79.0,92,231
2018-04-21,62,One Kiss,Calvin Harris & Dua Lipa,62.0,62,231
1989-06-24,65,Cold Hearted,Paula Abdul,65.0,65,231
2020-02-29,49,Dior,Pop Smoke,49.0,49,231
2008-07-12,79,One Step At A Time,Jordin Sparks,79.0,79,231
1987-09-26,73,(I've Had) The Time Of My Life,Bill Medley & Jennifer Warnes,73.0,73,231
2009-05-23,29,Fire Burning,Sean Kingston,29.0,29,231
1976-10-09,74,Stand Tall,Burton Cummings,74.0,74,231
1983-09-17,92,Cum On Feel The Noize,Quiet Riot,92.0,92,231
1975-02-01,97,Before The Next Teardrop Falls,Freddy Fender,97.0,97,231
1983-10-29,88,Holiday,Madonna,88.0,88,231
2008-05-24,97,Get Like Me,David Banner Featuring Chris Brown,97.0,97,231
2001-07-28,72,Be Like That,3 Doors Down,72.0,72,231
1958-12-08,94,Stagger Lee,Lloyd Price,94.0,94,231
1986-04-19,95,Your Wildest Dreams,The Moody Blues,95.0,95,231
1977-06-25,70,Way Down,Elvis Presley,70.0,70,231
1996-07-06,72,Macarena,Los Del Rio,72.0,72,231
1999-07-17,77,American Woman,Lenny Kravitz,77.0,77,231
1982-09-18,78,A Penny For Your Thoughts,Tavares,78.0,78,231
1991-02-23,75,Baby Baby,Amy Grant,75.0,75,231
1987-11-14,73,Hazy Shade Of Winter,The Bangles,73.0,73,231
1976-08-28,70,The Wreck Of The Edmund Fitzgerald,Gordon Lightfoot,70.0,70,231
2018-08-11,100,Drunk Me,Mitchell Tenpenny,83.0,100,231
2002-09-14,85,When The Last Time,Clipse,85.0,85,231
2000-08-26,64,You're A God,Vertical Horizon,64.0,64,231
1989-09-30,88,The Angel Song,Great White,88.0,88,231
1993-06-12,77,If I Had No Loot,Tony Toni Tone,77.0,77,231
1981-08-22,86,"She's A Bad Mama Jama (She's Built, She's Stacked)",Carl Carlton,86.0,86,231
1986-07-05,77,Friends And Lovers,Carl Anderson & Gloria Loring,77.0,77,231
1986-05-17,86,Mad About You,Belinda Carlisle,86.0,86,231
2000-12-09,46,Love Don't Cost A Thing,Jennifer Lopez,46.0,46,231
2016-10-01,98,X,21 Savage & Metro Boomin Featuring Future,98.0,98,231
1984-01-14,47,Jump,Van Halen,47.0,47,231
1986-06-21,96,"Take My Breath Away (Love Theme From ""Top Gun"")",Berlin,96.0,96,231
1978-09-09,87,I Just Wanna Stop,Gino Vannelli,87.0,87,231
1966-08-27,99,Born Free,Roger Williams,99.0,99,231
2003-12-06,98,F**k It (I Don't Want You Back),Eamon,98.0,98,231
1982-09-18,80,Rock This Town,Stray Cats,80.0,80,231
1958-09-08,95,The Ballad Of Thunder Road,Robert Mitchum,95.0,95,231
1984-05-26,36,Dancing In The Dark,Bruce Springsteen,36.0,36,231
1982-11-13,85,Goody Two Shoes,Adam Ant,85.0,85,231
2017-02-18,48,Slippery,Migos Featuring Gucci Mane,48.0,48,231
1989-10-28,83,Just Between You And Me,Lou Gramm,83.0,83,231
1987-09-26,72,Heaven Is A Place On Earth,Belinda Carlisle,72.0,72,231
1970-05-23,99,Spill The Wine,Eric Burdon And War,99.0,99,231
1985-05-11,67,You Give Good Love,Whitney Houston,67.0,67,231
1962-08-11,87,I Left My Heart In San Francisco,Tony Bennett,87.0,87,231
1978-11-11,85,I Was Made For Dancin',Leif Garrett,85.0,85,231
2008-08-09,96,Spotlight,Jennifer Hudson,96.0,96,231
2001-03-31,73,Fiesta,R. Kelly Featuring Jay-Z,73.0,73,231
1986-11-08,96,At This Moment,Billy Vera & The Beaters,96.0,96,231
1990-07-21,58,"Blaze Of Glory (From ""Young Guns II"")",Jon Bon Jovi,58.0,58,231
1981-09-12,82,Steal The Night,Stevie Woods,82.0,82,231
2016-04-02,10,Dangerous Woman,Ariana Grande,10.0,10,231
1977-11-19,94,More Than A Woman,Tavares,94.0,94,231
1986-05-10,85,Danger Zone,Kenny Loggins,85.0,85,231
2004-03-13,81,Roses,OutKast,81.0,81,231
1988-06-04,71,I Don't Wanna Live Without Your Love,Chicago,71.0,71,231
2013-08-10,2,Best Song Ever,One Direction,2.0,2,231
2015-12-19,87,Down In The DM,Yo Gotti Featuring Nicki Minaj,87.0,87,231
2011-01-01,9,6 Foot 7 Foot,Lil Wayne Featuring Cory Gunz,9.0,9,231
1976-08-14,60,If You Leave Me Now,Chicago,60.0,60,231
1989-12-16,91,C'mon And Get My Love,D-Mob Introducing Cathy Dennis,91.0,91,231
1976-06-05,79,You'll Never Find Another Love Like Mine,Lou Rawls,79.0,79,231
1976-06-05,86,Heaven Must Be Missing An Angel (part 1),Tavares,86.0,86,231
1987-03-28,96,You Keep Me Hangin' On,Kim Wilde,96.0,96,231
1990-03-31,96,Ready Or Not,After 7,96.0,96,231
1981-05-02,82,You Make My Dreams,Daryl Hall John Oates,82.0,82,231
2017-04-22,94,Drowning,A Boogie Wit da Hoodie Featuring Kodak Black,94.0,94,231
1972-03-11,97,The Candy Man,"Sammy Davis, Jr. with The Mike Curb Congregation",97.0,97,231
1983-10-15,89,Stay With Me Tonight,Jeffrey Osborne,89.0,89,231
2014-04-19,98,Come With Me Now,KONGOS,98.0,98,231
2011-03-26,86,Homeboy,Eric Church,99.0,86,231
2021-01-16,94,Hell Of A View,Eric Church,99.0,94,231
2006-12-23,100,Throw Some D's,Rich Boy Featuring Polow Da Don,100.0,100,231
2007-09-22,88,I Don't Wanna Be In Love (Dance Floor Anthem),Good Charlotte,88.0,88,231
2011-09-03,3,She Will,Lil Wayne Featuring Drake,3.0,3,231
1990-02-17,80,The Heart Of The Matter,Don Henley,80.0,80,231
1978-09-02,90,How Much I Feel,Ambrosia,90.0,90,231
1986-04-19,61,There'll Be Sad Songs (To Make You Cry),Billy Ocean,61.0,61,231
2002-06-01,95,The Impossible,Joe Nichols,95.0,95,231
1983-10-15,80,Time Will Reveal,Debarge,80.0,80,231
1992-03-14,63,Live And Learn,Joe Public,63.0,63,231
1991-12-21,67,I'm Too Sexy,Right Said Fred,67.0,67,231
1991-08-10,58,Do Anything,Natural Selection,58.0,58,231
1978-11-18,35,Too Much Heaven,Bee Gees,35.0,35,231
1960-03-14,99,Lonely Weekends,Charlie Rich,99.0,99,231
1975-03-08,53,Philadelphia Freedom,The Elton John Band,53.0,53,231
1984-12-01,56,Lover Boy,Billy Ocean,56.0,56,231
1998-06-27,23,Ghetto Supastar (That Is What You Are),Pras Michel Feat. Ol' Dirty Bastard & Introducing Mya,23.0,23,231
1981-11-14,90,Love In The First Degree,Alabama,90.0,90,231
2019-07-20,3,Goodbyes,Post Malone Featuring Young Thug,3.0,3,231
2019-11-30,95,Homesick,Kane Brown,95.0,95,231
1994-10-01,94,I Belong To You/How Many Ways,Toni Braxton,94.0,94,231
1999-11-27,85,My Best Friend,Tim McGraw,85.0,85,231
2001-01-13,79,Stranger In My House,Tamia,79.0,79,231
2006-12-16,81,Ice Box,Omarion,81.0,81,231
1987-06-27,84,La Bamba,Los Lobos,84.0,84,231
1976-07-10,79,"(Shake, Shake, Shake) Shake Your Booty",KC And The Sunshine Band,79.0,79,231
1994-01-08,95,Dunkie Butt (Please Please Please),12 Gauge,95.0,95,231
1986-11-01,82,Someday,Glass Tiger,82.0,82,231
1962-03-17,80,Stranger On The Shore,Mr. Acker Bilk,80.0,80,231
1984-04-21,46,The Reflex,Duran Duran,46.0,46,231
1985-09-07,43,Part-Time Lover,Stevie Wonder,43.0,43,231
1983-10-15,81,Baby I Lied,Deborah Allen,81.0,81,231
1976-09-04,79,Beth/Detroit Rock City,KISS,79.0,79,231
1987-09-05,75,I've Been In Love Before,Cutting Crew,75.0,75,231
1981-07-18,70,Who's Crying Now,Journey,70.0,70,231
1982-03-20,77,The Other Woman,Ray Parker Jr.,77.0,77,231
2002-12-28,25,All I Have,Jennifer Lopez Featuring LL Cool J,25.0,25,231
2004-11-27,41,Soldier,Destiny's Child Featuring T.I. & Lil Wayne,41.0,41,231
1977-12-17,88,Thunder Island,Jay Ferguson,88.0,88,231
2016-10-08,57,Juju On That Beat (TZ Anthem),Zay Hilfigerrr & Zayion McCall,89.0,57,231
1983-02-12,75,Der Kommissar,After The Fire,75.0,75,231
1973-11-24,98,Until You Come Back To Me (That's What I'm Gonna Do),Aretha Franklin,98.0,98,231
1990-10-27,99,Hard To Handle,The Black Crowes,99.0,99,225
2017-11-11,84,Candy Paint,Post Malone,84.0,84,222
2017-09-23,86,Greatest Love Story,LANCO,86.0,86,215
2017-09-16,41,F**k Love,XXXTENTACION Featuring Trippie Redd,41.0,41,214
2017-09-02,97,I Could Use A Love Song,Maren Morris,97.0,97,213
2020-12-05,71,Cry Baby,Megan Thee Stallion Featuring DaBaby,95.0,71,210
1994-06-25,79,Always In My Heart,Tevin Campbell,79.0,79,210
1991-08-31,35,Emotions,Mariah Carey,35.0,35,210
1996-03-09,74,Only Happy When It Rains,Garbage,74.0,74,210
1995-03-18,93,Close To You,Fun Factory,93.0,93,210
1995-12-30,89,Fu-Gee-La,Fugees,89.0,89,210
1992-01-18,88,Beauty And The Beast,Celine Dion And Peabo Bryson,88.0,88,210
2019-07-06,98,Cash Shit,Megan Thee Stallion Featuring DaBaby,98.0,98,210
2001-10-27,71,Riding With Private Malone,David Ball,71.0,71,210
1999-02-06,69,I Still Believe,Mariah Carey,69.0,69,210
1996-07-27,46,Stupid Girl,Garbage,46.0,46,210
1996-07-13,17,I Can't Sleep Baby (If I),R. Kelly,17.0,17,210
2000-04-08,90,Yes!,Chad Brock,90.0,90,210
1993-07-17,80,"When I Fall In Love (From ""Sleepless In Seattle"")",Celine Dion And Clive Griffin,80.0,80,210
1997-09-13,1,Honey,Mariah Carey,1.0,1,210
1992-02-08,91,Boom! I Got Your Boyfriend,MC Luscious,91.0,91,210
1975-11-15,57,Times Of Your Life,Paul Anka,57.0,57,210
1995-07-22,82,I Wanna B With U,Fun Factory,82.0,82,210
1996-03-16,62,"Keep On, Keepin' On (From ""Sunset Park"")",MC Lyte Featuring Xscape,62.0,62,210
2004-05-29,70,Still In Love,Teena Marie Featuring Baby,70.0,70,210
1993-07-17,89,Ruffneck,MC Lyte,89.0,89,210
1999-01-23,75,You Were Mine,Dixie Chicks,75.0,75,210
1994-10-22,53,Living In Danger,Ace Of Base,53.0,53,210
2005-04-16,97,Chariot,Gavin DeGraw,97.0,97,210
1998-07-18,37,Cruel Summer,Ace Of Base,37.0,37,210
1991-10-26,97,I've Got A Lot To Learn About Love,The Storm,97.0,97,210
1986-04-12,73,Crush On You,The Jets,73.0,73,210
1996-11-30,67,Cold Rock A Party,MC Lyte,67.0,67,210
1993-09-11,89,Everybody Hurts,R.E.M.,89.0,89,210
2018-07-21,79,Dangerous,Meek Mill Featuring Jeremih & PnB Rock,88.0,79,210
1988-04-16,79,Make It Real,The Jets,79.0,79,210
1991-11-16,42,Can't Let Go,Mariah Carey,42.0,42,210
2005-07-23,90,Play,David Banner,90.0,90,210
2016-06-04,39,Me Too,Meghan Trainor,39.0,39,210
2000-11-25,97,Bow Wow (That's My Name),Lil Bow Wow,97.0,97,210
2016-03-26,11,No,Meghan Trainor,11.0,11,210
2013-03-02,77,Bugatti,Ace Hood Featuring Future & Rick Ross,77.0,77,210
1976-01-03,98,Dream Weaver,Gary Wright,98.0,98,210
2003-04-26,97,Like A Pimp,David Banner Featuring Lil' Flip,97.0,97,210
2003-08-23,75,Tough Little Boys,Gary Allan,75.0,75,210
2008-03-01,57,Touch My Body,Mariah Carey,57.0,57,210
2004-07-17,88,No Problem,Lil Scrappy,88.0,88,210
1991-09-14,70,Ain't No Future In Yo' Fronting,M.C. Breed & D.F.C.,70.0,70,210
1998-12-26,79,When A Woman's Fed Up,R. Kelly,79.0,79,210
1994-03-26,75,Pumps And A Bump,M.C. Hammer,75.0,75,210
2008-08-02,55,Paper Planes,M.I.A.,55.0,55,210
2003-12-13,70,I Wanna Do It All,Terri Clark,70.0,70,210
2010-05-15,95,Gettin' Over You,David Guetta & Chris Willis Featuring Fergie & LMFAO,95.0,95,210
2002-05-11,84,Days Go By,Dirty Vegas,84.0,84,210
1987-09-19,84,The One I Love,R.E.M.,84.0,84,210
2012-12-22,99,Neva End,Future,99.0,99,210
1993-02-27,91,Dedicated,R. Kelly & Public Announcement,91.0,91,210
2012-03-24,74,Midnight City,M83.,74.0,74,210
2002-11-09,79,I Just Wanna Be Mad,Terri Clark,79.0,79,210
1983-03-26,54,Let's Dance,David Bowie,54.0,54,210
1994-09-24,54,"What's The Frequency, Kenneth?",R.E.M.,54.0,54,210
2001-04-07,83,Right Where I Need To Be,Gary Allan,83.0,83,210
1973-03-03,96,I'm Doin' Fine Now,New York City,96.0,96,210
2011-05-21,14,Where Them Girls At,David Guetta Featuring Flo Rida & Nicki Minaj,14.0,14,210
1994-07-23,93,Action,Terror Fabulous Featuring Nadine Sutherland,93.0,93,210
1990-06-30,63,Have You Seen Her,M.C. Hammer,63.0,63,210
2000-10-07,80,Without You,Dixie Chicks,80.0,80,210
1999-11-27,79,Cowboy Take Me Away,Dixie Chicks,79.0,79,210
2002-05-18,70,The One,Gary Allan,70.0,70,210
2007-11-10,89,Watching Airplanes,Gary Allan,89.0,89,210
2012-08-25,89,Turn On The Lights,Future,89.0,89,210
1991-11-09,61,2 Legit 2 Quit,M.C. Hammer,61.0,61,210
1992-02-22,74,Make It Happen,Mariah Carey,74.0,74,210
2015-07-11,81,All Eyes On You,Meek Mill Featuring Chris Brown & Nicki Minaj,81.0,81,210
1983-04-02,83,Try Again,Champaign,83.0,83,210
2018-01-20,98,Red Roses,Lil Skies Featuring Landon Cube,98.0,98,210
2006-09-30,100,Money In The Bank,Lil Scrappy Featuring Young Buck,100.0,100,210
1991-12-07,84,Addams Groove,M.C. Hammer,84.0,84,210
1997-10-18,76,So Help Me Girl,Gary Barlow,76.0,76,210
1994-05-14,72,Your Body's Callin',R. Kelly,72.0,72,210
1998-05-09,2,My All,Mariah Carey,2.0,2,210
1995-11-18,4,You Remind Me Of Something,R. Kelly,4.0,4,210
1974-11-23,87,Free Bird,Lynyrd Skynyrd,87.0,87,210
2005-11-05,95,Turn It Up,Chamillionaire Featuring Lil' Flip,95.0,95,210
1985-12-14,93,Beat's So Lonely,Charlie Sexton,93.0,93,210
2003-07-19,70,Thoia Thoing,R. Kelly,70.0,70,210
2005-01-29,53,It's Like That,Mariah Carey,53.0,53,210
2015-07-04,87,Marvin Gaye,Charlie Puth Featuring Meghan Trainor,87.0,87,210
2004-09-18,75,Nothing On But The Radio,Gary Allan,75.0,75,210
2002-06-22,67,Long Time Gone,Dixie Chicks,67.0,67,210
2016-05-07,73,Wicked,Future,73.0,73,210
1996-05-11,78,"Theme From Mission: Impossible (From ""Mission: Impossible"")",Adam Clayton & Larry Mullen,78.0,78,210
2007-03-03,90,I'm A Flirt,R. Kelly Or Bow Wow (Featuring T.I. & T-Pain),90.0,90,210
1998-09-05,93,Wide Open Spaces,Dixie Chicks,93.0,93,210
1990-10-13,62,Impulsive,Wilson Phillips,62.0,62,210
2004-05-15,74,Ocean Avenue,Yellowcard,74.0,74,210
1975-08-23,88,Who Loves You,The 4 Seasons,88.0,88,210
1998-12-05,64,You Get What You Give,New Radicals,64.0,64,210
2021-06-26,16,Thot Shit,Megan Thee Stallion,16.0,16,210
2001-10-27,77,Wrapped Up In You,Garth Brooks,77.0,77,210
1992-05-30,13,I'll Be There,Mariah Carey,13.0,13,210
1995-11-11,30,Beautiful Life,Ace Of Base,30.0,30,210
2008-10-18,17,Light On,David Cook,17.0,17,210
1997-12-06,71,32 Flavors,Alana Davis,71.0,71,210
1996-02-17,90,I Will Survive,Chantay Savage,90.0,90,210
2000-08-19,48,Bounce With Me,Lil Bow Wow Featuring Xscape,48.0,48,210
2016-02-13,91,My Church,Maren Morris,91.0,91,210
1996-03-02,22,Down Low (Nobody Has To Know),R. Kelly Featuring Ronald Isley,22.0,22,210
2002-09-28,74,Prayer,Disturbed,74.0,74,210
2015-04-18,98,Commas,Future,98.0,98,210
2010-07-10,94,If I Had You,Adam Lambert,94.0,94,210
2003-01-04,78,Man To Man,Gary Allan,78.0,78,210
2016-03-12,88,The Sound Of Silence,Disturbed,88.0,88,210
2012-10-20,78,Every Storm (Runs Out Of Rain),Gary Allan,78.0,78,210
1993-05-08,90,Hero,David Crosby & Phil Collins,90.0,90,210
1995-11-04,75,Where Ever You Are,Terry Ellis,75.0,75,210
2019-03-02,84,Eyes On You,Chase Rice,84.0,84,210
2007-05-26,79,Same Girl,R. Kelly Duet With Usher,79.0,79,210
2018-03-31,9,Freaky Friday,Lil Dicky Featuring Chris Brown,9.0,9,210
2003-04-05,74,What Would You Do?,The Isley Brothers Featuring Ronald Isley,74.0,74,210
2002-02-02,65,Hands Clean,Alanis Morissette,65.0,65,210
2020-12-05,12,Body,Megan Thee Stallion,12.0,12,210
2021-06-12,75,Drinkin' Beer. Talkin' God. Amen.,Chase Rice Featuring Florida Georgia Line,75.0,75,210
2011-03-05,37,Backseat,New Boyz Featuring The Cataracs & Dev,37.0,37,210
1994-11-19,96,Foolin' Around,Changing Faces,96.0,96,210
2008-06-07,3,The Time Of My Life,David Cook,3.0,3,210
2019-08-03,82,Hate Me,Ellie Goulding & Juice WRLD,82.0,82,210
2001-11-24,62,Where Were You (When The World Stopped Turning),Alan Jackson,62.0,62,210
2000-10-07,71,E.I.,Nelly,71.0,71,210
2012-10-20,100,How Country Feels,Randy Houser,100.0,100,210
1993-05-01,76,More And More,Captain Hollywood Project,76.0,76,210
2018-04-14,16,Be Careful,Cardi B,16.0,16,210
2007-03-24,95,Please Don't Go,Tank,95.0,95,210
1995-09-09,89,Sentimental,Deborah Cox,89.0,89,210
2003-02-08,74,That'd Be Alright,Alan Jackson,74.0,74,210
2002-03-23,96,Give It To Her,Tanto Metro & Devonte,96.0,96,210
2021-02-20,2,Up,Cardi B,2.0,2,210
2014-05-03,92,We Dem Boyz,Wiz Khalifa,92.0,92,210
2019-03-02,5,Please Me,Cardi B & Bruno Mars,5.0,5,210
2003-08-30,77,Wave On Wave,Pat Green,77.0,77,210
2018-01-06,14,Bartier Cardi,Cardi B Featuring 21 Savage,14.0,14,210
2018-04-21,28,Ring,Cardi B Featuring Kehlani,28.0,28,210
2000-05-13,86,I Disappear,Metallica,86.0,86,210
1996-08-31,34,If Your Girl Only Knew,Aaliyah,34.0,34,210
2013-05-25,91,Runnin' Outta Moonlight,Randy Houser,91.0,91,210
2001-03-17,71,Maybe I Deserve,Tank,71.0,71,210
1998-07-18,91,So Into You,Tamia,91.0,91,210
1976-09-25,68,Muskrat Love,Captain & Tennille,68.0,68,210
2002-08-24,67,I Care 4 U,Aaliyah,67.0,67,210
1977-11-12,87,Short People,Randy Newman,87.0,87,210
1994-09-03,69,At Your Best (You Are Love),Aaliyah,69.0,69,210
2009-03-14,54,All The Above,Maino Featuring T-Pain,54.0,54,210
1999-09-11,75,We Can't Be Friends,Deborah Cox With R.L.,75.0,75,210
1996-02-03,74,Who Do U Love,Deborah Cox,74.0,74,210
2003-06-14,75,Come Over,Aaliyah,75.0,75,210
2000-01-29,84,I Don't Wanna,Aaliyah,84.0,84,210
1998-03-21,68,Imagination,Tamia,68.0,68,210
1985-09-07,94,And She Was,Talking Heads,94.0,94,210
1989-12-09,97,Personal Jesus,Depeche Mode,97.0,97,210
1983-07-30,84,Burning Down The House,Talking Heads,84.0,84,210
2002-04-20,63,Hella Good,No Doubt,63.0,63,210
1994-07-30,75,Take It Easy,Mad Lion,75.0,75,210
2012-12-22,57,Love And War,Tamar Braxton,57.0,57,210
2008-05-24,99,Good Time,Alan Jackson,99.0,99,210
2002-03-16,78,Drive (For Daddy Gene),Alan Jackson,78.0,78,210
1993-07-10,73,Ooh Child,Dino,73.0,73,210
2016-08-13,46,Tiimmy Turner,Desiigner,46.0,46,210
2001-03-17,43,Survivor,Destiny's Child,43.0,43,210
1998-08-08,46,I Still Love You,Next,46.0,46,210
2011-08-20,92,In The Dark,Dev,92.0,92,210
2019-02-09,65,Put A Date On It,Yo Gotti Featuring Lil Baby,65.0,65,210
2009-12-26,99,Halfway Gone,Lifehouse,99.0,99,210
2015-09-12,94,Downtown,"Macklemore & Ryan Lewis Featuring Eric Nally, Melle Mel, Kool Moe Dee & Grandmaster Caz",94.0,94,210
1970-08-29,65,Lola,The Kinks,65.0,65,210
2015-03-21,48,I Really Like You,Carly Rae Jepsen,48.0,48,210
1997-10-18,89,One More Night,Amber,89.0,89,210
1992-01-25,96,What Goes Around Comes Around,Giggles,96.0,96,210
1993-06-05,62,Can't Get Enough Of Your Love,Taylor Dayne,62.0,62,210
2008-02-02,97,Whatever It Takes,Lifehouse,97.0,97,210
1990-03-24,93,I'll See You In My Dreams,Giant,93.0,93,210
1996-12-14,65,"Nothin' But The Cavi Hit (From ""Rhyme & Reason"")",Mack 10 & Tha Dogg Pound,65.0,65,210
1988-11-05,81,Don't Rush Me,Taylor Dayne,81.0,81,210
1999-05-29,70,God Must Have Spent A Little More Time On You,Alabama Featuring 'N Sync,70.0,70,210
1996-07-13,92,The Things That You Do,Gina Thompson,92.0,92,210
1988-04-23,57,Foolish Beat,Debbie Gibson,57.0,57,210
2000-03-25,75,I Wish,Carl Thomas,75.0,75,210
1958-09-01,74,Tea For Two Cha Cha,The Tommy Dorsey Orchestra,74.0,74,210
1999-06-19,84,"Bills, Bills, Bills",Destiny's Child,84.0,84,210
1991-08-24,47,Enter Sandman,Metallica,47.0,47,210
1999-09-25,87,Bug A Boo,Destiny's Child,87.0,87,210
1997-10-04,24,The One I Gave My Heart To,Aaliyah,24.0,24,210
2000-11-25,77,Emotional,Carl Thomas,77.0,77,210
2003-02-22,64,Hell Yeah,Ginuwine Featuring Baby,64.0,64,210
1993-07-10,84,Chattahoochee,Alan Jackson,84.0,84,210
2002-08-03,69,Stingy,Ginuwine,69.0,69,210
1999-07-17,68,So Anxious,Ginuwine,68.0,68,210
2003-06-14,72,In Those Jeans,Ginuwine,72.0,72,210
1992-02-29,91,Nu Nu,Lidell Townsell,91.0,91,210
1981-03-21,77,Living Inside Myself,Gino Vannelli,77.0,77,210
2001-09-29,65,Emotion,Destiny's Child,65.0,65,210
1995-07-15,96,Sugar Hill,AZ,96.0,96,210
1996-06-08,10,Until It Sleeps,Metallica,10.0,10,210
1997-05-17,47,It's No Good,Depeche Mode,47.0,47,210
1995-11-18,12,Diggin' On You,TLC,12.0,12,210
2004-10-02,64,Dare You To Move,Switchfoot,64.0,64,210
2015-07-18,36,Cool For The Summer,Demi Lovato,36.0,36,210
2013-03-16,12,Heart Attack,Demi Lovato,12.0,12,210
1998-03-21,8,Frozen,Madonna,8.0,8,210
2015-08-08,60,How Deep Is Your Love,Calvin Harris & Disciples,60.0,60,210
1998-02-14,87,Romeo And Juliet,Sylk-E. Fyne Featuring Chill,87.0,87,210
2013-12-14,64,Let It Go,Demi Lovato,64.0,64,210
2014-11-08,68,Outside,Calvin Harris Featuring Ellie Goulding,99.0,68,210
1982-08-28,89,Nobody,Sylvia,89.0,89,210
1992-07-04,35,This Used To Be My Playground,Madonna,35.0,35,210
2017-03-18,34,Slide,Calvin Harris Featuring Frank Ocean & Migos,34.0,34,210
2014-09-27,31,Blame,Calvin Harris Featuring John Newman,31.0,31,210
2012-05-12,89,Let's Go,Calvin Harris Featuring Ne-Yo,89.0,89,210
2002-08-17,67,Aerials,System Of A Down,67.0,67,210
2005-04-16,74,B.Y.O.B.,System Of A Down,74.0,74,210
1992-08-22,94,Have You Ever Needed Someone So Bad,Def Leppard,94.0,94,210
2015-10-10,84,Confident,Demi Lovato,58.0,84,210
2010-06-12,91,Teach Me How To Dougie,Cali Swag District,91.0,91,210
1977-02-26,81,When I Need You,Leo Sayer,81.0,81,210
1974-02-02,96,Just Don't Want To Be Lonely,The Main Ingredient,96.0,96,210
1998-04-04,41,"Money, Power & Respect",The Lox [Featuring DMX & Lil' Kim],41.0,41,210
1996-04-27,76,Tres Delinquentes,Delinquent Habits,76.0,76,210
1993-09-11,52,"Two Steps Behind (From ""Last Action Hero"")",Def Leppard,52.0,52,210
1993-07-24,52,Rain,Madonna,52.0,52,210
1992-01-25,79,Missing You Now,Michael Bolton,79.0,79,210
2012-04-28,81,Cashin' Out,Ca$h Out,81.0,81,210
1990-06-16,58,If Wishes Came True,Sweet Sensation,58.0,58,210
2005-11-05,20,Hung Up,Madonna,20.0,20,210
1998-07-11,5,Ray Of Light,Madonna,5.0,5,210
1970-03-14,91,Get Ready,Rare Earth,91.0,91,210
1991-10-12,66,Street Of Dreams,Nia Peeples,66.0,66,210
2009-02-28,86,I'm On A Boat,The Lonely Island Featuring T-Pain,86.0,86,210
1997-06-07,56,"Go The Distance (From ""Hercules"")",Michael Bolton,56.0,56,210
2002-01-05,76,Chop Suey,System Of A Down,76.0,76,210
2014-01-11,96,Neon Lights,Demi Lovato,96.0,96,210
1996-08-10,88,"Touch Myself (From ""Fled"")",T-Boz,88.0,88,210
2012-11-03,50,Ball,T.I. Featuring Lil Wayne,50.0,50,210
2006-04-29,79,Why You Wanna,T.I.,79.0,79,210
2012-05-12,17,"Work Hard, Play Hard",Wiz Khalifa,17.0,17,210
2014-07-05,58,No Mediocre,T.I. Featuring Iggy Azalea,58.0,58,210
2000-06-24,76,It Must Be Love,Alan Jackson,76.0,76,210
2010-06-19,38,Got Your Back,T.I. Featuring Keri Hilson,38.0,38,210
1995-05-06,68,I'll Be There For You/You're All I Need To Get By,Method Man Featuring Mary J. Blige,68.0,68,210
2014-08-23,99,About The Money,T.I. Featuring Young Thug,99.0,99,210
2008-04-05,68,4 Minutes,Madonna Featuring Justin Timberlake & Timbaland,68.0,68,210
2000-07-08,98,Don't Call Me Baby,Madison Avenue,98.0,98,210
2003-04-05,73,Three Wooden Crosses,Randy Travis,73.0,73,210
2016-04-16,99,Uber Everywhere,MadeinTYO,82.0,99,210
1997-07-19,83,Up Jumps Da Boogie,Magoo And Timbaland,83.0,83,210
2014-08-16,71,Girl In A Country Song,Maddie & Tae,78.0,71,210
1994-11-12,76,Bring The Pain,Method Man,76.0,76,210
2006-03-18,83,What You Know,T.I.,83.0,83,210
2005-01-22,77,U Don't Know Me,T.I.,77.0,77,210
2008-01-19,91,Small Town Southern Man,Alan Jackson,91.0,91,210
1995-12-09,8,You'll See,Madonna,8.0,8,210
2013-12-07,95,Up Down (Do This All Day),T-Pain Featuring B.o.B,95.0,95,210
1996-11-16,22,"You Must Love Me (From ""Evita"")",Madonna,22.0,22,210
2011-04-09,33,Best Love Song,T-Pain Featuring Chris Brown,33.0,33,210
1976-12-11,88,Free,Deniece Williams,88.0,88,210
2005-12-31,87,I'm N Luv (Wit A Stripper),T-Pain Featuring Mike Jones,87.0,87,210
2011-10-15,62,5 O'Clock,T-Pain Featuring Wiz Khalifa & Lily Allen,62.0,62,210
2006-05-13,97,Miss Murder,AFI,97.0,97,210
2006-12-23,88,Top Back,T.I.,88.0,88,210
2015-05-02,43,Nasty Freestyle,T-Wayne,43.0,43,210
1995-03-25,90,"Ask Of You (From ""Higher Learning"")",Raphael Saadiq,90.0,90,210
1979-03-24,81,Just When I Needed You Most,Randy VanWarmer,81.0,81,210
2004-01-10,77,Rubber Band Man,T.I.,77.0,77,210
2015-04-11,96,Love You Like That,Canaan Smith,96.0,96,210
1983-04-09,82,She's A Beauty,The Tubes,82.0,82,210
2002-08-10,78,Beautiful Mess,Diamond Rio,78.0,78,210
1991-10-05,87,Mind Playing Tricks On Me,Geto Boys,87.0,87,210
2001-08-25,76,Where I Come From,Alan Jackson,76.0,76,210
2006-09-23,86,Tim McGraw,Taylor Swift,86.0,86,210
2011-05-21,89,Am I The Only One,Dierks Bentley,89.0,89,210
2012-11-10,67,Everything Has Changed,Taylor Swift Featuring Ed Sheeran,91.0,67,210
2009-12-05,88,It Kills Me,Melanie Fiona,88.0,88,210
2005-09-24,98,Come A Little Closer,Dierks Bentley,98.0,98,210
1983-11-26,63,That's All,Genesis,63.0,63,210
2014-05-31,91,Drunk On A Plane,Dierks Bentley,91.0,91,210
1991-11-02,53,No Son Of Mine,Genesis,53.0,53,210
1992-11-07,83,Never A Time,Genesis,83.0,83,210
2015-01-17,92,Throw Sum Mo,Rae Sremmurd Featuring Nicki Minaj & Young Thug,92.0,92,210
1992-08-01,59,Jesus He Knows Me,Genesis,59.0,59,210
2007-08-18,89,Free And Easy (Down The Road I Go),Dierks Bentley,89.0,89,210
1992-02-01,78,I Can't Dance,Genesis,78.0,78,210
1992-05-02,79,Hold On My Heart,Genesis,79.0,79,210
1976-02-07,97,Union Man,Cate Bros.,97.0,97,210
1994-04-09,80,"I'll Take You There (From ""Threesome"")",General Public,80.0,80,210
2012-05-26,94,5-1-5-0,Dierks Bentley,94.0,94,210
2009-07-04,32,You're A Jerk,New Boyz,32.0,32,210
2019-05-04,100,ME!,Taylor Swift Featuring Brendon Urie,100.0,100,210
1974-09-14,90,I've Got The Music In Me,The Kiki Dee Band,90.0,90,210
1998-12-26,86,Faded Pictures,Case & Joe,86.0,86,210
1996-05-11,84,"Touch Me Tease Me (From ""The Nutty Professor"")",Case Featuring Foxxy Brown,84.0,84,210
2003-02-01,64,Angel,Amanda Perez,64.0,64,210
2006-08-26,29,When You Were Young,The Killers,29.0,29,210
2004-09-04,85,Somebody Told Me,The Killers,85.0,85,210
2008-10-18,32,Human,The Killers,32.0,32,210
1976-11-20,95,Blinded By The Light,Manfred Mann's Earth Band,95.0,95,210
2006-09-16,93,Come To Me,Diddy Featuring Nicole Scherzinger,93.0,93,210
2020-12-26,1,Willow,Taylor Swift,1.0,1,210
2010-04-17,34,Hello Good Morning,Diddy - Dirty Money Featuring T.I.,34.0,34,210
2013-06-22,37,Wasting All These Tears,Cassadee Pope,90.0,37,210
2006-11-04,62,Tell Me,Diddy Featuring Christina Aguilera,62.0,62,210
2007-09-29,95,My Drink N' My 2 Step,Cassidy Featuring Swizz Beatz,95.0,95,210
1996-09-28,74,Birmingham,Amanda Marshall,74.0,74,210
2021-03-13,99,Gone,Dierks Bentley,99.0,99,210
1993-07-17,78,Break It Down Again,Tears For Fears,78.0,78,210
1985-09-14,49,Head Over Heels,Tears For Fears,49.0,49,210
2006-02-18,90,For You I Will (Confidence),Teddy Geiger,90.0,90,210
2015-11-28,94,Stand By You,Rachel Platten,91.0,94,210
1980-09-06,78,On The Road Again,Willie Nelson,78.0,78,210
1993-01-16,85,Rebirth Of Slick (Cool Like Dat),Digable Planets,85.0,85,210
2002-03-02,73,A New Day Has Come,Celine Dion,73.0,73,210
1997-03-29,7,All By Myself,Celine Dion,7.0,7,210
1981-03-21,65,Take It On The Run,REO Speedwagon,65.0,65,210
2011-10-01,95,Let It Rain,David Nail Featuring Sarah Buxton,95.0,95,210
2000-09-16,82,My Baby You,Marc Anthony,82.0,82,210
2017-04-22,88,First Day Out,Tee Grizzley,88.0,88,210
1998-02-28,1,My Heart Will Go On,Celine Dion,1.0,1,210
1991-11-16,79,Kiss You Back,Digital Underground,79.0,79,210
1992-08-01,98,Nothing Broken But My Heart,Celine Dion,98.0,98,210
1959-05-25,77,What A Diff'rence A Day Makes,Dinah Washington,77.0,77,210
2001-10-20,75,#1,Nelly,75.0,75,210
1992-02-01,87,We Got A Love Thang,CeCe Peniston,87.0,87,210
1990-01-27,86,Get Up! (Before The Night Is Over),Technotronic,86.0,86,210
2011-11-26,70,Home,Dierks Bentley,70.0,70,210
1992-02-29,95,You Think You Know Her,Cause And Effect,95.0,95,210
2009-10-17,91,I Wanna Make You Close Your Eyes,Dierks Bentley,91.0,91,210
1991-07-06,65,Too Many Walls,Cathy Dennis,65.0,65,210
1991-03-02,78,Touch Me (All Night Long),Cathy Dennis,78.0,78,210
2015-06-27,94,This Could Be Us,Rae Sremmurd,94.0,94,210
1995-10-14,90,Magic Carpet Ride,The Mighty Dub Katz,90.0,90,210
2003-06-28,75,It's Five O'Clock Somewhere,Alan Jackson & Jimmy Buffett,75.0,75,210
2009-04-18,90,Sideways,Dierks Bentley,90.0,90,210
1993-06-26,92,Creep,Radiohead,92.0,92,210
2016-02-13,98,Somewhere On A Beach,Dierks Bentley,100.0,98,210
2014-08-16,98,No Flex Zone,Rae Sremmurd,98.0,98,210
1972-07-08,83,Starting All Over Again,Mel And Tim,83.0,83,210
2003-06-21,90,What Was I Thinkin',Dierks Bentley,90.0,90,210
1994-01-01,81,I'm In The Mood,CeCe Peniston,81.0,81,210
2016-06-18,98,Different For Girls,Dierks Bentley Featuring Elle King,99.0,98,210
1999-06-05,69,Happily Ever After,Case,69.0,69,210
1996-02-17,32,I Want To Come Over,Melissa Etheridge,32.0,32,210
1993-05-22,98,Don't Take Away My Heaven,Aaron Neville,98.0,98,210
1995-02-18,25,Like The Way I Do/If I Wanted To,Melissa Etheridge,25.0,25,210
1997-07-19,91,I Say A Little Prayer,Diana King,91.0,91,210
2000-01-29,73,The Best Day,George Strait,73.0,73,210
2002-10-05,71,She'll Leave You With A Smile,George Strait,71.0,71,210
2001-10-27,70,Run,George Strait,70.0,70,210
2008-12-20,94,River Of Love,George Strait,94.0,94,210
2002-04-06,75,Living And Living Well,George Strait,75.0,75,210
2008-03-08,54,I Saw God Today,George Strait,54.0,54,210
2004-08-14,69,I Hate Everything,George Strait,69.0,69,210
2017-06-03,93,Felices Los 4,Maluma,93.0,93,210
2004-05-08,99,Whats Happnin!,Ying Yang Twins Featuring Trick Daddy,99.0,99,210
2007-09-22,97,How 'Bout Them Cowgirls,George Strait,97.0,97,210
2011-07-16,65,Here For A Good Time,George Strait,65.0,65,210
2000-08-26,71,Go On,George Strait,71.0,71,210
1986-03-01,71,West End Girls,Pet Shop Boys,71.0,71,210
2012-12-08,94,Give It All We Got Tonight,George Strait,94.0,94,210
2010-09-18,95,The Breath You Take,George Strait,95.0,95,210
1998-12-19,84,Unbelievable,Diamond Rio,84.0,84,210
2016-04-02,98,Light It Up,Major Lazer Featuring Nyla & Fuse ODG,98.0,98,210
2012-11-10,44,22,Taylor Swift,64.0,44,210
2003-03-22,69,I Believe,Diamond Rio,69.0,69,210
1991-11-30,85,On A Sunday Afternoon,Lighter Shade Of Brown,85.0,85,210
1978-04-22,82,Baker Street,Gerry Rafferty,82.0,82,210
1990-01-27,55,Love Will Lead You Back,Taylor Dayne,55.0,55,210
1992-02-15,88,Baby Hold On To Me,Gerald Levert (Duet With Eddie Levert),88.0,88,210
1994-08-06,81,I'd Give Anything,Gerald Levert,81.0,81,210
1993-02-20,86,So Alone,Men At Large,86.0,86,210
1961-05-22,96,I Fall To Pieces,Patsy Cline,96.0,96,210
2010-10-30,6,Back To December,Taylor Swift,6.0,6,210
2012-10-13,7,Begin Again,Taylor Swift,7.0,7,210
1991-07-20,87,Everybody Plays The Fool,Aaron Neville,87.0,87,210
1990-11-03,64,Sensitivity,Ralph Tresvant,64.0,64,210
1999-04-24,97,Write This Down,George Strait,97.0,97,210
2001-01-20,79,One More Day,Diamond Rio,79.0,79,210
1991-12-07,72,Don't Let The Sun Go Down On Me,George Michael/Elton John,72.0,72,210
1992-06-13,41,Too Funky,George Michael,41.0,41,210
1997-08-30,46,Backyard Boogie,Mack 10,46.0,46,210
2014-10-18,24,Something In The Water,Carrie Underwood,24.0,24,210
2008-06-07,84,Should've Said No,Taylor Swift,84.0,84,210
2020-06-27,3,The Bigger Picture,Lil Baby,3.0,3,210
2008-08-23,98,Just A Dream,Carrie Underwood,98.0,98,210
2008-04-19,86,Last Name,Carrie Underwood,86.0,86,210
2013-05-18,90,See You Again,Carrie Underwood,90.0,90,210
2007-09-01,98,So Small,Carrie Underwood,98.0,98,210
2010-11-13,17,Sparks Fly,Taylor Swift,17.0,17,210
2000-08-26,74,Kiss This,Aaron Tippin,74.0,74,210
2009-11-07,92,Temporary Home,Carrie Underwood,97.0,92,210
2012-12-29,90,Two Black Cadillacs,Carrie Underwood,90.0,90,210
2009-11-14,87,Undo It,Carrie Underwood,95.0,87,210
2007-02-17,94,Wasted,Carrie Underwood,94.0,94,210
2001-10-20,66,Where The Stars And Stripes And The Eagle Fly,Aaron Tippin,66.0,66,210
2014-11-08,67,Try Me,DeJ Loaf,67.0,67,210
1999-09-11,88,Candy,Mandy Moore,88.0,88,210
1977-05-28,68,I'm In You,Peter Frampton,68.0,68,210
1998-10-10,76,For You I Will,Aaron Tippin,76.0,76,210
2009-10-03,96,Cowboy Casanova,Carrie Underwood,96.0,96,210
1992-07-11,98,Restless Heart,Peter Cetera,98.0,98,210
1987-06-06,51,"I Want Your Sex (From ""Beverly Hills Cop II"")",George Michael,51.0,51,210
1973-10-06,80,Top Of The World,Carpenters,80.0,80,210
2010-11-06,11,Mean,Taylor Swift,90.0,11,210
2008-01-19,84,All-American Girl,Carrie Underwood,84.0,84,210
1999-10-30,69,Guerrilla Radio,Rage Against The Machine,69.0,69,210
2005-09-03,94,Shake,Ying Yang Twins Featuring Pitbull,94.0,94,210
1981-10-17,56,Why Do Fools Fall In Love,Diana Ross,56.0,56,210
1996-08-03,78,Po Pimp,Do Or Die (Featuring Twista),78.0,78,210
2011-11-26,13,Ours,Taylor Swift,13.0,13,210
2020-01-25,16,Sum 2 Prove,Lil Baby,16.0,16,210
1992-08-08,78,Where Does That Leave Love,George LaMond,78.0,78,210
2008-03-01,91,Picture To Burn,Taylor Swift,91.0,91,210
2012-03-10,24,Good Girl,Carrie Underwood,24.0,24,210
2017-07-01,89,Escapate Conmigo,Wisin Featuring Ozuna,89.0,89,210
2012-11-17,95,Don't Judge Me,Chris Brown,95.0,95,210
2001-07-28,73,Bad Day,Fuel,73.0,73,210
1979-10-20,79,We Don't Talk Anymore,Cliff Richard,79.0,79,210
1999-04-24,98,My Own Worst Enemy,Lit,98.0,98,210
2008-05-10,87,Mercy,Duffy,87.0,87,210
2016-09-10,94,Too Much Sauce,DJ ESCO Featuring Future & Lil Uzi Vert,94.0,94,210
1989-05-20,94,So Alive,Love And Rockets,94.0,94,210
2009-12-26,67,I Am,Mary J. Blige,67.0,67,210
1994-01-15,87,Stay,Eternal,87.0,87,210
1997-09-27,29,Everything,Mary J. Blige,29.0,29,210
2005-08-06,88,Your Body,Pretty Ricky,88.0,88,210
1991-09-28,91,A Day In My Life (Without You),Lisette Melendez,91.0,91,210
2000-08-19,67,Bag Lady,Erykah Badu,67.0,67,210
2001-08-25,78,Smooth Criminal,Alien Ant Farm,78.0,78,210
2004-07-24,69,My Place,Nelly Featuring Jaheim,69.0,69,210
1994-11-05,82,Be Happy,Mary J. Blige,82.0,82,210
1999-10-16,75,When I Said I Do,Clint Black,75.0,75,210
2000-02-19,87,Been There,Clint Black With Steve Wariner,87.0,87,210
2019-11-16,88,Ridin' Roads,Dustin Lynch,88.0,88,210
2012-06-02,98,Angel Eyes,Love And Theft,98.0,98,210
1991-11-02,92,Change,Lisa Stansfield,92.0,92,210
2002-05-25,98,Grindin',Clipse,98.0,98,210
1997-12-13,30,We're Not Making Love No More,Dru Hill,30.0,30,210
1996-01-27,59,"Not Gon' Cry (From ""Waiting To Exhale"")",Mary J. Blige,59.0,59,210
2001-12-15,74,No More Drama,Mary J. Blige,74.0,74,210
2003-09-06,81,Clubbin,Marques Houston Featuring Joe Budden & Pied Piper,81.0,81,210
2001-06-09,74,Here's To The Night,Eve 6,74.0,74,210
2003-11-22,57,Invisible,Clay Aiken,57.0,57,210
2018-10-06,74,This Feeling,The Chainsmokers Featuring Kelsea Ballerini,98.0,74,210
2000-03-25,97,Unconditional,Clay Davidson,97.0,97,210
2016-06-25,18,For Free,DJ Khaled Featuring Drake,18.0,18,210
1995-09-23,47,Do You Sleep?,Lisa Loeb & Nine Stories,47.0,47,210
2012-04-21,63,Take It To The Head,"DJ Khaled Featuring Chris Brown, Rick Ross, Nicki Minaj & Lil Wayne",63.0,63,210
2000-04-15,73,The Chain Of Love,Clay Walker,73.0,73,210
1998-10-10,6,How Deep Is Your Love,Dru Hill Featuring Redman,6.0,6,210
2014-09-20,98,Hold You Down,"DJ Khaled Featuring Chris Brown, August Alsina, Future & Jeremih",98.0,98,210
1994-12-17,91,She Don't Use Jelly,The Flaming Lips,91.0,91,210
2012-03-17,92,UP!,LoveRance Featuring IamSu & Skipper or 50 Cent,92.0,92,210
1984-01-28,53,Here Comes The Rain Again,Eurythmics,53.0,53,210
2016-11-19,54,Better Man,Little Big Town,54.0,54,210
2006-09-30,62,Maneater,Nelly Furtado,62.0,62,210
1997-08-09,10,Never Make A Promise,Dru Hill,10.0,10,210
2021-02-20,84,No More Parties,Coi Leray Featuring Lil Durk,84.0,84,210
2014-01-25,95,Give Me Back My Hometown,Eric Church,95.0,95,210
2011-10-08,96,Drink In My Hand,Eric Church,96.0,96,210
1993-07-10,47,Insane In The Brain,Cypress Hill,47.0,47,210
2019-01-12,32,Baby Shark,Pinkfong,32.0,32,210
2012-09-08,95,Creepin',Eric Church,95.0,95,210
1977-10-15,81,Slip Slidin' Away,Paul Simon,81.0,81,210
1992-07-25,82,Crossover,EPMD,82.0,82,210
1988-05-21,78,Make Me Lose Control,Eric Carmen,78.0,78,210
2003-11-15,63,You Don't Know My Name,Alicia Keys,63.0,63,210
1999-07-03,74,What Ya Want,EVE & Nokio,74.0,74,210
2010-04-24,88,Un-Thinkable (I'm Ready),Alicia Keys,88.0,88,210
2001-06-02,98,What I Really Meant To Say,Cyndi Thomson,98.0,98,210
2012-04-14,79,Back In Time,Pitbull,83.0,79,210
1986-08-30,63,True Colors,Cyndi Lauper,63.0,63,210
2009-12-05,58,Try Sleeping With A Broken Heart,Alicia Keys,58.0,58,210
1984-04-14,53,Time After Time,Cyndi Lauper,53.0,53,210
2016-04-23,100,Record Year,Eric Church,100.0,100,210
2010-10-02,97,Smoke A Little Smoke,Eric Church,97.0,97,210
2005-10-29,93,Boondocks,Little Big Town,93.0,93,210
1976-08-28,81,The Best Disco In Town,The Ritchie Family,81.0,81,210
2014-06-21,87,Day Drinking,Little Big Town,100.0,87,210
2001-06-02,60,Music,Erick Sermon Featuring Marvin Gaye,60.0,60,210
2017-06-24,85,Small Town Boy,Dustin Lynch,85.0,85,210
2014-05-03,94,"Where It's At (Yep, Yep)",Dustin Lynch,86.0,94,210
2010-06-19,94,Little White Church,Little Big Town,94.0,94,210
2013-11-02,91,Friday Night,Eric Paslay,91.0,91,210
2012-06-23,51,Pontoon,Little Big Town,51.0,51,210
1975-04-05,84,Magic,Pilot,84.0,84,210
1995-07-01,77,Brown Sugar,D'Angelo,77.0,77,210
2000-04-29,95,Flowers On The Wall,Eric Heatherly,95.0,95,210
2012-11-24,97,Tornado,Little Big Town,97.0,97,210
2005-07-30,83,Just The Girl,The Click Five,83.0,83,210
1992-10-03,79,Layla,Eric Clapton,79.0,79,210
2017-05-13,93,My Girl,Dylan Scott,93.0,93,210
1996-03-02,67,Lady,D'Angelo,67.0,67,210
2014-11-08,90,Talladega,Eric Church,90.0,90,210
2011-07-02,96,Take Over Control,Afrojack Featuring Eva Simons,96.0,96,210
2021-05-15,20,Every Chance I Get,DJ Khaled Featuring Lil Baby & Lil Durk,20.0,20,210
1994-10-22,79,Breakdown,Fu-Schnickens,79.0,79,210
2009-07-18,91,God In Me,"Mary Mary Featuring Kierra ""KiKi"" Sheard",91.0,91,210
2010-06-19,15,Miss Me,Drake Featuring Lil Wayne,15.0,15,210
2007-12-01,94,Stealing Cinderella,Chuck Wicks,94.0,94,210
2006-08-05,95,I Call It Love,Lionel Richie,95.0,95,210
1996-08-31,3,Hit Me Off,New Edition,3.0,3,210
2001-05-26,46,There You'll Be,Faith Hill,46.0,46,210
2013-05-11,35,Body Party,Ciara,35.0,35,210
2005-06-11,85,Mississippi Girl,Faith Hill,85.0,85,210
2007-03-17,81,Like A Boy,Ciara,81.0,81,210
2008-09-27,21,I Don't Care,Fall Out Boy,21.0,21,210
2006-11-25,45,Promise,Ciara,45.0,45,210
1985-11-09,40,"Say You, Say Me",Lionel Richie,40.0,40,210
2006-08-12,93,Get Up,Ciara Featuring Chamillionaire,93.0,93,210
2011-10-29,97,Make Me Proud,Drake Featuring Nicki Minaj,97.0,97,210
2010-05-08,93,Ride,Ciara Featuring Ludacris,93.0,93,210
1996-11-09,16,I'm Still In Love With You,New Edition,16.0,16,210
2001-05-05,86,Can't Believe,Faith Evans Featuring Carl Thomas,86.0,86,210
1993-04-10,67,Livin' On The Edge,Aerosmith,67.0,67,210
2011-12-03,92,HYFR (Hell Ya F*****g Right),Drake Featuring Lil Wayne,100.0,92,210
1997-04-05,98,That's Right,DJ Taz Featuring Raheem The Dream,98.0,98,210
1994-06-04,65,Funkdafied,Da Brat,65.0,65,210
2009-06-27,90,Never Say Never,The Fray,90.0,90,210
2010-12-18,93,Rocketeer,Far*East Movement Featuring Ryan Tedder,93.0,93,210
2001-01-20,86,Southern Hospitality,Ludacris,86.0,86,210
2003-03-15,47,Somewhere I Belong,Linkin Park,47.0,47,210
2005-01-08,75,Sunday Morning,Maroon 5,75.0,75,210
2000-06-03,71,What'Chu Like,Da Brat Featuring Tyrese,71.0,71,210
2004-11-20,66,Get Back,Ludacris,66.0,66,210
1997-11-01,29,Feel So Good,Mase,29.0,29,210
1998-02-28,52,Get At Me Dog,DMX Featuring Sheek Of The Lox,52.0,52,210
1993-10-16,76,Gangsta Lean,DRS,76.0,76,210
2002-02-23,77,That's When I Love You,Phil Vassar,77.0,77,210
2005-01-22,73,Truth Is,Fantasia,73.0,73,210
2005-04-30,100,Free Yourself,Fantasia,100.0,100,210
2007-02-03,2,"This Ain't A Scene, It's An Arms Race",Fall Out Boy,2.0,2,210
1992-05-02,95,Do It To Me,Lionel Richie,95.0,95,210
2000-07-01,98,What You Want,DMX Featuring Sisqo,98.0,98,210
2000-03-25,90,Shackles (Praise You),Mary Mary,90.0,90,210
1995-07-01,46,You Used To Love Me,Faith Evans,46.0,46,210
1992-12-19,63,Reminisce,Mary J. Blige,63.0,63,210
1995-09-30,100,Boom Boom Boom,The Outhere Brothers,100.0,100,210
1993-08-21,99,Better Than You,Lisa Keith,99.0,99,210
1985-11-16,94,Can You Feel The Beat,Lisa Lisa And Clult Jam With Full Force,94.0,94,210
2001-05-12,67,This Is Me,Dream,67.0,67,210
2006-04-22,90,Enough Cryin,Mary J. Blige Featuring Brook-Lyn,90.0,90,210
1991-08-03,75,Hole Hearted,Extreme,75.0,75,210
1989-08-19,71,When I Looked At Him,Expose,71.0,71,210
1978-05-27,76,Miss You,The Rolling Stones,76.0,76,210
1992-06-20,77,"You Remind Me (From ""Strictly Business"")",Mary J. Blige,77.0,77,210
1991-04-13,98,How Can I Ease The Pain,Lisa Fischer,98.0,98,210
1987-11-28,57,Seasons Change,Expose,57.0,57,210
2016-08-27,94,Do You Mind,"DJ Khaled Featuring Nicki Minaj, Chris Brown, August Alsina, Jeremih, Future & Rick Ross",94.0,94,210
1987-04-11,83,Head To Toe,Lisa Lisa And Cult Jam,83.0,83,210
1987-08-01,76,Lost In Emotion,Lisa Lisa And Cult Jam,76.0,76,210
2008-05-24,57,If I Never See Your Face Again,Maroon 5 Featuring Rihanna,57.0,57,210
2017-02-04,7,Paris,The Chainsmokers,7.0,7,210
1993-02-13,47,Sweet Thing,Mary J. Blige,47.0,47,210
2007-09-29,93,I'm So Hood,"DJ Khaled Featuring T-Pain, Trick Daddy, Rick Ross & Plies",93.0,93,210
2004-09-18,94,Breathe,Fabolous,94.0,94,210
2001-10-06,70,You Gets No Love,Faith Evans,70.0,70,210
2016-04-23,16,Pop Style,Drake Featuring The Throne,16.0,16,210
1995-12-09,40,Soon As I Get Home,Faith Evans,40.0,40,210
1981-11-14,79,Working For The Weekend,Loverboy,79.0,79,210
1999-07-10,79,Never Gonna Let You Go,Faith Evans,79.0,79,210
1998-11-14,21,Love Like This,Faith Evans,21.0,21,210
1999-05-29,78,Better Days (And The Bottom Drops Out),Citizen King,78.0,78,210
2007-12-29,84,Won't Go Home Without You,Maroon 5,84.0,84,210
2010-07-03,99,Fancy,Drake Featuring T.I. & Swizz Beatz,97.0,99,210
1994-06-18,97,What's Up,DJ Miko,97.0,97,210
2001-12-01,99,Young'n (Holla Back),Fabolous,99.0,99,210
2017-03-04,42,Cold,Maroon 5 Featuring Future,42.0,42,210
1997-02-01,77,Let Me Clear My Throat,DJ Kool,77.0,77,210
2001-07-21,98,Can't Deny It,Fabolous Featuring Nate Dogg,98.0,98,210
2012-04-07,100,Crew Love,Drake Featuring The Weeknd,100.0,100,210
2002-03-30,62,Rainy Dayz,Mary J. Blige Featuring Ja Rule,62.0,62,210
2007-09-15,81,Baby Don't Go,Fabolous Featuring Jermaine Dupri,81.0,81,210
1959-09-07,75,Mr. Blue,The Fleetwoods,75.0,75,210
1959-04-20,88,You're So Fine,The Falcons,88.0,88,210
2010-04-10,99,I Never Told You,Colbie Caillat,99.0,99,210
1987-01-31,82,Midnight Blue,Lou Gramm,82.0,82,210
2006-05-27,92,"Steady, As She Goes",The Raconteurs,92.0,92,210
2004-04-10,71,Let's Be Us Again,Lonestar,71.0,71,210
2007-04-07,97,Moments,Emerson Drive,97.0,97,210
2002-03-16,84,I Should Be Sleeping,Emerson Drive,84.0,84,210
2002-11-16,73,Fall Into Me,Emerson Drive,73.0,73,210
2013-03-09,89,Next To Me,Emeli Sande,89.0,89,210
2003-08-30,79,Heaven,Live,79.0,79,210
1991-10-19,47,Blowing Kisses In The Wind,Paula Abdul,47.0,47,210
1997-01-25,92,Don't Stop Movin',Livin' Joy,92.0,92,210
1999-12-11,67,Blue (Da Ba Dee),Eiffel 65,67.0,67,210
2020-07-18,44,Mood Swings,Pop Smoke Featuring Lil Tjay,44.0,44,210
2020-07-18,11,The Woo,Pop Smoke Featuring 50 Cent & Roddy Ricch,11.0,11,210
2001-05-05,69,I'm Already There,Lonestar,69.0,69,210
1999-08-28,82,I Love You,Martina McBride,82.0,82,210
2006-02-04,93,Beep,The Pussycat Dolls Featuring will.i.am,93.0,93,210
2003-09-20,76,Why Can't I?,Liz Phair,76.0,76,210
2005-08-13,98,Belly Dancer (Bananza),Akon,98.0,98,210
2004-09-18,71,Mr. Mom,Lonestar,71.0,71,210
2013-09-14,3,Berzerk,Eminem,3.0,3,210
1960-07-18,44,It's Now Or Never,Elvis Presley With The Jordanaires,44.0,44,210
1995-10-07,95,Solitude,Edwin McCain,95.0,95,210
2002-05-11,44,Without Me,Eminem,44.0,44,210
1992-06-13,68,Friday I'm In Love,The Cure,68.0,68,210
2000-06-10,78,What About Now,Lonestar,78.0,78,210
2013-11-02,7,Rap God,Eminem,7.0,7,210
1999-06-26,63,I Could Not Ask For More,Edwin McCain,63.0,63,210
2005-01-01,74,Mockingbird,Eminem,74.0,74,210
2002-01-12,71,Blessed,Martina McBride,71.0,71,210
1981-12-12,74,Sweet Dreams,Air Supply,74.0,74,210
2002-08-03,54,Cleanin' Out My Closet,Eminem,54.0,54,210
2000-11-18,75,Tell Her,Lonestar,75.0,75,210
1993-08-07,97,What Might Have Been,Little Texas,97.0,97,210
1984-01-28,82,Automatic,The Pointer Sisters,82.0,82,210
1999-02-27,86,One,Creed,86.0,86,210
1979-01-20,73,What A Fool Believes,The Doobie Brothers,73.0,73,210
2005-04-09,31,The Hand That Feeds,Nine Inch Nails,31.0,31,210
1999-12-18,89,Smile,Lonestar,89.0,89,210
2011-09-10,77,I'm Gonna Love You Through It,Martina McBride,71.0,77,210
2004-05-15,65,On Fire,Lloyd Banks,65.0,65,210
1975-02-15,86,Shining Star,"Earth, Wind & Fire",86.0,86,210
2004-06-26,61,Accidentally In Love,Counting Crows,61.0,61,210
2014-11-15,75,Ghost,Ella Henderson,75.0,75,210
1998-04-18,67,Recover Your Soul,Elton John,67.0,67,210
1997-07-05,50,"C U When U Get There (From ""Nothing To Lose"")",Coolio Featuring 40 Thevz,50.0,50,210
2000-04-08,79,Better Off Alone,Alice Deejay,79.0,79,210
2003-03-29,63,Big Yellow Taxi,Counting Crows Featuring Vanessa Carlton,63.0,63,210
1999-11-06,84,Hanginaround,Counting Crows,84.0,84,210
1994-08-27,85,"Circle Of Life (From ""The Lion King"")",Elton John,85.0,85,210
2012-10-27,75,Anything Could Happen,Ellie Goulding,75.0,75,210
1976-07-04,66,Don't Go Breaking My Heart,Elton John & Kiki Dee,66.0,66,210
2005-02-26,90,Lonely,Akon,90.0,90,210
1995-11-04,87,Blessed,Elton John,87.0,87,210
1985-06-08,68,Never Surrender,Corey Hart,68.0,68,210
2008-10-25,40,I'm So Paid,Akon Featuring Lil Wayne & Young Jeezy,40.0,40,210
1997-10-04,87,Valentine,Martina McBride With Jim Brickman,87.0,87,210
1995-03-11,52,Believe,Elton John,52.0,52,210
1991-09-28,93,Whispers,Corina,93.0,93,210
1992-10-31,83,The Last Song,Elton John,83.0,83,210
1968-01-27,83,Guitar Man,Elvis Presley,83.0,83,210
1995-03-25,70,Connection,Elastica,70.0,70,210
2002-05-25,62,Walking Away,Craig David,62.0,62,210
2008-06-14,76,When I Grow Up,The Pussycat Dolls,76.0,76,210
2004-11-20,71,Karma,Lloyd Banks Featuring Avant,71.0,71,210
2000-02-05,79,Love's The Only House,Martina McBride,79.0,79,210
2005-02-05,74,That's What I Love About Sunday,Craig Morgan,74.0,74,210
2008-12-13,79,I Hate This Part,The Pussycat Dolls,79.0,79,210
1994-12-31,73,Get Down,Craig Mack,73.0,73,210
2004-05-22,73,Southside,Lloyd Featuring Ashanti,73.0,73,210
2001-12-08,61,7 Days,Craig David,61.0,61,210
2021-04-24,1,Rapstar,Polo G,1.0,1,210
2013-07-13,79,Drunk Last Night,Eli Young Band,84.0,79,210
1997-01-18,84,Firestarter,The Prodigy,84.0,84,210
2012-03-31,91,Even If It Breaks Your Heart,Eli Young Band,91.0,91,210
2003-08-09,73,This One's For The Girls,Martina McBride,73.0,73,210
1993-06-12,90,I'm Gonna Be (500 Miles),The Proclaimers,90.0,90,210
1999-05-01,93,Whatever You Say,Martina McBride,93.0,93,210
1992-11-14,96,I Got A Thang 4 Ya!,Lo-Key?,96.0,96,210
1978-07-29,81,Reminiscing,Little River Band,81.0,81,210
2020-02-01,3,Godzilla,Eminem Featuring Juice WRLD,3.0,3,210
2010-07-10,23,No Love,Eminem Featuring Lil Wayne,23.0,23,210
2002-02-23,70,Escape,Enrique Iglesias,70.0,70,210
2015-09-05,86,The Fix,Nelly Featuring Jeremih,94.0,86,210
2001-03-10,73,Yellow,Coldplay,73.0,73,210
2018-03-31,35,Moonlight,XXXTENTACION,35.0,35,210
1987-11-28,94,Because Of You,The Cover Girls,94.0,94,210
1995-10-14,27,Who Can I Run To,Xscape,27.0,27,210
2012-10-13,89,Don't Stop The Party,Pitbull Featuring TJR,99.0,89,210
2009-02-07,91,"1, 2, 3, 4",Plain White T's,91.0,91,210
2007-06-02,33,Do You Know? (The Ping Pong Song)/Dimelo,Enrique Iglesias,33.0,33,210
2005-05-07,8,Speed Of Sound,Coldplay,8.0,8,210
1962-11-03,93,Up On The Roof,The Drifters,93.0,93,210
2013-11-02,98,Chillin' It,Cole Swindell,98.0,98,210
2000-04-01,63,Be With You,Enrique Iglesias,63.0,63,210
2014-06-28,99,Hope You Get Lonely Tonight,Cole Swindell,94.0,99,210
1999-07-10,63,Bailamos,Enrique Iglesias,63.0,63,210
2016-08-13,99,Middle Of A Memory,Cole Swindell,99.0,99,210
2021-05-15,95,Single Saturday Night,Cole Swindell,95.0,95,210
1993-11-06,81,Mr. Vain,Culture Beat,81.0,81,210
2017-02-25,95,Look At Me!,XXXTENTACION,95.0,95,210
1998-05-02,24,The Arms Of The One Who Loves You,Xscape,24.0,24,210
2014-08-23,93,Fireball,Pitbull Featuring John Ryan,93.0,93,210
2010-01-23,100,A Little More Country Than That,Easton Corbin,100.0,100,210
2013-05-25,98,All Over The Road,Easton Corbin,98.0,98,210
2014-07-26,69,Try,Colbie Caillat,69.0,69,210
2012-07-07,100,Lovin' You Is Fun,Easton Corbin,100.0,100,210
1991-09-07,97,I Wonder Why,Curtis Stigers,97.0,97,210
2003-04-19,95,Stupid Girl,Cold,95.0,95,210
2015-03-28,96,Bright,Echosmith,93.0,96,210
2004-04-24,84,Culo,Pitbull Featuring Lil Jon,84.0,84,210
2001-01-27,81,Breathless,The Corrs,81.0,81,210
2015-11-28,55,Adventure Of A Lifetime,Coldplay,55.0,55,210
2014-04-26,15,Sing,Ed Sheeran,15.0,15,210
1988-07-30,91,Chains Of Love,Erasure,91.0,91,210
1995-09-30,18,I'll Be There For You/This House Is Not A Home,The Rembrandts,18.0,18,210
2018-03-17,47,Changes,XXXTENTACION,47.0,47,210
2017-09-16,31,Jocelyn Flores,XXXTENTACION,31.0,31,210
2007-12-01,97,Calabria 2008,Enur Featuring Natasja,97.0,97,210
2016-01-02,69,You Should Be Here,Cole Swindell,69.0,69,210
1993-11-27,82,I'll Be Loving You,Collage,82.0,82,210
1994-05-28,87,Back In The Day,Ahmad,87.0,87,210
1973-03-10,98,Frankenstein,Edgar Winter Group,98.0,98,210
1992-08-29,96,Right Now,Al B. Sure!,96.0,96,210
1998-03-28,72,Cheers 2 U,Playa,72.0,72,210
2007-10-06,91,Duffle Bag Boy,Playaz Circle Featuring Lil Wayne,91.0,91,210
1981-09-26,54,Here I Am (Just When I Thought I Was Over You),Air Supply,54.0,54,210
2007-02-24,100,Rock Yo Hips,Crime Mob Featuring Lil Scrappy,100.0,100,210
2004-08-21,98,Knuck If You Buck,Crime Mob Featuring Lil Scrappy,98.0,98,210
2017-05-20,91,Magnolia,Playboi Carti,91.0,91,210
1981-09-26,71,Oh No,Commodores,71.0,71,210
1999-03-06,88,Heavy,Collective Soul,88.0,88,210
1992-12-05,63,"Give It Up, Turn It Loose",En Vogue,63.0,63,210
1992-09-12,89,Free Your Mind,En Vogue,89.0,89,210
1979-09-29,68,Still,Commodores,68.0,68,210
2011-04-23,91,Hello,Martin Solveig & Dragonette,91.0,91,210
1978-06-17,73,Three Times A Lady,Commodores,73.0,73,210
1979-01-06,88,Lady,Little River Band,88.0,88,210
1995-08-12,90,"Summertime In The LBC (From ""The Show"")",The Dove Shack,90.0,90,210
1996-11-23,66,When You're Gone/Free To Decide,The Cranberries,66.0,66,210
1994-04-02,79,Dreams,The Cranberries,79.0,79,210
1989-05-20,69,Toy Soldiers,Martika,69.0,69,210
1991-12-21,85,I'll Get By,Eddie Money,85.0,85,210
2002-11-09,69,Air Force Ones,"Nelly Featuring Kyjuan, Ali & Murphy Lee",69.0,69,210
2001-10-27,90,A Woman's Worth,Alicia Keys,90.0,90,210
1999-03-13,92,Anyone Else,Collin Raye,92.0,92,210
2000-03-18,91,Couldn't Last A Moment,Collin Raye,91.0,91,210
1998-03-07,19,The Mummers' Dance,Loreena McKennitt,19.0,19,210
1992-05-30,41,Wishing On A Star,The Cover Girls,41.0,41,210
1993-12-25,42,Understanding,Xscape,42.0,42,210
2019-09-21,8,Take What You Want,Post Malone Featuring Ozzy Osbourne & Travis Scott,8.0,8,210
1996-05-11,90,Hay,Crucial Conflict,90.0,90,210
1991-07-27,60,I Adore Mi Amor,Color Me Badd,60.0,60,210
1978-02-25,84,Baby Hold On,Eddie Money,84.0,84,210
1993-07-10,95,Chief Rocka,Lords Of The Underground,95.0,95,210
1992-05-09,100,Slow Motion,Color Me Badd,100.0,100,210
1988-12-24,91,More Than You Know,Martika,91.0,91,210
1992-02-01,74,Thinkin' Back,Color Me Badd,74.0,74,210
1999-07-03,64,Out Of My Head,Fastball,64.0,64,210
2013-10-12,20,All Me,Drake Featuring 2 Chainz & Big Sean,20.0,20,210
2001-01-27,58,Jaded,Aerosmith,58.0,58,210
2006-07-29,99,Gallery,Mario Vazquez,89.0,99,210
2016-08-13,88,1 Night,Lil Yachty,94.0,88,210
2002-06-15,73,I Miss My Friend,Darryl Worley,73.0,73,210
2003-03-15,50,Have You Forgotten?,Darryl Worley,50.0,50,210
2004-11-13,72,"Awful, Beautiful Life",Darryl Worley,72.0,72,210
1960-06-13,84,Mission Bell,Donnie Brooks,84.0,84,210
2000-09-16,52,Liar,Profyle,52.0,52,210
2004-03-13,67,Game Over (Flip),Lil' Flip,67.0,67,210
1998-12-19,72,I Don't Want To Miss A Thing,Mark Chesnutt,72.0,72,210
1976-02-14,95,Right Back Where We Started From,Maxine Nightingale,95.0,95,210
1998-03-28,59,Raise The Roof,Luke Featuring No Good But So Good,59.0,59,210
2004-01-31,54,One Call Away,Chingy Featuring J. Weav,54.0,54,210
2006-07-01,86,Pullin' Me Back,Chingy Featuring Tyrese,86.0,86,210
2003-02-08,66,The Jump Off,Lil' Kim Featuring Mr. Cheeks,66.0,66,210
1996-11-09,59,No Time,Lil' Kim Featuring Puff Daddy,59.0,59,210
2018-03-31,86,Sit Next To Me,Foster The People,86.0,86,210
2010-10-30,83,This,Darius Rucker,92.0,83,210
2013-12-28,99,V. 3005,Childish Gambino,94.0,99,210
2019-02-02,95,Murder On My Mind,YNW Melly,95.0,95,210
2003-03-22,92,4 Ever,Lil' Mo Featuring Fabolous,92.0,92,210
1979-05-26,55,Bad Girls,Donna Summer,55.0,55,210
1998-03-21,50,Victory,Puff Daddy & The Family Featuring The Notorious B.I.G. & Busta Rh,50.0,50,210
1996-11-02,89,Knocks Me Off My Feet,Donell Jones,89.0,89,210
2000-04-22,81,Where I Wanna Be,Donell Jones,81.0,81,210
2002-04-27,83,You Know That I Love You,Donell Jones,83.0,83,210
1972-09-30,95,Funny Face,Donna Fargo,95.0,95,210
1979-01-27,84,Music Box Dancer,Frank Mills,84.0,84,210
2001-09-08,72,Lifetime,Maxwell,72.0,72,210
2007-12-15,97,Crying Out For Me,Mario,97.0,97,210
1980-09-20,43,The Wanderer,Donna Summer,43.0,43,210
1978-09-09,85,MacArthur Park,Donna Summer,85.0,85,210
2002-05-25,76,Drift & Die,Puddle Of Mudd,76.0,76,210
1986-11-08,81,Talk To Me,Chico DeBarge,81.0,81,210
2011-04-09,57,John,Lil Wayne Featuring Rick Ross,57.0,57,210
2001-10-13,75,Control,Puddle Of Mudd,75.0,75,210
2003-05-31,61,"Never Leave You - Uh Ooh, Uh Oooh!",Lumidee,61.0,61,210
1997-02-15,78,I'll Be,Foxy Brown Featuring Jay-Z,78.0,78,210
2006-04-22,86,Where'd You Go,Fort Minor Featuring Holly Brook,86.0,86,210
1986-09-13,71,Human,The Human League,71.0,71,210
2011-12-10,85,Strip,Chris Brown Featuring Kevin K-MAC McCall,92.0,85,210
2002-10-19,55,You Know You're Right,Nirvana,55.0,55,210
1984-10-13,62,Sea Of Love,The Honeydrippers,62.0,62,210
2002-11-02,71,All My Life,Foo Fighters,71.0,71,210
2018-03-31,84,One Number Away,Luke Combs,84.0,84,210
2020-07-11,93,Lovin' On You,Luke Combs,93.0,93,210
1995-12-09,54,"Natural One (From ""Kids"")",Folk Implosion,54.0,54,210
2015-01-24,40,Ayo,Chris Brown & Tyga,40.0,40,210
1988-01-30,74,Girlfriend,Pebbles,74.0,74,210
1995-11-04,81,Sexual Healing,Max-A-Million,81.0,81,210
2012-03-03,10,Turn Up The Music,Chris Brown,10.0,10,210
1989-12-09,93,A Girl Like You,The Smithereens,93.0,93,210
2009-06-13,92,Ice Cream Paint Job,Dorrough,92.0,92,210
2008-01-12,93,All Around Me,Flyleaf,94.0,93,210
1996-06-29,51,"Tonight, Tonight",The Smashing Pumpkins,51.0,51,210
2019-09-14,77,Heat,Chris Brown Featuring Gunna,77.0,77,210
2006-12-16,82,Poppin',Chris Brown Featuring Jay Biz,82.0,82,210
1996-11-30,71,Thirty-Three,The Smashing Pumpkins,71.0,71,210
1987-06-06,92,Mary's Prayer,Danny Wilson,92.0,92,210
2008-05-03,99,Take You Down,Chris Brown,99.0,99,210
2016-01-02,64,Back To Sleep,Chris Brown,64.0,64,210
1978-09-23,67,Double Vision,Foreigner,67.0,67,210
2009-01-03,100,It Won't Be Like This For Long,Darius Rucker,88.0,100,210
2014-11-22,97,Homegrown Honey,Darius Rucker,97.0,97,210
2013-12-28,85,The Man,Aloe Blacc,79.0,85,210
2009-11-07,99,History In The Making,Darius Rucker,90.0,99,210
2019-03-23,92,Calma,Pedro Capo X Farruko,92.0,92,210
2008-07-26,91,Don't Think I Don't Think About It,Darius Rucker,91.0,91,210
2010-07-31,67,Come Back Song,Darius Rucker,67.0,67,210
1983-05-28,72,(Keep Feeling) Fascination,The Human League,72.0,72,210
2007-08-25,56,The Pretender,Foo Fighters,56.0,56,210
1996-06-29,83,That Girl,Maxi Priest Featuring Shaggy,83.0,83,210
2014-12-20,87,Prayer In C,Lillywood & Robin Schulz,87.0,87,210
2003-03-08,75,Times Like These,Foo Fighters,75.0,75,210
2009-05-30,91,Alright,Darius Rucker,91.0,91,210
2017-08-19,85,When It Rains It Pours,Luke Combs,85.0,85,210
1999-07-03,34,You'll Be In My Heart,Phil Collins,34.0,34,210
2011-04-30,90,She Ain't You,Chris Brown,90.0,90,210
2019-12-07,64,Suicidal,YNW Melly & Juice WRLD,64.0,64,210
1998-06-27,10,Come With Me,Puff Daddy Featuring Jimmy Page,10.0,10,210
1999-09-25,74,Satisfy You,Puff Daddy Featuring R. Kelly,74.0,74,210
1983-09-03,60,Suddenly Last Summer,The Motels,60.0,60,210
1994-09-10,31,Endless Love,Luther Vandross & Mariah Carey,31.0,31,210
1991-10-19,92,Save Up All Your Tears,Cher,92.0,92,210
1994-06-11,89,Backwater,Meat Puppets,89.0,89,210
1999-09-04,60,Heartbreaker,Mariah Carey Featuring Jay-Z,60.0,60,210
1970-04-25,93,Band Of Gold,Freda Payne,93.0,93,210
1999-12-11,82,Thank God I Found You,Mariah Carey Featuring Joe & 98 Degrees,82.0,82,210
2000-12-09,86,One Woman Man,Dave Hollister,86.0,86,210
1993-11-27,68,Getto Jam,Domino,68.0,68,210
1992-05-30,24,The Best Things In Life Are Free,Luther Vandross And Janet Jackson With BBD And Ralph Tresvant,24.0,24,210
1989-03-11,59,"After All (Love Theme From ""Chances Are"")",Cher & Peter Cetera,59.0,59,210
1992-08-08,92,Jump!,The Movement,92.0,92,210
2012-06-30,75,Want U Back,Cher Lloyd,75.0,75,210
1994-01-29,48,Rock And Roll Dreams Come Through,Meat Loaf,48.0,48,210
1989-12-23,88,Roam,The B-52s,88.0,88,210
2002-09-14,87,I'd Rather,Luther Vandross,87.0,87,210
2003-02-01,76,Can't Stop Loving You,Phil Collins,76.0,76,210
1985-09-07,85,You Are My Lady,Freddie Jackson,85.0,85,210
1993-11-27,63,U.N.I.T.Y.,Queen Latifah,63.0,63,210
1977-01-22,81,Rich Girl,Daryl Hall John Oates,81.0,81,210
1973-07-14,89,That Lady (Part 1),The Isley Brothers,89.0,89,210
2004-04-10,80,Happy People,R. Kelly,80.0,80,210
1973-10-20,86,The Joker,The Steve Miller Band,86.0,86,210
1997-07-19,17,Gotham City,R. Kelly,17.0,17,210
2018-08-11,92,That's On Me,Yella Beezy,92.0,92,210
2006-08-05,99,S.E.X.,Lyfe Jennings,99.0,99,210
2018-10-06,47,No Stylist,French Montana Featuring Drake,47.0,47,210
1999-05-15,97,Single White Female,Chely Wright,97.0,97,210
2005-05-28,99,Must Be Nice,Lyfe Jennings,89.0,99,210
2019-08-31,83,Juicy,Doja Cat & Tyga,67.0,83,210
2021-06-26,38,Need To Know,Doja Cat,38.0,38,210
1977-08-06,71,Star Wars Theme/Cantina Band,Meco,71.0,71,210
2002-06-15,76,Where Are You Going,Dave Matthews Band,76.0,76,210
1973-08-04,89,Half-Breed,Cher,89.0,89,210
2002-12-28,78,No One Knows,Queens Of The Stone Age,78.0,78,210
2018-04-14,45,Medicine,Queen Naija,45.0,45,210
2021-01-23,91,Streets,Doja Cat,91.0,91,210
2004-10-02,71,Go D.J.,Lil Wayne,71.0,71,210
1991-08-03,92,Don't Want To Be A Fool,Luther Vandross,92.0,92,210
2003-06-28,71,Dance With My Father,Luther Vandross,71.0,71,210
1980-09-27,68,You've Lost That Lovin' Feeling,Daryl Hall John Oates,68.0,68,210
2008-02-09,89,Feels Like Tonight,Daughtry,89.0,89,210
2018-10-13,7,Uproar,Lil Wayne,7.0,7,210
1992-05-09,88,They Want EFX,Das EFX,88.0,88,210
2011-03-19,80,You Lie,The Band Perry,80.0,80,210
1988-10-15,73,In Your Room,The Bangles,73.0,73,210
1986-01-25,86,Manic Monday,The Bangles,86.0,86,210
1994-01-29,49,Everyday,Phil Collins,49.0,49,210
2013-04-06,78,Rich As F**k,Lil Wayne Featuring 2 Chainz,78.0,78,210
1996-12-21,67,"Space Jam (From ""Space Jam"")",Quad City DJ's,67.0,67,210
2020-05-02,92,After Party,Don Toliver,92.0,92,210
2007-12-29,76,Superstar,Lupe Fiasco Featuring Matthew Santos,76.0,76,210
1994-09-03,92,Fade Into You,Mazzy Star,92.0,92,210
2014-06-14,36,Believe Me,Lil Wayne Featuring Drake,36.0,36,210
1980-09-27,92,I Believe In You,Don Williams,92.0,92,210
2012-09-15,73,Battle Scars,Lupe Fiasco & Guy Sebastian,99.0,73,210
2010-01-16,18,Drop The World,Lil Wayne Featuring Eminem,18.0,18,210
1970-07-25,50,25 Or 6 To 4,Chicago,50.0,50,210
2013-03-30,87,DONE.,The Band Perry,87.0,87,210
2012-11-17,53,Better Dig Two,The Band Perry,53.0,53,210
2013-12-21,89,Helluva Life,Frankie Ballard,89.0,89,210
1999-09-18,98,All Things Considered,Yankee Grey,98.0,98,210
2001-03-03,76,Oochie Wally,QB Finest Featuring Nas & Bravehearts,76.0,76,210
2000-06-24,79,Taking You Home,Don Henley,79.0,79,210
1999-07-17,98,Vivrant Thing,Q-Tip,98.0,98,210
1991-08-03,79,The One And Only,Chesney Hawkes,79.0,79,210
1995-10-21,35,I'd Lie For You (And That's The Truth),Meat Loaf,35.0,35,210
2008-04-26,18,What About Now,Daughtry,18.0,18,210
2003-05-10,78,Send The Pain Below,Chevelle,78.0,78,210
2002-11-30,77,The Red,Chevelle,77.0,77,210
2003-04-12,76,Don't Wanna Try,Frankie J,76.0,76,210
2010-08-21,94,September,Daughtry,94.0,94,210
2009-12-19,66,Life After You,Daughtry,66.0,66,210
2015-01-03,43,Feeling Myself,Nicki Minaj Featuring Beyonce,43.0,43,210
2014-07-26,100,Sunshine & Whiskey,Frankie Ballard,100.0,100,210
1982-02-27,82,'65 Love Affair,Paul Davis,82.0,82,210
1995-11-11,28,Bullet With Butterfly Wings,The Smashing Pumpkins,28.0,28,210
2006-04-22,80,Gimme That,Chris Brown Featuring Lil Wayne,80.0,80,210
1995-12-23,7,I Got Id/Long Road,Pearl Jam,7.0,7,210
1999-11-27,91,Take A Picture,Filter,91.0,91,210
2011-05-07,22,Country Girl (Shake It For Me),Luke Bryan,22.0,22,210
2014-02-22,90,Human,Christina Perri,90.0,90,210
1997-10-04,28,Criminal,Fiona Apple,28.0,28,210
1998-02-07,22,Gone Till November,Wyclef Jean,22.0,22,210
2015-03-07,70,Know Yourself,Drake,70.0,70,210
2011-11-12,91,Lonely Boy,The Black Keys,94.0,91,210
2014-10-18,89,Heroes (We Could Be),Alesso Featuring Tove Lo,89.0,89,210
2017-04-29,79,Everyday We Lit,YFN Lucci Featuring PnB Rock,79.0,79,210
2015-02-28,49,Energy,Drake,49.0,49,210
2002-07-13,76,Two Wrongs,Wyclef Jean Featuring Claudette Ortiz,76.0,76,210
1997-08-30,68,Around The World,Daft Punk,68.0,68,210
2000-03-04,75,Carlene,Phil Vassar,75.0,75,210
2002-12-14,96,Sick Of Being Lonely,Field Mob,96.0,96,210
2010-03-27,35,Over,Drake,35.0,35,210
2017-04-08,8,Passionfruit,Drake,8.0,8,210
1960-07-25,96,Theme From The Apartment,Ferrante & Teicher,96.0,96,210
2010-11-27,12,The Time (Dirty Bit),The Black Eyed Peas,12.0,12,210
2008-09-13,89,Come On Get Higher,Matt Nathanson,89.0,89,210
2006-10-07,93,Nothing Left To Lose,Mat Kearney,93.0,93,210
2019-08-17,99,Prayed For You,Matt Stell,99.0,99,210
1992-08-15,71,When I Look Into Your Eyes,Firehouse,71.0,71,210
2015-08-22,21,Back To Back,Drake,21.0,21,210
2016-04-16,92,"Huntin', Fishin' & Lovin' Every Day",Luke Bryan,92.0,92,210
2019-05-18,96,All To Myself,Dan + Shay,96.0,96,210
1995-05-27,61,Sick Of Myself,Matthew Sweet,61.0,61,210
1992-10-10,97,Where You Goin' Now,Damn Yankees,97.0,97,210
1991-07-20,82,Good Vibrations,Marky Mark & The Funky Bunch Featuring Loleatta Holloway,82.0,82,210
2003-08-02,74,Can't Hold Us Down,Christina Aguilera Featuring Lil' Kim,74.0,74,210
2001-08-25,99,AM To PM,Christina Milian,99.0,99,210
2013-11-23,79,Drink A Beer,Luke Bryan,79.0,79,210
1995-02-25,76,I Live My Life For You,Firehouse,76.0,76,210
2002-09-21,67,Dirrty,Christina Aguilera Featuring Redman,67.0,67,210
2016-03-12,91,Wild Things,Alessia Cara,91.0,91,210
2021-01-09,91,Down To One,Luke Bryan,91.0,91,210
2001-04-14,70,Lady Marmalade,"Christina Aguilera, Lil' Kim, Mya & P!nk",70.0,70,210
2009-09-19,86,Do I,Luke Bryan,86.0,86,210
2004-11-13,96,Gasolina,Daddy Yankee,96.0,96,210
2002-02-16,95,Saturday (Oooh! Ooooh!),Ludacris Featuring Sleepy Brown,95.0,95,210
1991-12-07,40,Smells Like Teen Spirit,Nirvana,40.0,40,210
1969-12-20,84,Come Saturday Morning,The Sandpipers,84.0,84,210
1971-01-23,88,I Love You For All Seasons,The Fuzz,88.0,88,210
2001-08-11,79,Crawling,Linkin Park,79.0,79,210
2015-10-10,75,Big Rings,Drake & Future,75.0,75,210
2000-09-30,81,Just Another Day In Paradise,Phil Vassar,81.0,81,210
2003-07-26,73,Faint,Linkin Park,73.0,73,210
2011-07-30,92,Mr. Saxobeat,Alexandra Stan,92.0,92,210
1960-02-22,95,Greenfields,The Brothers Four,95.0,95,210
1969-08-16,92,Going In Circles,The Friends Of Distinction,92.0,92,210
2005-06-11,81,Pimpin' All Over The World,Ludacris Featuring Bobby Valentino,81.0,81,210
1992-12-05,77,Everything's Gonna Be Alright,Father M.C.,77.0,77,210
1999-03-13,98,Praise You,Fatboy Slim,98.0,98,210
2016-04-16,91,All The Way Up,"Fat Joe, Remy Ma & Jay Z Featuring French Montana & Infared",91.0,91,210
2001-10-27,82,We Thuggin',Fat Joe Featuring R. Kelly,82.0,82,210
2005-06-04,88,Get It Poppin',Fat Joe Featuring Nelly,88.0,88,210
1998-09-05,1,I Don't Want To Miss A Thing,Aerosmith,1.0,1,210
2009-06-06,6,New Divide,Linkin Park,6.0,6,210
1994-03-12,94,Born To Roll,Masta Ace Incorporated,94.0,94,210
2006-12-02,91,Runaway Love,Ludacris Featuring Mary J. Blige,91.0,91,210
1986-02-22,52,Kiss,Prince And The Revolution,52.0,52,210
2008-08-23,21,My Life,The Game Featuring Lil Wayne,21.0,21,210
1998-04-11,57,I Got The Hook Up!,Master P Featuring Sons Of Funk,57.0,57,210
1986-11-22,96,Keep Your Hands To Yourself,The Georgia Satellites,96.0,96,210
2019-08-24,93,Baby Sitter,DaBaby Featuring Offset,93.0,93,210
2010-03-13,46,My Chick Bad,Ludacris Featuring Nicki Minaj,46.0,46,210
1997-09-06,27,I Miss My Homies,Master P Featuring Pimp C And The Shocker,27.0,27,210
2013-10-12,51,The Language,Drake,51.0,51,210
1987-10-03,84,Dude (Looks Like A Lady),Aerosmith,84.0,84,210
2004-09-04,71,In A Real Love,Phil Vassar,71.0,71,210
2019-10-12,21,VIBEZ,DaBaby,21.0,21,210
2020-04-18,1,Toosie Slide,Drake,1.0,1,210
2010-07-10,44,Misery,Maroon 5,44.0,44,210
2011-08-27,89,Nothing,The Script,89.0,89,210
1991-09-28,46,Cream,Prince And The N.P.G.,46.0,46,210
2007-06-02,97,Bleed It Out,Linkin Park,69.0,97,210
2004-07-24,74,Breaking The Habit,Linkin Park,74.0,74,210
1993-12-04,93,Cannonball,The Breeders,93.0,93,210
2015-06-06,26,Kick The Dust Up,Luke Bryan,26.0,26,210
2012-09-08,92,Kiss Tomorrow Goodbye,Luke Bryan,92.0,92,210
2006-10-14,100,Hurt,Christina Aguilera,100.0,100,210
2000-01-22,75,Forgot About Dre,Dr. Dre Featuring Eminem,75.0,75,210
2013-11-02,85,Stay,Florida Georgia Line,85.0,85,210
1995-06-10,90,Somebody's Crying,Chris Isaak,90.0,90,210
1972-06-03,100,Beautiful Sunday,Daniel Boone,100.0,100,210
2014-10-25,62,Sippin' On Fire,Florida Georgia Line,96.0,62,210
2018-06-16,55,Simple,Florida Georgia Line,55.0,55,210
2003-04-05,55,If You're Not The One,Daniel Bedingfield,55.0,55,210
2013-06-29,89,Round Here,Florida Georgia Line,89.0,89,210
2011-02-19,5,I Need A Doctor,Dr. Dre Featuring Eminem & Skylar Grey,5.0,5,210
2002-11-23,69,19 Somethin',Mark Wills,69.0,69,210
2015-06-13,92,Buy Me A Boat,Chris Janson,92.0,92,210
2020-04-11,81,I Love My Country,Florida Georgia Line,95.0,81,210
2000-01-15,89,Back At One,Mark Wills,89.0,89,210
2013-02-09,96,Get Your Shine On,Florida Georgia Line,96.0,96,210
2014-07-26,11,Dirt,Florida Georgia Line,11.0,11,210
2016-01-16,99,Confession,Florida Georgia Line,99.0,99,210
2020-10-10,93,"Big, Big Plans",Chris Lane,78.0,93,210
2014-10-04,83,Sun Daze,Florida Georgia Line,95.0,83,210
2016-09-17,56,May We All,Florida Georgia Line Featuring Tim McGraw,56.0,56,210
1992-10-03,48,How Do You Talk To An Angel,The Heights,48.0,48,210
2007-05-19,93,Lean Like A Cholo,Down A.K.A. Kilo,93.0,93,210
1981-03-28,78,What Are We Doin' In Love,Dottie West with Kenny Rogers,78.0,78,210
1997-04-26,2,Hypnotize,The Notorious B.I.G.,2.0,2,210
2006-09-02,17,Show Stopper,Danity Kane,17.0,17,210
1998-07-04,42,Ava Adore,The Smashing Pumpkins,42.0,42,210
1994-08-27,62,Juicy/Unbelievable,The Notorious B.I.G.,62.0,62,210
1995-06-24,5,One More Chance/Stay With Me,The Notorious B.I.G.,5.0,5,210
2017-01-07,58,Party,Chris Brown Featuring Usher & Gucci Mane,58.0,58,210
1976-11-06,98,Whispering/Cherchez La Femme/Se Si Bon,Dr. Buzzard's Original Savannah Band,98.0,98,210
2008-02-02,94,What Kinda Gone,Chris Cagle,94.0,94,210
1993-05-15,97,Dre Day,Dr. Dre,97.0,97,210
1995-02-04,89,Fat Boy,Max-A-Million,89.0,89,210
2002-02-09,78,"I Breathe In, I Breathe Out",Chris Cagle,78.0,78,210
1996-01-27,64,Feels So Good (Show Me Your Love),Lina Santiago,64.0,64,210
1995-03-18,96,"Keep Their Heads Ringin' (From ""Friday"")",Dr. Dre,96.0,96,210
1960-10-10,99,Last Date,Floyd Cramer,99.0,99,210
2003-03-29,71,What A Beautiful Day,Chris Cagle,71.0,71,210
2011-11-12,86,Shake It Out,Florence + The Machine,86.0,86,210
2010-09-25,93,Dog Days Are Over,Florence + The Machine,93.0,93,210
2019-07-20,98,I Don't Know About You,Chris Lane,98.0,98,210
1998-05-23,48,Wishlist,Pearl Jam,48.0,48,210
2010-04-10,91,Rain Is A Good Thing,Luke Bryan,91.0,91,210
2016-03-05,86,Think Of You,Chris Young Duet With Cassadee Pope,86.0,86,210
2014-03-29,81,Play It Again,Luke Bryan,81.0,81,210
2004-04-10,67,Hey Mama,The Black Eyed Peas,67.0,67,210
1959-07-13,96,Dedicated To The One I Love,The Shirelles,96.0,96,210
1972-12-02,100,"The Cover Of ""Rolling Stone""",Dr. Hook And The Medicine Show,100.0,100,210
2020-05-16,87,One Margarita,Luke Bryan,87.0,87,210
2006-06-24,19,Ain't No Other Man,Christina Aguilera,19.0,19,210
2003-03-29,72,Say Yes,Floetry,72.0,72,210
2004-08-07,52,Let's Get It Started,The Black Eyed Peas,52.0,52,210
2016-10-15,89,HandClap,Fitz And The Tantrums,89.0,89,210
1973-04-14,82,Right Place Wrong Time,Dr. John,82.0,82,210
1991-11-09,47,Wildside,Marky Mark & The Funky Bunch,47.0,47,210
2003-04-12,61,Fighter,Christina Aguilera,61.0,61,210
1981-11-28,81,Leader Of The Band,Dan Fogelberg,81.0,81,210
2014-08-09,63,0 To 100 / The Catch Up,Drake,63.0,63,210
1999-03-06,83,Wish You Were Here,Mark Wills,83.0,83,210
2011-11-05,85,You,Chris Young,85.0,85,210
2014-08-02,88,Roller Coaster,Luke Bryan,88.0,88,210
2010-11-20,89,Voices,Chris Young,89.0,89,210
2008-04-26,100,Handlebars,Flobots,100.0,100,210
2000-05-27,78,The Next Episode,Dr. Dre Featuring Snoop Dogg,78.0,78,210
2015-08-08,81,Strip It Down,Luke Bryan,63.0,81,210
2012-10-20,8,Skyfall,Adele,8.0,8,210
2010-11-13,100,Someone Else Calling You Baby,Luke Bryan,100.0,100,210
2014-03-29,78,Who Do You Love?,YG Featuring Drake,78.0,78,210
1987-12-12,88,Never Thought (That I Could Love),Dan Hill,88.0,88,210
2017-05-06,93,Broken Halos,Chris Stapleton,92.0,93,210
1998-07-18,59,Landslide,Fleetwood Mac,59.0,59,210
1995-01-07,93,(She's Got) Skillz,All-4-One,93.0,93,210
2013-08-03,97,Aw Naw,Chris Young,97.0,97,210
2009-08-29,91,Gettin' You Home,Chris Young,91.0,91,210
2015-12-12,22,When We Were Young,Adele,22.0,22,210
2005-08-13,81,Don't Lie,The Black Eyed Peas,81.0,81,210
2010-03-20,98,The Man I Want To Be,Chris Young,98.0,98,210
2000-04-01,96,Swear It Again,Westlife,96.0,96,210
1959-10-05,88,Heartaches By The Number,Guy Mitchell,88.0,88,210
1991-03-02,82,Here We Go,C+C Music Factory/F. Williams,82.0,82,210
2011-02-19,88,Price Tag,Jessie J Featuring B.o.B,88.0,88,210
2005-02-05,76,Gone,Montgomery Gentry,76.0,76,210
2005-01-29,70,Look What You've Done,Jet,70.0,70,210
2004-04-03,76,Cold Hard Bitch,Jet,76.0,76,210
1996-06-29,44,"I Like (From ""The Nutty Professor"")",Montell Jordan Featuring Slick Rick,44.0,44,210
1991-08-24,84,Real Real Real,Jesus Jones,84.0,84,210
2006-12-23,90,Ladies Love Country Boys,Trace Adkins,90.0,90,210
2011-06-18,98,Just Fishin',Trace Adkins,98.0,98,210
2010-04-24,84,This Afternoon,Nickelback,84.0,84,210
2001-10-20,77,I'm Tryin',Trace Adkins,77.0,77,210
2019-02-09,74,Bury A Friend,Billie Eilish,74.0,74,210
2010-08-21,46,Letting Go (Dutty Love),Sean Kingston Featuring Nicki Minaj,46.0,46,210
2003-05-10,73,Intuition,Jewel,73.0,73,210
2005-11-05,91,Honky Tonk Badonkadonk,Trace Adkins,91.0,91,210
2006-08-05,86,The Kill (Bury Me),30 Seconds To Mars,86.0,86,210
2004-05-01,72,Love Song,311,72.0,72,210
1997-02-15,56,What's On Tonight,Montell Jordan,56.0,56,210
2003-06-07,89,Like Glue,Sean Paul,89.0,89,210
2001-05-19,69,Irresistible,Jessica Simpson,69.0,69,210
1999-10-16,69,I Wanna Love You Forever,Jessica Simpson,69.0,69,210
2001-01-27,79,Who I Am,Jessica Andrews,79.0,79,210
2018-12-01,97,Ocean Eyes,Billie Eilish,97.0,97,210
1999-02-20,14,You,Jesse Powell,14.0,14,210
2003-11-01,74,Hell Yeah,Montgomery Gentry,74.0,74,210
2001-11-17,71,Standing Still,Jewel,71.0,71,210
1996-02-17,33,Don't Cry,Seal,33.0,33,210
2005-08-06,96,Something To Be Proud Of,Montgomery Gentry,96.0,96,210
2007-10-13,91,Shoulda Let You Go,Keyshia Cole Introducing Amina,91.0,91,210
2021-03-06,99,Track Star,Mooski,99.0,99,210
1999-02-27,90,Blue Monday,Orgy,90.0,90,210
1993-09-04,84,Hopelessly,Rick Astley,84.0,84,210
2002-07-06,73,Ten Rounds With Jose Cuervo,Tracy Byrd,73.0,73,210
2004-02-28,93,Love's Divine,Seal,93.0,93,210
1994-06-11,83,Prayer For The Dying,Seal,83.0,83,210
2007-10-20,99,What Do Ya Think About That,Montgomery Gentry,99.0,99,210
2003-03-22,96,Speed,Montgomery Gentry,96.0,96,210
2001-07-07,84,The Way,Jill Scott,84.0,84,210
1977-04-23,84,Gonna Fly Now,Bill Conti,84.0,84,210
2008-02-16,95,You're Gonna Miss This,Trace Adkins,95.0,95,210
2008-09-27,96,Roll With Me,Montgomery Gentry,96.0,96,210
2006-08-19,69,Chain Hang Low,Jibbs,69.0,69,210
1991-10-19,85,Tender Kisses,Tracie Spencer,85.0,85,210
2002-09-28,69,My Town,Montgomery Gentry,69.0,69,210
2014-02-22,87,The Worst,Jhene Aiko,87.0,87,210
1997-02-22,94,Here's Your Sign (Get The Picture),Bill Engvall With Special Guest Travis Tritt,94.0,94,210
1991-02-16,86,Cry For Help,Rick Astley,86.0,86,210
2009-08-08,95,Toes,Zac Brown Band,95.0,95,210
2004-04-17,74,If You Ever Stop Loving Me,Montgomery Gentry,74.0,74,210
2000-10-21,76,Loser,3 Doors Down,76.0,76,210
2009-02-21,94,How Do You Sleep?,Jesse McCartney Featuring Ludacris,94.0,94,210
2004-12-11,72,Beautiful Soul,Jesse McCartney,72.0,72,210
2019-06-22,100,Otro Trago,"Sech, Darell, Nicky Jam, Ozuna & Anuel AA",100.0,100,210
2008-07-19,80,All Summer Long,Kid Rock,80.0,80,210
2004-06-05,67,U Should've Known Better,Monica,67.0,67,210
1991-11-02,47,Keep Coming Back,Richard Marx,47.0,47,210
1993-11-06,67,All About Soul,Billy Joel,67.0,67,210
1992-02-15,78,Hazard,Richard Marx,78.0,78,210
1996-01-20,59,Cumbersome,Seven Mary Three,59.0,59,210
2013-10-19,90,It Won't Stop,Sevyn Streeter Featuring Chris Brown,90.0,90,210
1993-06-26,83,Run To You,Whitney Houston,83.0,83,210
2014-05-31,92,Main Chick,Kid Ink Featuring Chris Brown,92.0,92,210
2015-05-02,96,Be Real,Kid Ink Featuring DeJ Loaf,96.0,96,210
2011-10-15,99,Keep Me In Mind,Zac Brown Band,99.0,99,210
2011-01-01,90,What Do You Want,Jerrod Niemann,94.0,90,210
1996-10-05,76,Falling,Montell Jordan,76.0,76,210
2010-05-15,89,"Lover, Lover",Jerrod Niemann,89.0,89,210
2014-01-18,90,Drink To That All Night,Jerrod Niemann,90.0,90,210
2000-02-19,63,Only God Knows Why,Kid Rock,63.0,63,210
2015-01-31,48,Homegrown,Zac Brown Band,48.0,48,210
1995-09-16,94,Come With Me,Shai,94.0,94,210
1997-03-22,71,Silent All These Years,Tori Amos,71.0,71,210
1984-10-27,64,Do What You Do,Jermaine Jackson,64.0,64,210
2010-01-30,98,Highway 20 Ride,Zac Brown Band,98.0,98,210
2001-06-23,81,Schism,Tool,81.0,81,210
1988-02-13,49,"Get Outta My Dreams, Get Into My Car",Billy Ocean,49.0,49,210
2011-04-02,24,Who Says,Selena Gomez & The Scene,24.0,24,210
1996-06-08,16,Why I Love You So Much/Ain't Nobody,Monica,16.0,16,210
2014-11-22,25,The Heart Wants What It Wants,Selena Gomez,25.0,25,210
2013-06-22,70,Slow Down,Selena Gomez,94.0,70,210
1960-02-15,99,Let The Little Girl Dance,Billy Bland,99.0,99,210
1997-11-08,73,At The Beginning,Richard Marx & Donna Lewis,73.0,73,210
1995-04-08,66,"Can't You See (From ""New Jersey Drive"")",Total Featuring The Notorious B.I.G.,66.0,66,210
1998-11-07,37,Trippin',Total Featuring Missy Elliott,37.0,37,210
2007-10-13,100,Fake It,Seether,92.0,100,210
2008-11-08,89,Don't,Billy Currington,89.0,89,210
2015-03-21,91,Don't It,Billy Currington,91.0,91,210
2007-03-24,91,Good Directions,Billy Currington,91.0,91,210
2002-12-28,72,Fine Again,Seether,72.0,72,210
2010-12-11,97,Let Me Down Easy,Billy Currington,97.0,97,210
2005-10-22,100,Must Be Doin' Somethin' Right,Billy Currington,100.0,100,210
2009-05-16,90,People Are Crazy,Billy Currington,90.0,90,210
2010-06-19,83,Pretty Good At Drinkin' Beer,Billy Currington,83.0,83,210
2009-12-12,100,That's How Country Boys Roll,Billy Currington,100.0,100,210
1995-10-28,38,Dreaming Of You,Selena,38.0,38,210
2015-12-26,77,Hands To Myself,Selena Gomez,77.0,77,210
1997-04-19,73,Until I Find You Again,Richard Marx,73.0,73,210
1958-11-24,86,Gotta Travel On,Billy Grammer,86.0,86,210
1995-12-16,45,No One Else,Total,45.0,45,210
1995-10-28,85,"I Miss You (Come Back Home) (From ""New York Undercover"")",Monifah,85.0,85,210
1992-06-13,69,Take This Heart,Richard Marx,69.0,69,210
1996-12-21,17,"Fly Like An Eagle (From ""Space Jam"")",Seal,17.0,17,210
2007-04-21,94,Find Out Who Your Friends Are,Tracy Lawrence,94.0,94,210
1991-10-26,71,Forever My Lady,Jodeci,71.0,71,210
2011-06-18,84,Best Thing I Never Had,Beyonce,84.0,84,210
2012-07-21,97,2 Reasons,Trey Songz Featuring T.I.,97.0,97,210
2014-09-20,95,"Touchin, Lovin",Trey Songz Featuring Nicki Minaj,95.0,95,210
2005-07-09,99,A Real Fine Place To Start,Sara Evans,99.0,99,210
2000-10-21,77,Born To Fly,Sara Evans,77.0,77,210
2001-04-21,83,I Could Not Ask For More,Sara Evans,83.0,83,210
2012-09-15,61,Feel Again,OneRepublic,61.0,61,210
2004-08-07,75,Suds In The Bucket,Sara Evans,75.0,75,210
2009-11-07,90,I Invented Sex,Trey Songz Featuring Drake,90.0,90,210
2014-12-13,18,7/11,Beyonce,18.0,18,210
2010-03-13,88,Neighbors Know My Name,Trey Songz,88.0,88,210
1993-10-30,83,Keep Ya Head Up,2Pac,83.0,83,210
1995-03-11,31,Dear Mama/Old School,2Pac,31.0,31,210
2004-09-18,76,Dangerously In Love,Beyonce,76.0,76,210
2009-01-03,96,Diva,Beyonce,96.0,96,210
2002-12-07,50,Thugz Mansion,2Pac,50.0,50,210
2001-11-10,90,Brotha,Angie Stone,90.0,90,210
2008-10-25,100,If I Were A Boy,Beyonce,100.0,100,210
2000-03-11,79,Buy Me A Rose,Kenny Rogers With Alison Krauss & Billy Dean,79.0,79,210
2011-09-17,20,Love On Top,Beyonce,20.0,20,210
2016-05-21,63,Don't Mind,Kent Jones,63.0,63,210
1986-03-29,54,Greatest Love Of All,Whitney Houston,54.0,54,210
2016-05-14,11,Sorry,Beyonce,11.0,11,210
2001-07-21,99,I'm A Thug,Trick Daddy,99.0,99,210
2008-08-02,96,Do You Believe Me Now,Jimmy Wayne,96.0,96,210
2008-11-01,96,Pop Champagne,Jim Jones & Ron Browz Featuring Juelz Santana,96.0,96,210
2001-12-08,75,Bring On The Rain,Jo Dee Messina With Tim McGraw,75.0,75,210
1992-04-11,92,Just Take My Heart,Mr. Big,92.0,92,210
1993-11-27,86,Cry For You,Jodeci,86.0,86,210
2014-12-06,55,Night Changes,One Direction,55.0,55,210
2012-03-31,90,One Thing,One Direction,75.0,90,210
1993-10-30,87,Slow And Easy,Zapp & Roger,87.0,87,210
2015-11-07,10,Perfect,One Direction,10.0,10,210
1997-04-05,81,A Little Bit Of Ecstasy,Jocelyn Enriquez,81.0,81,210
2005-10-08,92,Here We Go,Trina Featuring Kelly Rowland,92.0,92,210
1988-10-29,75,Little Liar,Joan Jett & the Blackhearts,75.0,75,210
1982-02-06,63,I Love Rock 'N Roll,Joan Jett & the Blackhearts,63.0,63,210
2000-06-24,78,That's The Way,Jo Dee Messina,78.0,78,210
1995-07-01,34,Good,Better Than Ezra,34.0,34,210
1998-12-12,75,Stand Beside Me,Jo Dee Messina,75.0,75,210
2005-02-19,91,My Give A Damn's Busted,Jo Dee Messina,91.0,91,210
1999-06-05,75,Lesson In Leavin',Jo Dee Messina,75.0,75,210
2001-07-28,98,On A Night Like This,Trick Pony,98.0,98,210
1999-03-13,99,Nann,Trick Daddy Featuring Trina,99.0,99,210
2000-12-02,77,Burn,Jo Dee Messina,77.0,77,210
2001-03-10,99,Take It To Da House,Trick Daddy Featuring The SNS Express,99.0,99,210
1989-10-28,91,Swing The Mood,Jive Bunny & The Mastermixers,91.0,91,210
2003-04-26,76,Stay Gone,Jimmy Wayne,76.0,76,210
1996-12-21,70,Desperately Wanting,Better Than Ezra,70.0,70,210
2002-03-16,79,Too Bad,Nickelback,79.0,79,210
2001-02-24,99,Look At Us,Sarina Paris,99.0,99,210
2008-08-16,91,Swing,Savage Featuring Soulja Boy Tell'em,91.0,91,210
2015-02-21,54,Blessings,Big Sean Featuring Drake,54.0,54,210
1993-04-10,84,Touch My Light,Big Mountain,84.0,84,210
1997-11-01,75,I'm Not A Player,Big Punisher,75.0,75,210
1987-05-16,38,I Wanna Dance With Somebody (Who Loves Me),Whitney Houston,38.0,38,210
2018-09-29,97,Best Shot,Jimmie Allen,97.0,97,210
2010-02-20,59,I Made It (Cash Money Heroes),"Kevin Rudolf Featuring Birdman, Jay Sean, & Lil Wayne",59.0,59,210
2009-03-28,94,Whatever It Is,Zac Brown Band,94.0,94,210
2003-11-15,76,Still Frame,Trapt,76.0,76,210
1958-12-29,72,The Hawaiian Wedding Song (Ke Kali Nei Au),Andy Williams,72.0,72,210
1999-11-06,83,24/7,Kevon Edmonds,83.0,83,210
2008-05-17,83,Heaven Sent,Keyshia Cole,83.0,83,210
2007-12-29,80,I Remember,Keyshia Cole,80.0,80,210
2010-10-02,74,Can't Be Friends,Trey Songz,74.0,74,210
2011-08-06,88,Marvin & Chardonnay,Big Sean Featuring Kanye West & Roscoe Dash,88.0,88,210
2013-07-13,100,Beware,Big Sean Featuring Lil Wayne & Jhene Aiko,94.0,100,210
2016-12-10,91,Play That Song,Train,77.0,91,210
2010-12-04,95,Marry Me,Train,95.0,95,210
2010-06-26,90,If It's Love,Train,90.0,90,210
1999-05-08,87,It's Not Right But It's Okay,Whitney Houston,87.0,87,210
2012-07-28,98,50 Ways To Say Goodbye,Train,98.0,98,210
1986-03-08,81,If You Leave,Orchestral Manoeuvres In The Dark,81.0,81,210
2018-12-22,96,This Is It,Scotty McCreery,96.0,96,210
2000-01-29,80,Lessons Learned,Tracy Lawrence,80.0,80,210
2016-06-04,92,THat Part,ScHoolboy Q Featuring Kanye West,76.0,92,210
1993-07-10,86,Very Special,"Big Daddy Kane Feat. Spinderella, L. Williams & K. Anderson",86.0,86,210
2014-06-21,89,Studio,ScHoolboy Q Featuring BJ The Chicago Kid,89.0,89,210
1993-05-29,79,Slam,Onyx,79.0,79,210
2000-04-08,75,Crash And Burn,Savage Garden,75.0,75,210
2014-01-04,12,Drunk In Love,Beyonce Featuring Jay Z,12.0,12,210
2011-05-28,73,Knee Deep,Zac Brown Band Featuring Jimmy Buffett,73.0,73,210
1992-10-03,62,Someone To Hold,Trey Lorenz,62.0,62,210
2014-09-13,82,***Flawless,Beyonce Featuring Nicki Minaj Or Chimamanda Ngozi Adichie,82.0,82,210
1996-03-23,74,Release Me,Angelina,74.0,74,210
1991-10-19,78,Angel Baby,Angelica,78.0,78,210
1996-12-28,7,"I Believe In You And Me (From ""The Preacher's Wife"")",Whitney Houston,7.0,7,210
2021-02-20,100,Quicksand,Morray,100.0,100,210
2001-09-15,76,Love Of A Woman,Travis Tritt,76.0,76,210
2001-03-03,78,It's A Great Day To Be Alive,Travis Tritt,78.0,78,210
2010-08-28,77,As She's Walking Away,Zac Brown Band Featuring Alan Jackson,77.0,77,210
2003-04-05,75,Still Ballin,2Pac Featuring Trick Daddy,75.0,75,210
2007-04-07,72,Lost In This Moment,Big & Rich,72.0,72,210
2018-04-07,86,Up Down,Morgan Wallen Featuring Florida Georgia Line,86.0,86,210
2014-05-03,81,Love Runs Out,OneRepublic,69.0,81,210
1993-02-27,42,I Have Nothing,Whitney Houston,42.0,42,210
2006-02-25,91,Girl Next Door,Saving Jane,91.0,91,210
1996-03-02,83,5 O'Clock,Nonchalant,83.0,83,210
2021-01-30,85,Goosebumps,Travis Scott & HVME,85.0,85,210
2019-07-13,81,My Type,Saweetie,81.0,81,210
2001-12-29,70,Welcome To Atlanta,Jermaine Dupri & Ludacris,70.0,70,210
2012-10-27,97,Goodbye In Her Eyes,Zac Brown Band,97.0,97,210
2015-06-13,95,Planez,Jeremih Featuring J. Cole,95.0,95,210
1997-03-29,13,Everyday Is A Winding Road,Sheryl Crow,13.0,13,210
1995-03-11,94,Cotton Eye Joe,Rednex,94.0,94,210
1987-05-02,89,I'd Still Say Yes,Klymaxx,89.0,89,210
2007-08-25,22,Ayo Technology,50 Cent Featuring Justin Timberlake & Timbaland,22.0,22,210
2001-06-09,81,When I Think About Angels,Jamie O'Neal,81.0,81,210
2000-12-23,72,There Is No Arizona,Jamie O'Neal,72.0,72,210
2014-06-07,39,Somethin' Bad,Miranda Lambert Duet With Carrie Underwood,39.0,39,210
2009-10-31,98,White Liar,Miranda Lambert,98.0,98,210
2011-06-18,94,Keep Your Head Up,Andy Grammer,94.0,94,210
2010-04-10,98,The House That Built Me,Miranda Lambert,98.0,98,210
2021-03-27,90,Settling Down,Miranda Lambert,90.0,90,210
2011-11-19,93,Over You,Miranda Lambert,87.0,93,210
1996-03-09,35,"Closer To Free (From ""Party Of Five"")",BoDeans,35.0,35,210
2017-03-11,27,Tunnel Vision,Kodak Black,27.0,27,210
1977-06-18,80,Handy Man,James Taylor,80.0,80,210
2013-02-09,89,Mama's Broken Heart,Miranda Lambert,89.0,89,210
2008-03-08,93,Just Got Started Lovin' You,James Otto,93.0,93,210
1994-12-10,83,Kitty Kitty,69 Boyz,83.0,83,210
2002-11-16,58,Family Portrait,P!nk,58.0,58,210
2009-11-14,92,If You Only Knew,Shinedown,92.0,92,210
2011-02-26,95,Heart Like Mine,Miranda Lambert,95.0,95,210
2001-01-13,98,After Party,Koffee Brown,98.0,98,210
2020-04-18,81,Bluebird,Miranda Lambert,81.0,81,210
2005-12-10,92,Looking For You,Kirk Franklin,92.0,92,210
2012-02-25,89,Somethin' 'Bout A Truck,Kip Moore,89.0,89,210
2009-08-08,96,Imma Star (Everywhere We Are),Jeremih,96.0,96,210
2019-01-26,75,Thotiana,Blueface,75.0,75,210
2003-03-01,99,Breathe,Blu Cantrell Featuring Sean Paul,99.0,99,210
2010-04-10,87,Pray For You,Jaron And The Long Road To Love,87.0,87,210
2002-11-30,68,Wanksta,50 Cent,68.0,68,210
1975-06-14,87,At Seventeen,Janis Ian,87.0,87,210
1997-11-08,60,Breaking All The Rules,She Moves,60.0,60,210
2006-12-23,85,Into The Ocean,Blue October,85.0,85,210
1976-07-31,83,(Don't Fear) The Reaper,Blue Oyster Cult,83.0,83,210
2000-03-11,81,She's More,Andy Griggs,81.0,81,210
1989-09-02,42,Miss You Much,Janet Jackson,42.0,42,210
2018-02-10,92,El Farsante,Ozuna & Romeo Santos,92.0,92,210
2012-10-06,99,Beer Money,Kip Moore,99.0,99,210
1986-06-21,88,Baby Love,Regina,88.0,88,210
1994-01-29,29,Because Of Love,Janet Jackson,29.0,29,210
1994-05-28,30,"Any Time, Any Place/And On And On",Janet Jackson,30.0,30,210
1989-02-11,91,A Shoulder To Cry On,Tommy Page,91.0,91,210
1983-12-10,84,Almost Over You,Sheena Easton,84.0,84,210
1998-05-23,3,I Get Lonely,Janet Featuring BLACKstreet,3.0,3,210
2001-06-23,76,Someone To Call My Lover,Janet,76.0,76,210
2002-12-28,75,Gossip Folks,"Missy ""Misdemeanor"" Elliott Featuring Ludacris",75.0,75,210
2001-12-15,68,Take Away,"Missy ""Misdemeanor"" Elliott Featuring Ginuwine & Tweet",68.0,68,210
1997-10-18,55,Sock It 2 Me,"Missy ""Misdemeanor"" Elliott Featuring Da Brat",55.0,55,210
2013-04-06,97,Hey Pretty Girl,Kip Moore,97.0,97,210
2011-08-27,67,Baggage Claim,Miranda Lambert,67.0,67,210
2010-05-08,88,Impossible,Shontelle,88.0,88,210
1993-08-28,95,"Soul To Squeeze (From ""Coneheads"")",Red Hot Chili Peppers,95.0,95,210
1995-12-09,44,Tonite's Tha Night,Kris Kross,44.0,44,210
1999-12-11,54,He Can't Love U,Jagged Edge,54.0,54,210
2000-05-13,89,I'll Be,Reba McEntire,89.0,89,210
1993-06-05,89,One Woman,Jade,89.0,89,210
2004-07-17,61,Why?,Jadakiss Featuring Anthony Hamilton,61.0,61,210
1992-08-08,39,Humpin' Around,Bobby Brown,39.0,39,210
1989-06-10,64,"On Our Own (From ""Ghostbusters II"")",Bobby Brown,64.0,64,210
2003-11-01,72,Perfect,Simple Plan,72.0,72,210
1978-12-23,83,What You Won't Do For Love,Bobby Caldwell,83.0,83,210
1999-10-30,88,What Do You Say,Reba,88.0,88,210
1998-01-10,90,Burn,Militia,90.0,90,210
1992-06-06,92,Warm It Up,Kris Kross,92.0,92,210
2006-06-03,98,Snow ((Hey Oh)),Red Hot Chili Peppers,92.0,98,210
1973-10-06,97,Hello It's Me,Todd Rundgren,97.0,97,210
2019-03-09,54,Walk Me Home,P!nk,54.0,54,210
2003-05-03,74,Beer For My Horses,Toby Keith Duet With Willie Nelson,74.0,74,210
2000-12-30,77,You Shouldn't Kiss Me Like This,Toby Keith,77.0,77,210
2002-10-05,74,Who's Your Daddy?,Toby Keith,74.0,74,210
2004-05-01,68,Whiskey Girl,Toby Keith,68.0,68,210
1974-10-19,95,Laughter In The Rain,Neil Sedaka,95.0,95,210
2018-08-04,4,FEFE,6ix9ine Featuring Nicki Minaj & Murda Beatz,4.0,4,210
1999-11-20,92,Got To Get It,Sisqo Featuring Make It Hot,92.0,92,210
1995-04-15,85,I Like,Kut Klose,85.0,85,210
2007-05-12,99,Sexy Lady,Yung Berg Featuring Junior,99.0,99,210
2007-05-26,91,Like This,Mims,91.0,91,210
2000-12-16,99,Could It Be,Jaheim,99.0,99,210
2001-06-30,82,Just In Case,Jaheim,82.0,82,210
1993-06-19,85,Girl U For Me/Lose Control,Silk,85.0,85,210
1999-03-13,30,If You (Lovin' Me),Silk,30.0,30,210
1967-08-05,71,Ode To Billie Joe,Bobbie Gentry,71.0,71,210
1993-12-25,86,Mary Jane's Last Dance,Tom Petty And The Heartbreakers,86.0,86,210
2002-07-06,61,Just Like A Pill,P!nk,61.0,61,210
1962-06-30,66,Breaking Up Is Hard To Do,Neil Sedaka,66.0,66,210
2003-02-08,68,Can't Stop,Red Hot Chili Peppers,68.0,68,210
2016-04-16,27,Close,Nick Jonas Featuring Tove Lo,27.0,27,210
2006-07-15,96,I Know You See It,Yung Joc Featuring Brandy 'Ms. B.' Hambrick,96.0,96,210
2013-03-02,99,Alive,Krewella,99.0,99,210
1999-11-06,58,If You Love Me,Mint Condition,58.0,58,210
2002-06-15,55,By The Way,Red Hot Chili Peppers,55.0,55,210
1985-10-19,52,Alive & Kicking,Simple Minds,52.0,52,210
2012-08-25,93,The One That Got Away,Jake Owen,93.0,93,210
2021-03-06,92,Made For You,Jake Owen,92.0,92,210
2014-04-12,94,Beachin',Jake Owen,94.0,94,210
2013-04-06,92,Anywhere With You,Jake Owen,92.0,92,210
2011-12-24,90,Alone With You,Jake Owen,90.0,90,210
2002-11-16,69,Fabulous,Jaheim Featuring Tha Rayne,69.0,69,210
2002-02-23,75,Anything,Jaheim Featuring Next,75.0,75,210
2003-03-22,75,Put That Woman First,Jaheim,75.0,75,210
1999-03-27,92,You Won't Ever Be Lonely,Andy Griggs,92.0,92,210
2008-11-08,87,Sex On Fire,Kings Of Leon,87.0,87,210
1991-08-03,91,Just Want To Hold You,Jasmine Guy,91.0,91,210
1996-04-06,76,Ain't No Nigga/Dead Presidents,Jay-Z Featuring Foxxy Brown,76.0,76,210
1993-08-07,67,Boom! Shake The Room,Jazzy Jeff & The Fresh Prince,67.0,67,210
2015-11-21,95,Beautiful Drug,Zac Brown Band,95.0,95,210
2021-01-23,95,Pick Up Your Feelings,Jazmine Sullivan,92.0,95,210
2008-08-02,73,Need U Bad,Jazmine Sullivan,73.0,73,210
1975-04-12,100,Dynomite-Part I,Tony Camillo's Bazuka,100.0,100,210
2004-04-17,99,Got It Twisted,Mobb Deep,99.0,99,210
1998-11-21,33,Ghetto Cowboy,Mo Thugs Family Featuring Bone Thugs-N-Harmony,33.0,33,210
2001-03-03,71,"So Fresh, So Clean",OutKast,71.0,71,210
2004-11-27,86,Numb/Encore,Jay-Z/Linkin Park,86.0,86,210
2000-04-22,69,Big Pimpin',Jay-Z Featuring UGK,69.0,69,210
2006-09-16,95,Stuntin' Like My Daddy,Birdman & Lil Wayne,95.0,95,210
1993-10-23,74,(I Know I Got) Skillz,Shaquille O'Neal,74.0,74,210
2007-11-17,97,Pop Bottles,Birdman Featuring Lil Wayne,97.0,97,210
2009-10-24,100,Money To Blow,Birdman Featuring Lil Wayne & Drake,100.0,100,210
1998-01-31,80,The City Is Mine,Jay-Z Featuring BLACKstreet,80.0,80,210
2001-12-22,68,The Whole World,OutKast Featuring Killer Mike,68.0,68,210
2014-07-19,16,Amnesia,5 Seconds Of Summer,16.0,16,210
2008-09-27,5,Swagga Like Us,Jay-Z & T.I. Featuring Kanye West & Lil Wayne,5.0,5,210
2011-08-06,47,Otis,Jay Z Kanye West Featuring Otis Redding,47.0,47,210
1992-11-14,84,When She Cries,Restless Heart,84.0,84,210
2009-11-21,27,Do You Remember,Jay Sean Featuring Sean Paul & Lil Jon,27.0,27,210
1996-08-03,60,"Why Does It Hurt So Bad (From ""Waiting To Exhale"")",Whitney Houston,60.0,60,210
1997-08-23,76,Have A Little Mercy,4.0,76.0,76,210
1997-10-11,63,Love Gets Me Every Time,Shania Twain,63.0,63,210
2004-03-27,78,8th World Wonder,Kimberley Locke,78.0,78,210
1994-02-26,86,Player's Ball,OutKast,86.0,86,210
2009-04-25,91,Birthday Sex,Jeremih,91.0,91,210
2003-11-22,97,Shake That Monkey,Too Short Featuring Lil Jon & The East Side Boyz,97.0,97,210
1992-07-04,77,Stay,Shakespear's Sister,77.0,77,210
2018-02-24,62,Plug Walk,Rich The Kid,62.0,62,210
2013-08-03,98,Type Of Way,Rich Homie Quan,98.0,98,210
2002-10-12,67,Jenny From The Block,Jennifer Lopez Featuring Styles & Jadakiss,67.0,67,210
1997-05-03,96,Can U Feel It,3rd Party,96.0,96,210
2021-02-20,37,Time Today,Moneybagg Yo,37.0,37,210
2011-02-05,79,Colder Weather,Zac Brown Band,79.0,79,210
2009-08-01,34,She Wolf,Shakira,34.0,34,210
2002-03-16,70,Underneath Your Clothes,Shakira,70.0,70,210
1999-10-16,56,Waiting For Tonight,Jennifer Lopez,56.0,56,210
1997-05-10,44,Thinking Of You,Tony Toni Tone,44.0,44,210
2001-04-07,76,Play,Jennifer Lopez,76.0,76,210
2013-05-25,100,Tapout,"Rich Gang Featuring Lil Wayne, Birdman, Future, Mack Maine, Nicki Minaj",100.0,100,210
1981-05-16,84,The Stroke,Billy Squier,84.0,84,210
1993-09-25,84,Anniversary,Tony Toni Tone,84.0,84,210
2002-08-24,75,Somewhere Out There,Our Lady Peace,75.0,75,210
1983-06-25,93,Dead Giveaway,Shalamar,93.0,93,210
2004-05-29,97,Float On,Modest Mouse,97.0,97,210
2002-10-19,65,I'm Gonna Getcha Good!,Shania Twain,65.0,65,210
2018-01-27,91,King's Dead,"Jay Rock, Kendrick Lamar, Future & James Blake",91.0,91,210
1996-08-10,99,Ready To Go,Republica,99.0,99,210
2006-10-28,100,Amarillo Sky,Jason Aldean,100.0,100,210
1999-07-17,78,What's My Age Again?,Blink-182,78.0,78,210
2011-12-10,96,Tonight Is The Night,Outasight,96.0,96,210
2006-03-18,96,Why,Jason Aldean,96.0,96,210
1999-06-12,75,Hey Leonardo (She Likes Me For Me),Blessid Union Of Souls,75.0,75,210
2013-12-14,93,When She Says Baby,Jason Aldean,93.0,93,210
1997-05-10,76,I Wanna Be There,Blessid Union Of Souls,76.0,76,210
1995-08-05,88,Let Me Be The One,Blessid Union Of Souls,88.0,88,210
1997-06-07,85,When I Die,No Mercy,85.0,85,210
2015-12-05,97,I Know What You Did Last Summer,Shawn Mendes & Camila Cabello,97.0,97,210
2004-03-20,70,I Miss You,Blink-182,70.0,70,210
2009-11-21,91,The Truth,Jason Aldean,91.0,91,210
2011-10-08,81,Tattoos On This Town,Jason Aldean,81.0,81,210
1970-10-24,91,Groove Me,King Floyd,91.0,91,210
2012-08-04,12,Take A Little Ride,Jason Aldean,12.0,12,210
2008-11-29,90,She's Country,Jason Aldean,88.0,90,210
1981-01-31,61,Rapture,Blondie,61.0,61,210
2002-02-23,76,What If She's An Angel,Tommy Shane Steiner,76.0,76,210
2012-11-03,92,Night Train,Jason Aldean,90.0,92,210
2010-09-11,54,My Kinda Party,Jason Aldean,54.0,54,210
1993-09-25,96,"Indo Smoke (From ""Poetic Justice"")",Mista Grimm,96.0,96,210
2012-03-10,92,Fly Over States,Jason Aldean,92.0,92,210
2014-08-09,12,Burnin' It Down,Jason Aldean,12.0,12,210
2009-06-27,85,Big Green Tractor,Jason Aldean,85.0,85,210
2018-02-10,28,You Make It Easy,Jason Aldean,28.0,28,210
1999-04-17,77,808,Blaque,77.0,77,210
2019-06-22,66,The Git Up,Blanco Brown,66.0,66,210
2010-01-09,65,Hillbilly Bone,Blake Shelton Featuring Trace Adkins,65.0,65,210
2008-05-31,82,Lucky,Jason Mraz & Colbie Caillat,84.0,82,210
1992-11-14,87,"Love Shoulda Brought You Home (From ""Boomerang"")",Toni Braxton,87.0,87,210
2000-07-29,76,Just Be A Man About It,Toni Braxton,76.0,76,210
1995-10-07,97,Danger,Blahzay Blahzay,97.0,97,210
1997-03-29,56,I Love Me Some Him/I Don't Want To,Toni Braxton,56.0,56,210
2008-07-12,94,Bartender Song,Rehab,94.0,94,210
1996-03-23,32,"Count On Me (From ""Waiting To Exhale"")",Whitney Houston & CeCe Winans,32.0,32,210
2001-05-26,98,Austin,Blake Shelton,98.0,98,210
2014-04-19,60,She Looks So Perfect,5 Seconds Of Summer,60.0,60,210
2008-04-26,91,Home,Blake Shelton,91.0,91,210
2011-04-23,13,Honey Bee,Blake Shelton,13.0,13,210
2017-04-08,98,Swalla,Jason Derulo Featuring Nicki Minaj & Ty Dolla $ign,98.0,98,210
2013-08-17,100,Mine Would Be You,Blake Shelton,100.0,100,210
2014-09-06,81,Neon Light,Blake Shelton,81.0,81,210
2015-05-02,93,Sangria,Blake Shelton,93.0,93,210
2008-11-08,99,She Wouldn't Be Gone,Blake Shelton,99.0,99,210
2004-10-30,65,Some Beach,Blake Shelton,65.0,65,210
2013-01-26,44,Sure Be Cool If You Did,Blake Shelton,44.0,44,210
2002-12-07,76,The Baby,Blake Shelton,76.0,76,210
2010-11-20,99,Who Are You When I'm Not Looking,Blake Shelton,99.0,99,210
2012-11-24,93,The Only Way I Know,Jason Aldean With Luke Bryan & Eric Church,93.0,93,210
1994-03-12,82,Feenin',Jodeci,82.0,82,210
2012-12-29,96,All Gold Everything,Trinidad James,96.0,96,210
2011-11-12,37,Red Solo Cup,Toby Keith,37.0,37,210
2004-04-03,65,Don't Tell Me,Avril Lavigne,65.0,65,210
1996-11-09,90,Come See Me,112,90.0,90,210
2020-07-25,5,Wishing Well,Juice WRLD,5.0,5,210
2001-09-15,73,Dance With Me,112,73.0,73,210
2007-12-08,100,Cleaning This Gun (Come On In Boy),Rodney Atkins,100.0,100,210
2019-03-09,64,Clout,Offset Featuring Cardi B,72.0,64,210
2011-12-03,66,Levels,Avicii,66.0,66,210
2006-06-03,96,If You're Going Through Hell (Before The Devil Even Knows),Rodney Atkins,96.0,96,210
2009-03-07,98,It's America,Rodney Atkins,98.0,98,210
2000-12-09,82,It's Over Now,112,82.0,82,210
1974-04-20,83,You Won't See Me,Anne Murray,83.0,83,210
2007-06-23,94,These Are My People,Rodney Atkins,94.0,94,210
2019-10-19,11,Bandit,Juice WRLD & YoungBoy Never Broke Again,11.0,11,210
2005-03-05,99,U Already Know,112 Featuring Foxy Brown,99.0,99,210
2006-11-18,90,Watching You,Rodney Atkins,90.0,90,210
1973-02-10,100,The Night The Lights Went Out In Georgia,Vicki Lawrence,100.0,100,210
2002-09-14,72,Sk8er Boi,Avril Lavigne,72.0,72,210
2011-01-29,13,What The Hell,Avril Lavigne,13.0,13,210
2007-05-05,90,When You're Gone,Avril Lavigne,82.0,90,210
1996-06-22,65,If I Ruled The World,Nas,65.0,65,210
2003-03-01,46,I Can,Nas,46.0,46,210
2018-05-26,92,All Girls Are The Same,Juice WRLD,92.0,92,210
2001-04-07,96,La Bomba,Azul Azul,96.0,96,210
2021-06-19,20,Late At Night,Roddy Ricch,20.0,20,210
2000-11-04,70,My First Love,Avant Featuring KeKe Wyatt,70.0,70,210
2006-09-16,87,Here It Goes Again,OK Go,87.0,87,210
2003-08-16,80,Show Me How To Live,Audioslave,80.0,80,210
1996-11-16,78,If We Fall In Love Tonight,Rod Stewart,78.0,78,210
2012-04-14,2,Boyfriend,Justin Bieber,2.0,2,210
1998-07-04,48,Ooh La La,Rod Stewart,48.0,48,210
1980-11-22,50,Passion,Rod Stewart,50.0,50,210
1992-02-01,39,Masterpiece,Atlantic Starr,39.0,39,210
1993-08-14,93,Reason To Believe,Rod Stewart,93.0,93,210
1996-02-10,55,Get Money,Junior M.A.F.I.A. Featuring The Notorious B.I.G.,55.0,55,210
1995-07-22,75,Player's Anthem,Junior M.A.F.I.A.,75.0,75,210
2013-11-09,30,Unconditionally,Katy Perry,30.0,30,210
2003-03-01,72,Like A Stone,Audioslave,72.0,72,210
2013-09-21,85,I Luv This Sh*t,August Alsina Featuring Trinidad James,85.0,85,210
2000-04-29,62,Separated,Avant,62.0,62,210
1996-01-27,21,Wonderwall,Oasis,21.0,21,210
2016-12-17,52,How Far I'll Go,Auli'i Cravalho,52.0,52,210
2012-09-29,71,Bandz A Make Her Dance,Juicy J Featuring Lil Wayne & 2 Chainz,71.0,71,210
2005-10-22,96,If It's Lovin' That You Want,Rihanna,96.0,96,210
2000-09-02,82,Feels Like Love,Vince Gill,82.0,82,210
2020-07-25,2,Come & Go,Juice WRLD x Marshmello,2.0,2,210
1985-03-23,60,Everything She Wants,Wham!,60.0,60,210
2020-07-11,96,Rags2Riches,Rod Wave Featuring ATR Son Son,96.0,96,210
2004-03-13,74,Don't Take Your Love Away,Avant,74.0,74,210
2002-03-23,74,Makin' Good Love,Avant,74.0,74,210
2010-01-23,85,Take It Off,Ke$ha,92.0,85,210
2002-03-09,97,Awnaw,Nappy Roots,97.0,97,210
2010-11-13,1,We R Who We R,Ke$ha,1.0,1,210
2020-05-02,97,God Whispered Your Name,Keith Urban,97.0,97,210
1989-01-07,98,Dreamin',Vanessa Williams,98.0,98,210
2011-10-15,7,Strange Clouds,B.o.B Featuring Lil Wayne,7.0,7,210
2010-05-15,83,Magic,B.o.B Featuring Rivers Cuomo,100.0,83,210
2013-01-26,95,We Still In This B****,B.o.B Featuring T.I. & Juicy J,97.0,95,210
2000-12-23,81,But For The Grace Of God,Keith Urban,81.0,81,210
1997-10-25,81,You're Not Alone,Olive,81.0,81,210
1981-04-25,89,Seven Year Ache,Rosanne Cash,89.0,89,210
2004-07-24,72,Days Go By,Keith Urban,72.0,72,210
1994-06-25,94,Booti Call,BLACKstreet,94.0,94,210
2012-12-01,98,I'm Different,2 Chainz,98.0,98,210
1983-07-16,71,"Promises, Promises",Naked Eyes,71.0,71,210
2010-01-23,7,Blah Blah Blah,Ke$ha Featuring 3OH!3,7.0,7,210
1994-11-26,99,Mental Picture,Jon Secada,99.0,99,210
1993-06-26,90,I'm Free,Jon Secada,90.0,90,210
2021-06-05,1,Butter,BTS,1.0,1,210
2015-06-27,86,"John Cougar, John Deere, John 3:16",Keith Urban,86.0,86,210
2019-10-12,84,Heartache Medication,Jon Pardi,84.0,84,210
2016-12-24,95,Dirt On My Boots,Jon Pardi,95.0,95,210
2020-04-04,94,Walk Em Down,NLE Choppa Featuring Roddy Ricch,94.0,94,210
2015-09-05,41,Hit The Quan,iLoveMemphis,41.0,41,210
1995-09-02,63,Pretty Girl,Jon B,63.0,63,210
2019-05-04,96,Shotta Flow,NLE Choppa,96.0,96,210
2005-09-10,98,Better Life,Keith Urban,98.0,98,210
1999-04-03,95,Give It To You,Jordan Knight,95.0,95,210
1981-06-27,75,(There's) No Gettin' Over Me,Ronnie Milsap,75.0,75,210
2016-02-13,100,Snapback,Old Dominion,100.0,100,210
2002-01-05,75,Nothing In This World,KeKe Wyatt Featuring Avant,75.0,75,210
1997-08-02,72,Do You Like This,Rome,72.0,72,210
1999-02-13,97,We Like To Party!,Vengaboys,97.0,97,210
2004-05-15,64,Slither,Velvet Revolver,64.0,64,210
2004-09-25,77,Fall To Pieces,Velvet Revolver,77.0,77,210
1998-05-30,93,One Heart At A Time,Various Artists,93.0,93,210
1979-07-21,86,"Lovin', Touchin', Squeezin'",Journey,86.0,86,210
2005-12-24,96,Your Man,Josh Turner,96.0,96,210
2006-07-15,97,Would You Go With Me,Josh Turner,97.0,97,210
2009-11-28,99,Why Don't We Just Dance,Josh Turner,99.0,99,210
1999-10-23,85,Got Your Money,Ol' Dirty Bastard Featuring Kelis,85.0,85,210
2015-07-25,99,Break Up With Him,Old Dominion,99.0,99,210
2007-09-29,96,Firecracker,Josh Turner,96.0,96,210
2019-01-12,98,Make It Sweet,Old Dominion,98.0,98,210
2003-08-09,96,Amazing,Josh Kelley,96.0,96,210
1994-03-26,78,How Do You Like It?,Keith Sweat,78.0,78,210
1988-01-16,77,I Want Her,Keith Sweat,77.0,77,210
1990-12-01,54,I'll Give All My Love To You,Keith Sweat,54.0,54,210
2005-01-22,70,Nothin' To Lose,Josh Gracin,70.0,70,210
1991-11-30,75,Keep It Comin',Keith Sweat,75.0,75,210
1994-10-08,75,"U Will Know (From ""Jason's Lyric"")",B.M.U. (Black Men United),75.0,75,210
1994-01-01,91,Having A Party,Rod Stewart,91.0,91,210
2016-03-12,94,Cut It,O.T. Genasis Featuring Young Dolph,94.0,94,210
1995-06-17,20,Freek'n You,Jodeci,20.0,20,210
2002-03-30,93,Feels Good (Don't Worry Bout A Thing),Naughty By Nature Featuring 3LW,93.0,93,210
2006-10-07,76,Streetcorner Symphony,Rob Thomas,76.0,76,210
2005-07-16,98,This Is How A Heart Breaks,Rob Thomas,98.0,98,210
2007-06-16,100,Do You,Ne-Yo,100.0,100,210
2011-11-26,73,You Da One,Rihanna,73.0,73,210
1972-04-22,100,Daddy Don't You Walk So Fast,Wayne Newton,100.0,100,210
2007-03-17,84,Because Of You,Ne-Yo,84.0,84,210
2015-02-07,71,Truffle Butter,Nicki Minaj Featuring Drake & Lil Wayne,71.0,71,210
2006-05-13,51,Unfaithful,Rihanna,51.0,51,210
2007-06-23,88,Shut Up And Drive,Rihanna,88.0,88,210
1978-01-28,81,Dust In The Wind,Kansas,81.0,81,210
1976-12-25,87,Carry On Wayward Son,Kansas,87.0,87,210
2009-06-06,42,Her Diamonds,Rob Thomas,42.0,42,210
1995-06-10,61,Feel Me Flow,Naughty By Nature,61.0,61,210
1992-02-08,92,Everything's Gonna Be Alright,Naughty By Nature,92.0,92,210
2014-03-08,98,La La La,Naughty Boy Featuring Sam Smith,98.0,98,210
2006-10-14,28,White & Nerdy,"""Weird Al"" Yankovic",28.0,28,210
1997-04-19,87,Sweet Sexy Thing,Nu Flavor Featuring Roger,87.0,87,210
2018-06-23,84,Lose It,Kane Brown,98.0,84,210
2012-04-21,79,Va Va Voom,Nicki Minaj,98.0,79,210
2019-03-09,95,Good As You,Kane Brown,95.0,95,210
1996-05-11,75,Children,Robert Miles,75.0,75,210
1994-05-14,88,Willing To Forgive,Aretha Franklin,88.0,88,210
2010-06-19,51,Your Love,Nicki Minaj,51.0,51,210
2006-01-21,92,Ever The Same,Rob Thomas,92.0,92,210
1991-10-19,90,Broken Arrow,Rod Stewart,90.0,90,210
1991-11-30,84,The Way I Feel About You,Karyn White,84.0,84,210
2012-03-10,63,Birthday Cake,Rihanna Featuring Chris Brown,63.0,63,210
2018-11-17,86,Ella Quiere Beber,Anuel AA & Romeo Santos,86.0,86,210
2012-04-21,78,Beez In The Trap,Nicki Minaj Featuring 2 Chainz,78.0,78,210
2013-02-16,100,Loveeeeeee Song,Rihanna Featuring Future,100.0,100,210
2011-12-10,31,Talk That Talk,Rihanna Featuring Jay-Z,31.0,31,210
2009-12-05,80,Hard,Rihanna Featuring Jeezy,80.0,80,210
1996-09-28,47,Bow Down,Westside Connection,47.0,47,210
2006-12-09,95,Break It Off,Rihanna & Sean Paul,95.0,95,210
2004-03-13,75,All Falls Down,Kanye West Featuring Syleena Johnson,75.0,75,210
1991-08-17,52,Romantic,Karyn White,52.0,52,210
2007-12-08,75,Flashing Lights,Kanye West Featuring Dwele,75.0,75,210
2014-04-12,87,Me And My Broken Heart,Rixton,87.0,87,210
2005-05-07,99,Give Me That,Webbie Featuring Bun B,99.0,99,210
2015-02-07,54,FourFiveSeconds,Rihanna & Kanye West & Paul McCartney,54.0,54,210
2014-11-29,100,She Knows,Ne-Yo Featuring Juicy J,96.0,100,210
2008-12-27,93,She Got Her Own,Ne-Yo Featuring Jamie Foxx & Fabolous,93.0,93,210
1977-09-17,78,We're All Alone,Rita Coolidge,78.0,78,210
2007-06-16,91,Whine Up,Kat DeLuna Featuring Elephant Man,91.0,91,210
1997-03-08,72,Gangstas Make The World Go Round,Westside Connection,72.0,72,210
2006-03-18,99,When You're Mad,Ne-Yo,99.0,99,210
1985-09-07,95,Running Up That Hill,Kate Bush,95.0,95,210
2013-12-21,99,Do I Wanna Know?,Arctic Monkeys,99.0,99,210
2020-05-09,68,Cool Again,Kane Brown,85.0,68,210
1994-07-09,99,Love Is All Around,Wet Wet Wet,99.0,99,210
1994-04-23,57,"Regulate (From ""Above The Rim"")",Warren G & Nate Dogg,57.0,57,210
2010-02-06,5,Baby,Justin Bieber Featuring Ludacris,5.0,5,210
2011-11-12,87,Lotus Flower Bomb,Wale Featuring Miguel,87.0,87,210
2007-07-21,85,LoveStoned,Justin Timberlake,85.0,85,210
2002-09-07,67,Like I Love You,Justin Timberlake,67.0,67,210
2002-12-21,44,Cry Me A River,Justin Timberlake,44.0,44,210
2003-01-04,85,All The Things She Said,t.A.T.u.,85.0,85,210
2012-09-29,98,Til My Last Day,Justin Moore,98.0,98,210
2009-06-20,88,Small Town USA,Justin Moore,88.0,88,210
2014-03-08,100,Lettin' The Night Roll,Justin Moore,100.0,100,210
2011-04-09,85,If Heaven Wasn't So Far Away,Justin Moore,85.0,85,210
2003-08-30,78,Rain On Me,Ashanti,78.0,78,210
1997-12-13,63,Just Clownin',WC From Westside Connection,63.0,63,210
2019-02-23,2,"Break Up With Your Girlfriend, I'm Bored",Ariana Grande,2.0,2,210
2005-09-24,71,Boyfriend,Ashlee Simpson,71.0,71,210
2005-02-12,80,Goin' Crazy,Natalie,80.0,80,210
1997-09-06,90,In A Dream,Rockell,90.0,90,210
1998-07-04,78,Can't We Try,Rockell [Duet With Collage],78.0,78,210
2020-10-31,14,Lonely,Justin Bieber & benny blanco,14.0,14,210
2001-05-05,68,Mad Season,matchbox twenty,68.0,68,210
2013-04-27,99,U.O.E.N.O.,Rocko Featuring Future & Rick Ross,99.0,99,210
2014-12-06,77,CoCo,O.T. Genasis,77.0,77,210
2002-10-19,71,Disease,matchbox twenty,71.0,71,210
2010-12-11,76,Fly,Nicki Minaj Featuring Rihanna,64.0,76,210
2007-04-28,74,Summer Love,Justin Timberlake,74.0,74,210
2002-02-09,70,Girlfriend,'N Sync Featuring Nelly,70.0,70,210
1991-09-21,73,Set The Night To Music,Roberta Flack With Maxi Priest,73.0,73,210
1999-09-04,66,Music Of My Heart,'N Sync & Gloria Estefan,66.0,66,210
1994-07-23,51,This D.J.,Warren G,51.0,51,210
1988-07-02,59,Simply Irresistible,Robert Palmer,59.0,59,210
1992-02-22,73,Everything Changes,Kathy Troccoli,73.0,73,210
1975-05-03,82,Why Can't We Be Friends?,War,82.0,82,210
2014-04-26,89,Cut Her Off,KCamp Featuring 2 Chainz,89.0,89,210
2013-01-19,90,Pour It Up,Rihanna,90.0,90,210
2015-02-28,80,One Last Time,Ariana Grande,80.0,80,210
1977-07-30,82,Keep It Comin' Love,KC And The Sunshine Band,82.0,82,210
2007-11-03,94,Love Like This,Natasha Bedingfield Featuring Sean Kingston,94.0,94,210
2005-07-02,100,These Words,Natasha Bedingfield,100.0,100,210
2020-11-14,40,pov,Ariana Grande,40.0,40,210
2001-06-09,60,All Or Nothing,O-Town,60.0,60,210
1995-02-11,92,Move It Like This,K7,92.0,92,210
1992-05-16,100,Why,Annie Lennox,100.0,100,210
1996-06-15,55,Jealousy,Natalie Merchant,55.0,55,210
1997-12-27,86,Swing My Way,K.P. & Envyi,86.0,86,210
1997-06-14,29,You Bring Me Up,K-Ci & JoJo,29.0,29,210
1999-05-29,86,Tell Me It's Real,K-Ci & JoJo,86.0,86,210
1997-10-04,84,Last Night's Letter,K-Ci & JoJo,84.0,84,210
1978-02-18,86,The Closer I Get To You,Roberta Flack With Donny Hathaway,86.0,86,210
2004-08-28,67,Nolia Clap,"Juvenile, Wacko & Skip",67.0,67,210
2013-03-02,1,Harlem Shake,Baauer,1.0,1,210
2009-03-28,51,Kiss A Girl,Keith Urban,51.0,51,210
2013-06-01,94,Little Bit Of Everything,Keith Urban,91.0,94,210
2002-06-08,70,The Good Stuff,Kenny Chesney,70.0,70,210
2000-10-14,89,Just Friends (Sunny),Musiq,89.0,89,210
2007-07-07,65,Never Wanted Nothing More,Kenny Chesney,65.0,65,210
1991-08-24,93,Let's Talk About Sex,Salt-N-Pepa,93.0,93,210
1988-07-23,96,Time And Tide,Basia,96.0,96,210
1992-02-01,69,You Showed Me,Salt-N-Pepa,69.0,69,210
2003-06-28,78,"No Shoes, No Shirt, No Problems",Kenny Chesney,78.0,78,210
2009-05-02,100,Out Last Night,Kenny Chesney,100.0,100,210
2011-11-19,97,Reality,Kenny Chesney,97.0,97,210
2010-11-20,67,Somewhere With You,Kenny Chesney,67.0,67,210
2006-04-29,98,Summertime,Kenny Chesney,98.0,98,210
1993-03-06,68,Nothin' My Love Can't Fix,Joey Lawrence,68.0,68,210
1981-06-13,87,Some Days Are Diamonds (Some Days Are Stone),John Denver,87.0,87,210
2009-08-22,81,Uprising,Muse,37.0,81,210
2003-11-08,78,There Goes My Life,Kenny Chesney,78.0,78,210
2013-06-15,95,Redneck Crazy,Tyler Farr,95.0,95,210
2015-01-17,97,A Guy Walks Into A Bar,Tyler Farr,97.0,97,210
2019-07-27,83,Tip Of My Tongue,Kenny Chesney,83.0,83,210
2004-08-21,74,You're My Everything,Anita Baker,74.0,74,210
2010-08-07,98,Aston Martin Music,Rick Ross Featuring Drake & Chrisette Michele,96.0,98,210
2018-07-28,92,I'm A Mess,Bebe Rexha,92.0,92,210
1999-07-10,71,You Had Me From Hello,Kenny Chesney,71.0,71,210
2006-09-16,81,You Save Me,Kenny Chesney,81.0,81,210
2002-12-14,70,Always,Saliva,70.0,70,210
2013-08-03,62,Red Nose,Sage The Gemini,62.0,62,210
2005-04-23,90,Making Memories Of Us,Keith Urban,90.0,90,210
1994-01-15,71,Groove Thang,Zhane,71.0,71,210
1985-08-24,40,Lonely Ol' Night,John Mellencamp,40.0,40,210
1997-02-22,53,Just Another Day,John Mellencamp,53.0,53,210
2003-02-22,65,Big Star,Kenny Chesney,65.0,65,210
1997-11-22,92,Brian Wilson,Barenaked Ladies,92.0,92,210
2021-01-09,38,Good Days,SZA,38.0,38,210
1998-10-03,3,One Week,Barenaked Ladies,3.0,3,210
2017-07-01,70,Love Galore,SZA Featuring Travis Scott,70.0,70,210
1993-06-05,94,Something's Goin' On,U.N.V.,94.0,94,210
2012-06-02,59,Come Over,Kenny Chesney,59.0,59,210
2020-09-19,29,Hit Different,SZA Featuring Ty Dolla $ign,29.0,29,210
2007-09-22,79,Don't Blink,Kenny Chesney,79.0,79,210
2007-05-26,92,teachme,Musiq Soulchild,92.0,92,210
2001-03-10,82,Don't Happen Twice,Kenny Chesney,82.0,82,210
2009-12-05,100,Heartbreak Warfare,John Mayer,85.0,100,210
2009-12-05,25,Half Of My Heart,John Mayer,25.0,25,210
1975-11-15,48,I Write The Songs,Barry Manilow,48.0,48,210
2003-08-30,66,Bigger Than My Body,John Mayer,66.0,66,210
1981-01-17,36,Woman,John Lennon,36.0,36,210
1985-03-02,83,Smooth Operator,Sade,83.0,83,210
2005-01-08,73,Ordinary People,John Legend,73.0,73,210
2004-06-12,66,I Go Back,Kenny Chesney,66.0,66,210
2000-10-21,75,I Lost It,Kenny Chesney,75.0,75,210
2002-02-09,72,Young,Kenny Chesney,72.0,72,210
1985-02-23,81,One Night In Bangkok,Murray Head,81.0,81,210
2003-10-11,75,Wat Da Hook Gon Be,Murphy Lee Featuring Jermaine Dupri,75.0,75,210
1989-10-28,85,When The Night Comes,Joe Cocker,85.0,85,210
2010-03-13,98,Gimmie That Girl,Joe Nichols,98.0,98,210
2003-01-25,74,Brokenheartsville,Joe Nichols,74.0,74,210
1997-03-29,80,For You,Kenny Lattimore,80.0,80,210
2000-01-29,85,I Like It,Sammie,85.0,85,210
2004-03-27,60,Overnight Celebrity,Twista,60.0,60,210
2015-08-22,3,Drag Me Down,One Direction,3.0,3,210
2002-02-09,54,Oops (Oh My),Tweet,54.0,54,210
1999-05-15,96,A Night To Remember,Joe Diffie,96.0,96,210
2003-10-18,75,Runnin (Dying To Live),Tupac Featuring The Notorious B.I.G.,75.0,75,210
1997-08-02,45,Coco Jamboo,Mr. President,45.0,45,210
2002-04-20,71,Addictive,Truth Hurts Featuring Rakim,71.0,71,210
2004-02-21,70,When The Sun Goes Down,Kenny Chesney & Uncle Kracker,70.0,70,210
1985-12-21,61,Kyrie,Mr. Mister,61.0,61,210
2003-11-22,78,More & More,Joe,78.0,78,210
1997-05-03,45,"Don't Wanna Be A Player (From ""Booty Call"")",Joe,45.0,45,210
1996-02-10,78,"All The Things (Your Man Won't Do) (From ""Don't Be A Menace..."")",Joe,78.0,78,210
1993-10-09,77,Wild World,Mr. Big,77.0,77,210
1978-07-29,90,"Whenever I Call You ""Friend""",Kenny Loggins,90.0,90,210
2001-08-04,81,I Would've Loved You Anyway,Trisha Yearwood,81.0,81,210
1986-11-08,86,Stay The Night,Benjamin Orr,86.0,86,210
1994-09-03,52,Body & Soul,Anita Baker,52.0,52,210
1995-11-04,90,Love U 4 Life,Jodeci,90.0,90,210
2013-09-14,98,Sunny And 75,Joe Nichols,98.0,98,210
2005-09-10,100,Girl Tonite,Twista Featuring Trey Songz,100.0,100,210
1998-03-14,93,Who Am I,Beenie Man,93.0,93,210
1976-07-04,67,You Should Be Dancing,Bee Gees,67.0,67,210
2011-06-11,92,You And Tequila,Kenny Chesney Featuring Grace Potter,92.0,92,210
2014-06-21,88,Shower,Becky G,88.0,88,210
2016-08-20,29,Setting The World On Fire,Kenny Chesney Featuring P!nk,29.0,29,210
1997-06-07,34,Alone,Bee Gees,34.0,34,210
2008-08-30,41,Everybody Wants To Go To Heaven,Kenny Chesney With The Wailers,41.0,41,210
2015-10-24,90,Break Up In A Small Town,Sam Hunt,90.0,90,210
2011-02-19,99,The Cave,Mumford & Sons,99.0,99,210
2021-03-13,92,Breaking Up Was Easy In The 90's,Sam Hunt,92.0,92,210
2020-04-11,91,Hard To Forget,Sam Hunt,91.0,91,210
2015-06-20,85,House Party,Sam Hunt,85.0,85,210
2020-10-03,51,Diamonds,Sam Smith,51.0,51,210
2014-03-29,91,Or Nah,Ty Dolla $ign Featuring Wiz Khalifa & DJ Mustard,91.0,91,210
2019-08-03,29,How Do You Sleep?,Sam Smith,29.0,29,210
2015-02-21,75,Lay Me Down,Sam Smith,75.0,75,210
1978-02-04,76,Night Fever,Bee Gees,76.0,76,210
2014-01-04,97,Paranoid,Ty Dolla $ign Featuring B.o.B,97.0,97,210
1993-05-22,92,By The Time This Night Is Over,Kenny G With Peabo Bryson,92.0,92,210
2013-02-02,87,Troublemaker,Olly Murs Featuring Flo Rida,87.0,87,210
2005-01-22,68,O,Omarion,68.0,68,210
1979-02-10,29,Tragedy,Bee Gees,29.0,29,210
2014-05-10,98,Yeah,Joe Nichols,98.0,98,210
1997-07-26,31,Someone,SWV (Featuring Puff Daddy),31.0,31,210
1994-05-21,89,Sending My Love,Zhane,89.0,89,210
1996-11-23,28,"I Finally Found Someone (From ""The Mirror Has Two Faces"")",Barbra Streisand & Bryan Adams,28.0,28,210
2017-07-01,95,It's A Vibe,"2 Chainz Featuring Ty Dolla $ign, Trey Songz & Jhene Aiko",95.0,95,210
2000-10-14,39,Shape Of My Heart,Backstreet Boys,39.0,39,210
2006-05-20,93,Bossy,Kelis Featuring Too $hort,93.0,93,210
1995-10-28,97,We've Got It Goin' On,Backstreet Boys,97.0,97,210
2018-08-04,97,Lie,NF,97.0,97,210
2016-07-16,80,No Limit,Usher Featuring Young Thug,80.0,80,210
2012-05-26,98,Lemme See,Usher Featuring Rick Ross,94.0,98,210
2009-04-25,50,Best Days Of Your Life,Kellie Pickler,50.0,50,210
2001-01-27,66,Nobody Wants To Be Lonely,Ricky Martin Duet With Christina Aguilera,66.0,66,210
2002-09-21,60,A Moment Like This,Kelly Clarkson,60.0,60,210
2013-01-19,100,Carry On,fun.,100.0,100,210
1972-09-09,84,I Can See Clearly Now,Johnny Nash,84.0,84,210
2002-05-11,69,Someone To Love You,Ruff Endz,69.0,69,210
2021-06-19,10,Yonaguni,Bad Bunny,10.0,10,210
1981-10-31,90,Hooked On Classics,Royal Philharmonic Orchestra,90.0,90,210
1992-06-27,100,Everybody's Free (To Feel Good),Rozalla,100.0,100,210
2019-06-22,69,Callaita,Bad Bunny & Tainy,69.0,69,210
1993-02-13,91,Supermodel (You Better Work),RuPaul,91.0,91,210
2004-01-03,58,Sorry 2004,Ruben Studdard,58.0,58,210
2015-01-31,37,Heartbeat Song,Kelly Clarkson,37.0,37,210
1999-08-07,63,She's All I Ever Had,Ricky Martin,63.0,63,210
2003-05-17,61,Miss Independent,Kelly Clarkson,61.0,61,210
1979-03-17,74,Rock 'n' Roll Fantasy,Bad Company,74.0,74,210
2001-05-26,68,More Than That,Backstreet Boys,68.0,68,210
2005-04-23,55,Incomplete,Backstreet Boys,55.0,55,210
2013-09-28,80,We Were Us,Keith Urban And Miranda Lambert,80.0,80,210
2004-12-04,73,You're My Better Half,Keith Urban,73.0,73,210
2002-11-16,88,Do That...,Baby Featuring P. Diddy,88.0,88,210
1988-10-01,82,Finish What Ya Started,Van Halen,82.0,82,210
1978-11-25,68,A Little More Love,Olivia Newton-John,68.0,68,210
2010-10-02,82,Put You In A Song,Keith Urban,82.0,82,210
1995-03-25,75,Can't Stop Lovin' You,Van Halen,75.0,75,210
2019-09-28,40,Camelot,NLE Choppa,40.0,40,210
1994-03-05,71,And Our Feelings,Babyface,71.0,71,210
2012-08-11,91,Birthday Song,2 Chainz Featuring Kanye West,100.0,91,210
2002-08-17,73,Somebody Like You,Keith Urban,73.0,73,210
2014-09-13,91,Somewhere In My Car,Keith Urban,91.0,91,210
2006-12-23,95,Stupid Boy,Keith Urban,95.0,95,210
1991-10-26,85,Spending My Time,Roxette,85.0,85,210
2008-11-29,43,Sweet Thing,Keith Urban,43.0,43,210
2005-12-31,86,Tonight I Wanna Cry,Keith Urban,86.0,86,210
2001-06-16,78,Where The Blacktop Ends,Keith Urban,78.0,78,210
1996-10-26,8,This Is For The Lover In You,"Babyface Featuring LL Cool J, Howard Hewett, Jody Watley & Jeffrey Daniels",8.0,8,210
2003-08-16,75,Who Wouldn't Wanna Be Me,Keith Urban,75.0,75,210
2019-07-27,92,Time,NF,67.0,92,210
1974-05-18,98,Takin' Care Of Business,Bachman-Turner Overdrive,98.0,98,210
2004-02-14,69,You'll Think Of Me,Keith Urban,69.0,69,210
2001-10-20,54,Drowning,Backstreet Boys,54.0,54,210
1974-04-13,87,If You Love Me (let Me Know),Olivia Newton-John,87.0,87,210
2012-03-10,81,Climax,Usher,81.0,81,210
1996-04-20,9,You're The One,SWV,9.0,9,210
2008-03-01,84,The Boss,Rick Ross Featuring T-Pain,84.0,84,210
2004-10-09,46,Vertigo,U2,46.0,46,210
1998-08-08,75,Movin' On,Mya Featuring Silkk The Shocker,75.0,75,210
2001-03-03,61,Never Had A Dream Come True,S Club 7,61.0,61,210
2001-09-29,62,Stuck In A Moment You Can't Get Out Of,U2,62.0,62,210
1998-03-14,82,It's All About Me,Mya & Sisqo,82.0,82,210
2000-07-15,78,I Will...But,SHeDAISY,78.0,78,210
1992-03-14,76,One,U2,76.0,76,210
1999-05-08,98,Little Good-Byes,SHeDAISY,98.0,98,210
1991-11-23,77,Mysterious Ways,U2,77.0,77,210
2003-06-28,81,My Love Is Like... Wo,Mya,81.0,81,210
1976-05-01,98,Let Her In,John Travolta,98.0,98,210
2000-07-22,99,Who Let The Dogs Out,Baha Men,99.0,99,210
1994-04-09,88,"Anything (From ""Above The Rim"")",SWV,88.0,88,210
2014-07-05,82,American Kids,Kenny Chesney,82.0,82,210
1984-12-15,87,Naughty Naughty,John Parr,87.0,87,210
1996-08-17,52,Use Your Heart,SWV,52.0,52,210
2005-02-12,83,Anything But Mine,Kenny Chesney,83.0,83,210
2000-09-09,81,The Little Girl,John Michael Montgomery,81.0,81,210
2004-03-20,66,Letters From Home,John Michael Montgomery,66.0,66,210
1994-02-12,81,I Swear,John Michael Montgomery,81.0,81,210
1999-10-02,81,Home To You,John Michael Montgomery,81.0,81,210
2007-06-30,87,Teenagers,My Chemical Romance,87.0,87,210
2004-12-11,52,True,Ryan Cabrera,52.0,52,210
2001-12-15,71,Bouncin' Back (Bumpin' Me Against The Wall),Mystikal,71.0,71,210
1980-11-01,32,Love On The Rocks,Neil Diamond,32.0,32,210
2000-08-12,97,Shake Ya Ass,Mystikal,97.0,97,210
2008-03-01,98,She Got It,2 Pistols Featuring T-Pain & Tay Dizm,98.0,98,210
1998-07-18,22,Friend Of Mine,Kelly Price,22.0,22,210
2000-09-23,91,You Should've Told Me,Kelly Price,91.0,91,210
1999-04-17,54,Livin' La Vida Loca,Ricky Martin,54.0,54,210
2002-09-28,76,Stole,Kelly Rowland,76.0,76,210
2007-03-31,96,Like This,Kelly Rowland Featuring Eve,98.0,96,210
2020-10-24,95,Hole In The Bottle,Kelsea Ballerini,95.0,95,210
1994-12-03,91,I Miss You,N2U,91.0,91,210
2019-02-16,95,Miss Me More,Kelsea Ballerini,95.0,95,210
1997-03-29,42,Your Woman,White Town,42.0,42,210
2002-11-02,70,In A Little While,Uncle Kracker,70.0,70,210
2004-10-09,96,Tempted To Touch,Rupee,96.0,96,210
2016-06-18,92,Peter Pan,Kelsea Ballerini,92.0,92,210
1992-04-04,69,Everything About You,Ugly Kid Joe,69.0,69,210
1993-02-13,79,Cat's In The Cradle,Ugly Kid Joe,79.0,79,210
2019-12-21,100,BEST ON EARTH,Russ & BIA,100.0,100,210
2017-05-06,4,DNA.,Kendrick Lamar,4.0,4,210
2020-09-19,91,Love You Like I Used To,Russell Dickerson,91.0,91,210
2000-12-16,77,Danger (Been So Long),Mystikal Featuring Nivea,77.0,77,210
1992-06-13,90,Twilight Zone,2 Unlimited,90.0,90,210
1993-10-09,93,Higher Ground,UB40,93.0,93,210
2008-07-26,72,She Never Cried In Front Of Me,Toby Keith,72.0,72,210
1996-07-27,16,Elevators (Me & You),OutKast,16.0,16,210
2000-07-15,75,Change Your Mind,Sister Hazel,75.0,75,210
2005-06-25,85,Right Here,Staind,85.0,85,210
1997-03-08,55,"Let It Go (From ""Set It Off"")",Ray J,55.0,55,210
1981-05-02,83,Sweet Baby,Stanley Clarke/George Duke,83.0,83,210
2009-09-19,40,I Will Not Bow,Breaking Benjamin,40.0,40,210
2004-09-11,77,So Cold,Breaking Benjamin,77.0,77,210
2013-04-27,83,Still Into You,Paramore,100.0,83,210
2006-08-12,55,The Diary Of Jane,Breaking Benjamin,55.0,55,210
1992-08-01,67,She's Playing Hard To Get,Hi-Five,67.0,67,210
1993-10-16,82,"Never Should've Let You Go (From ""Sister Act 2"")",Hi-Five,82.0,82,210
2011-11-19,92,Blackout,Breathe Carolina,92.0,92,210
1985-09-21,56,Lay Your Hands On Me,Thompson Twins,56.0,56,210
1980-06-28,86,One In A Million You,Larry Graham,86.0,86,210
1976-05-08,87,Afternoon Delight,Starland Vocal Band,87.0,87,210
2002-11-02,95,Something,Lasgo,95.0,95,210
2012-11-17,98,If I Didn't Have You,Thompson Square,94.0,98,210
1983-07-02,87,How Am I Supposed To Live Without You,Laura Branigan,87.0,87,210
2010-06-12,90,The Only Exception,Paramore,90.0,90,210
2011-01-01,92,Are You Gonna Kiss Me Or Not,Thompson Square,92.0,92,210
1985-12-28,65,Sara,Starship,65.0,65,210
2018-10-06,92,Backin' It Up,Pardison Fontaine Featuring Cardi B,95.0,92,210
2003-08-16,53,So Yesterday,Hilary Duff,53.0,53,210
2007-03-17,95,Better Than Me,Hinder,95.0,95,210
2003-09-20,84,(There's Gotta Be) More To Life,Stacie Orrico,84.0,84,210
2002-03-02,75,For You,Staind,75.0,75,210
2008-06-21,36,Put On,Young Jeezy Featuring Kanye West,36.0,36,210
2007-07-28,100,Never Too Late,Three Days Grace,96.0,100,210
2004-07-31,79,Just Like You,Three Days Grace,79.0,79,210
1999-04-24,90,Almost Doesn't Count,Brandy,90.0,90,210
1996-07-13,88,Tucker's Town,Hootie & The Blowfish,88.0,88,210
1995-02-04,60,Baby,Brandy,60.0,60,210
1995-06-03,64,Best Friend,Brandy,64.0,64,210
1995-09-09,37,Brokenhearted,Brandy,37.0,37,210
2002-05-04,68,Full Moon,Brandy,68.0,68,210
1996-04-27,28,Old Man & Me (When I Get To Heaven),Hootie & The Blowfish,28.0,28,210
2009-09-26,91,Break,Three Days Grace,91.0,91,210
2006-05-06,93,Animal I Have Become,Three Days Grace,93.0,93,210
1985-08-10,72,And We Danced,Hooters,72.0,72,210
1996-08-24,62,"Missing You (From ""Set It Off"")","Brandy, Tamia, Gladys Knight & Chaka Khan",62.0,62,210
2003-11-29,75,(I Hate) Everything About You,Three Days Grace,75.0,75,210
2008-05-31,79,Lolli Lolli (Pop That Body),"Three 6 Mafia Featuring Project Pat, Young D & Superpower",79.0,79,210
2017-01-21,95,The Weekend,Brantley Gilbert,95.0,95,210
2002-07-06,76,Running Away,Hoobastank,76.0,76,210
2014-06-28,95,Small Town Throwdown,Brantley Gilbert Featuring Justin Moore & Thomas Rhett,95.0,95,210
2020-05-09,84,Party Girl,StaySolidRocky,84.0,84,210
1982-08-28,67,You Don't Want Me Anymore,Steel Breeze,67.0,67,210
2017-04-22,53,Craving You,Thomas Rhett Featuring Maren Morris,53.0,53,210
1990-01-20,79,"Whole Wide World (From ""True Love"")",A'me Lorain,79.0,79,210
2014-11-22,95,Mean To Me,Brett Eldredge,95.0,95,210
1978-01-07,78,Always And Forever,Heatwave,78.0,78,210
2016-10-22,98,Wanna Be That Song,Brett Eldredge,98.0,98,210
2003-05-03,78,I Wish I Wasn't,Heather Headley,78.0,78,210
2019-01-12,91,Here Tonight,Brett Young,91.0,91,210
2018-05-19,97,Mercy,Brett Young,97.0,97,210
2006-08-26,75,I Loved Her First,Heartland,75.0,75,210
1983-01-29,90,It Might Be You,Stephen Bishop,90.0,90,210
1986-01-18,54,These Dreams,Heart,54.0,54,210
1991-09-28,67,That's What Love Is For,Amy Grant,67.0,67,210
1970-09-05,94,Gypsy Woman,Brian Hyland,94.0,94,210
1998-12-05,16,Jumper,Third Eye Blind,16.0,16,210
1994-08-13,90,Lucky One,Amy Grant,90.0,90,210
1992-09-19,81,I Will Be Here For You,Michael W. Smith,81.0,81,210
1995-07-22,99,Tonight Is The Night,Le Click,99.0,99,210
1977-05-28,84,Barracuda,Heart,84.0,84,210
1990-03-31,57,All I Wanna Do Is Make Love To You,Heart,57.0,57,210
2001-06-09,92,I Wanna Be Bad,Willa Ford,92.0,92,210
1995-04-15,88,"Crazy Love (From ""Jason's Lyric"")",Brian McKnight,88.0,88,210
2015-06-27,97,Lose My Mind,Brett Eldredge,97.0,97,210
2013-06-08,95,Don't Ya,Brett Eldredge,95.0,95,210
2014-02-22,97,Beat Of The Music,Brett Eldredge,97.0,97,210
2019-03-16,52,Look What God Gave Her,Thomas Rhett,52.0,52,210
2002-08-31,69,Goodbye To You,Michelle Branch,69.0,69,210
2017-08-19,68,Unforgettable,Thomas Rhett,68.0,68,210
2001-09-01,62,Everywhere,Michelle Branch,62.0,62,210
2016-03-19,92,T-Shirt,Thomas Rhett,92.0,92,210
2003-05-31,91,Are You Happy Now?,Michelle Branch,91.0,91,210
1976-02-28,84,Shannon,Henry Gross,84.0,84,210
2003-08-09,72,"Can't Stop, Won't Stop",Young Gunz,72.0,72,210
2014-11-29,99,Make Me Wanna,Thomas Rhett,99.0,99,210
2014-01-25,94,Get Me Some Of That,Thomas Rhett,94.0,94,210
1994-03-26,89,Got Me Waiting,Heavy D & The Boyz,89.0,89,210
2007-03-31,91,Rehab,Amy Winehouse,91.0,91,210
2015-04-25,96,Crash And Burn,Thomas Rhett,91.0,96,210
1974-06-15,87,You And Me Against The World,Helen Reddy,87.0,87,210
2021-05-15,73,Country Again,Thomas Rhett,73.0,73,210
1971-02-20,99,I Don't Know How To Love Him,Helen Reddy,99.0,99,210
1973-06-23,86,Delta Dawn,Helen Reddy,86.0,86,210
1994-07-02,99,Nuttin' But Love,Heavy D & The Boyz,99.0,99,210
1991-11-23,78,Is It Good To You,Heavy D & The Boyz,78.0,78,210
2006-12-16,98,Pain,Three Days Grace,98.0,98,210
2011-10-22,51,I Like It Like That,Hot Chelle Rae Featuring New Boyz,51.0,51,210
2003-04-05,99,Never Scared,Bone Crusher Featuring Killer Mike & T.I.,99.0,99,210
1987-11-28,86,Could've Been,Tiffany,86.0,86,210
2011-09-03,47,We Owned The Night,Lady Antebellum,47.0,47,210
2017-04-22,60,You Look Good,Lady Antebellum,60.0,60,210
1994-07-30,68,Bop Gun (One Nation),Ice Cube Featuring George Clinton,68.0,68,210
1993-07-31,85,Check Yo Self,Ice Cube Featuring Das EFX,85.0,85,210
1994-02-12,95,You Know How We Do It,Ice Cube,95.0,95,210
1993-03-06,89,It Was A Good Day,Ice Cube,89.0,89,210
1996-04-06,43,In The Meantime,Spacehog,43.0,43,210
1995-03-11,92,I'd Rather Be Alone,IV Xample,92.0,92,210
1986-01-18,96,What You Need,INXS,96.0,96,210
2011-02-26,1,Born This Way,Lady Gaga,1.0,1,210
1990-11-24,89,Disappear,INXS,89.0,89,210
2005-12-24,84,Fresh Azimiz,Bow Wow Featuring J-Kwon & Jermaine Dupri,84.0,84,210
1998-02-07,26,Love You Down,INOJ/LATHUN,26.0,26,210
2000-07-29,75,Last Resort,Papa Roach,75.0,75,210
1999-10-09,84,Stay The Night,IMx,84.0,84,210
2007-03-17,76,Outta My System,Bow Wow Featuring T-Pain & Johnta Austin,76.0,76,210
1993-05-15,85,Cry No More,II D Extreme,85.0,85,210
2016-10-29,76,Million Reasons,Lady Gaga,57.0,76,210
2004-09-11,72,1985,Bowling For Soup,72.0,72,210
1991-11-02,89,I Wanna Be Your Girl,Icy Blu,89.0,89,210
2009-03-21,98,Turn My Swag On,Soulja Boy Tell'em,98.0,98,210
2005-12-03,81,When I Get Where I'm Going,Brad Paisley Featuring Dolly Parton,81.0,81,210
2014-05-17,88,Work,Iggy Azalea,88.0,88,210
1997-10-18,42,If I Could Teach The World,Bone Thugs-N-Harmony,42.0,42,210
1997-06-21,4,"Look Into My Eyes (From ""Batman & Robin"")",Bone Thugs-N-Harmony,4.0,4,210
1996-05-11,2,Tha Crossroads,Bone Thugs-N-Harmony,2.0,2,210
1994-09-17,73,Thuggish Ruggish Bone,Bone Thugs-N-Harmony,73.0,73,210
2014-02-15,100,On Top Of The World,Imagine Dragons,100.0,100,210
2010-01-09,48,Steady Mobbin',Young Money Featuring Gucci Mane,48.0,48,210
2001-03-31,70,Grown Men Don't Cry,Tim McGraw,70.0,70,210
2010-11-20,26,Felt Good On My Lips,Tim McGraw,26.0,26,210
2014-03-22,73,Trophies,Young Money Featuring Drake,73.0,73,210
1994-05-21,61,Don't Take The Girl,Tim McGraw,61.0,61,210
2011-12-31,81,Better Than I Used To Be,Tim McGraw,75.0,81,210
2003-11-15,95,Gigolo,Nick Cannon Featuring R. Kelly,95.0,95,210
1991-11-23,87,I Can't Make You Love Me,Bonnie Raitt,87.0,87,210
1994-03-12,90,Love Sneakin' Up On You,Bonnie Raitt,90.0,90,210
1991-07-20,83,Something To Talk About,Bonnie Raitt,83.0,83,210
2001-08-18,70,Angry All The Time,Tim McGraw,70.0,70,210
1989-06-24,82,Keep On Movin',Soul II Soul (Featuring Caron Wheeler),82.0,82,210
2010-02-06,80,Our Kind Of Love,Lady Antebellum,94.0,80,210
2009-05-23,96,Every Girl,Young Money,96.0,96,210
2005-02-19,95,Almost,Bowling For Soup,95.0,95,210
2007-06-23,95,A Bay Bay,Hurricane Chris,95.0,95,210
2015-03-14,90,Smoke,A Thousand Horses,90.0,90,210
1993-01-23,79,That's What Love Can Do,Boy Krazy,79.0,79,210
1999-10-23,83,He Didn't Have To Be,Brad Paisley,83.0,83,210
2002-05-04,66,I'm Gonna Miss Her (The Fishin' Song),Brad Paisley,66.0,66,210
2008-03-29,86,I'm Still A Guy,Brad Paisley,86.0,86,210
2007-12-01,89,Letter To Me,Brad Paisley,89.0,89,210
2003-12-20,76,Little Moments,Brad Paisley,76.0,76,210
2004-12-04,70,Mud On The Tires,Brad Paisley,70.0,70,210
2007-08-04,99,Online,Brad Paisley,99.0,99,210
2006-10-21,96,She's Everything,Brad Paisley,96.0,96,210
2012-10-20,73,Southern Comfort Zone,Brad Paisley,73.0,73,210
2006-05-06,100,The World,Brad Paisley,100.0,100,210
2009-04-04,35,Then,Brad Paisley,35.0,35,210
2004-06-19,75,I Like That,"Houston Featuring Chingy, Nate Dogg & I-20",75.0,75,210
2007-04-14,40,Ticks,Brad Paisley,40.0,40,210
2012-03-31,95,Leave You Alone,Young Jeezy Featuring Ne-Yo,95.0,95,210
2008-07-26,99,Waitin' On A Woman,Brad Paisley,99.0,99,210
2000-10-14,71,We Danced,Brad Paisley,71.0,71,210
2001-11-17,79,Wrapped Around,Brad Paisley,79.0,79,210
2011-06-25,59,Remind Me,Brad Paisley Duet With Carrie Underwood,59.0,59,210
2011-04-23,95,Old Alabama,Brad Paisley Featuring Alabama,95.0,95,210
2021-05-29,94,Things A Man Oughta Know,Lainey Wilson,94.0,94,210
2003-06-14,74,Celebrity,Brad Paisley,74.0,74,210
2017-05-27,97,Drinkin' Problem,Midland,97.0,97,210
1992-04-04,89,Please Don't Go,Boyz II Men,89.0,89,210
2012-12-08,100,Somebody's Heartbreak,Hunter Hayes,100.0,100,210
2013-04-27,43,I Want Crazy,Hunter Hayes,43.0,43,210
2009-07-18,46,Love Drunk,Boys Like Girls,46.0,46,210
1997-11-08,32,Spice Up Your Life,Spice Girls,32.0,32,210
1997-09-27,2,4 Seasons Of Loneliness,Boyz II Men,2.0,2,210
1997-12-13,27,A Song For Mama,Boyz II Men,27.0,27,210
1998-02-14,22,Too Much,Spice Girls,22.0,22,210
1992-11-28,15,"In The Still Of The Nite (From ""The Jacksons"")",Boyz II Men,15.0,15,210
1995-02-25,73,Thank You,Boyz II Men,73.0,73,210
2013-03-23,97,Beat This Summer,Brad Paisley,99.0,97,210
1991-12-14,88,Uhh Ahh,Boyz II Men,88.0,88,210
2011-06-11,36,You And I,Lady Gaga,96.0,36,210
2020-06-06,1,Rain On Me,Lady Gaga & Ariana Grande,1.0,1,210
1992-10-17,93,Little Miss Can't Be Wrong,Spin Doctors,93.0,93,210
1984-04-21,51,The Heart Of Rock & Roll,Huey Lewis & The News,51.0,51,210
1994-08-27,91,But It's Alright,Huey Lewis & The News,91.0,91,210
2016-09-17,85,OOOUUU,Young M.A,85.0,85,210
2007-02-03,86,Go Getta,Young Jeezy Featuring R. Kelly,86.0,86,210
2001-09-15,74,Love Of My Life,Brian McKnight,74.0,74,210
2021-01-09,97,Just The Way,Parmalee x Blanco Brown,97.0,97,210
1999-10-16,71,Big Deal,LeAnn Rimes,71.0,71,210
2014-02-01,83,Rewind,Rascal Flatts,83.0,83,210
2006-09-23,99,My Wish,Rascal Flatts,99.0,99,210
2001-12-08,62,Hey Baby,No Doubt Featuring Bounty Killer,62.0,62,210
2018-02-17,7,Pray For Me,The Weeknd & Kendrick Lamar,7.0,7,210
2001-06-23,69,Flavor Of The Weak,American Hi-Fi,69.0,69,210
1992-11-07,84,Faithful,Go West,84.0,84,210
2012-11-17,96,Wicked Games,The Weeknd,96.0,96,210
2012-04-21,97,(Kissed You) Good Night,Gloriana,97.0,97,210
2001-09-01,98,Ugly,Bubba Sparxxx,98.0,98,210
2000-08-26,76,Open My Heart,Yolanda Adams,76.0,76,210
1992-12-12,74,Heal The World,Michael Jackson,74.0,74,210
2014-11-01,97,Often,The Weeknd,97.0,97,210
2015-09-19,100,In The Night,The Weeknd,86.0,100,210
1982-07-31,74,You Can Do Magic,America,74.0,74,210
2006-05-20,99,Crazy Bitch,Buckcherry,99.0,99,210
2007-05-05,63,A Different World,Bucky Covington,63.0,63,210
1995-02-04,64,This Lil' Game We Play,Subway (Featuring 702),64.0,64,210
1996-03-23,96,Can't Get You Off My Mind,Lenny Kravitz,96.0,96,210
2003-06-21,86,Help Pour Out The Rain (Lacey's Song),Buddy Jewell,86.0,86,210
2004-02-07,73,Sweet Southern Comfort,Buddy Jewell,73.0,73,210
2000-05-06,87,Prayin' For Daylight,Rascal Flatts,87.0,87,210
1974-05-11,99,Radar Love,Golden Earring,99.0,99,210
1997-09-06,43,You Should Be Mine (Don't Waste Your Time),Brian McKnight Featuring Mase,43.0,43,210
1992-03-14,73,Thought I'd Died And Gone To Heaven,Bryan Adams,73.0,73,210
1994-02-19,65,"Streets Of Philadelphia (From ""Philadelphia"")",Bruce Springsteen,65.0,65,210
2007-08-11,100,Hood Figga,Gorilla Zoe,100.0,100,210
1992-04-25,46,In The Closet,Michael Jackson,46.0,46,210
2002-10-05,67,These Days,Rascal Flatts,67.0,67,210
2007-08-11,84,Take Me There,Rascal Flatts,84.0,84,210
1995-10-14,81,Cell Therapy,Goodie Mob,81.0,81,210
1979-01-27,85,Knock On Wood,Amii Stewart,85.0,85,210
2002-12-14,61,Lifestyles Of The Rich And Famous,Good Charlotte,61.0,61,210
2007-03-03,100,Stand,Rascal Flatts,100.0,100,210
1991-09-14,50,Can't Stop This Thing We Started,Bryan Adams,50.0,50,210
1992-08-01,72,Do I Have To Say The Words?,Bryan Adams,72.0,72,210
2006-04-22,89,Stay With You,Goo Goo Dolls,89.0,89,210
2010-10-02,83,We No Speak Americano,Yolanda Be Cool & Dcup,83.0,83,210
2002-03-23,63,Here Is Gone,Goo Goo Dolls,63.0,63,210
2005-02-12,100,1 Thing,Amerie,100.0,100,210
2004-11-27,74,Give A Little Bit,Goo Goo Dolls,74.0,74,210
2000-04-22,74,Broadway,Goo Goo Dolls,74.0,74,210
2005-10-08,57,Better Days,Goo Goo Dolls,57.0,57,210
2002-07-20,75,Good Times,Styles,75.0,75,210
2001-11-17,60,Butterflies,Michael Jackson,60.0,60,210
1996-04-20,66,Reach,Gloria Estefan,66.0,66,210
2001-10-13,73,Dig In,Lenny Kravitz,73.0,73,210
1991-10-12,85,Live For Loving You,Gloria Estefan,85.0,85,210
1995-09-02,57,Comedown,Bush,57.0,57,210
1996-01-27,39,Glycerine,Bush,39.0,39,210
1996-04-13,63,"Machinehead (From ""Fear"")",Bush,63.0,63,210
1999-10-02,84,The Chemicals Between Us,Bush,84.0,84,210
2001-11-10,92,Break Ya Neck,Busta Rhymes,92.0,92,210
2012-08-11,98,Come Wake Me Up,Rascal Flatts,98.0,98,210
1998-05-09,10,Turn It Up [Remix]/Fire It Up,Busta Rhymes,10.0,10,210
1996-03-09,86,Woo-Hah!! Got You All In Check/Everything Remains Raw,Busta Rhymes,86.0,86,210
2007-04-07,46,Everything,Michael Buble,46.0,46,210
1999-03-13,66,What's It Gonna Be?!,Busta Rhymes Featuring Janet,66.0,66,210
2002-03-02,85,Pass The Courvoisier Part II,Busta Rhymes Featuring P. Diddy & Pharrell,85.0,85,210
2002-11-09,93,Make It Clap,Busta Rhymes Featuring Spliff Star,93.0,93,210
2019-09-07,87,Playing Games,Summer Walker,99.0,87,210
1991-10-12,44,When A Man Loves A Woman,Michael Bolton,44.0,44,210
2019-03-09,87,Girls Need Love,Summer Walker X Drake,87.0,87,210
2004-12-18,66,Bless The Broken Road,Rascal Flatts,66.0,66,210
2001-03-10,55,Heard It All Before,Sunshine Anderson,55.0,55,210
1994-07-30,64,Do You Wanna Get Funky,C+C Music Factory,64.0,64,210
1992-10-17,89,To Love Somebody,Michael Bolton,89.0,89,210
2006-10-07,41,Want To,Sugarland,41.0,41,210
2005-05-21,98,Home,Michael Buble,98.0,98,210
2007-10-27,89,Stay,Sugarland,89.0,89,210
2004-12-11,73,Lady,Lenny Kravitz,73.0,73,210
1991-11-23,35,Black Or White,Michael Jackson,35.0,35,210
1998-05-23,34,Heaven's What I Feel,Gloria Estefan,34.0,34,210
1995-01-28,77,Everlasting Love,Gloria Estefan,77.0,77,210
2004-02-21,74,Mayberry,Rascal Flatts,74.0,74,210
2003-04-05,72,Love You Out Loud,Rascal Flatts,72.0,72,210
2001-12-01,98,Don't You Forget It,Glenn Lewis,98.0,98,210
2000-01-15,70,Falls Apart,Sugar Ray,70.0,70,210
2009-08-08,82,Say Hey (I Love You),Michael Franti & Spearhead Featuring Cherine Anderson,82.0,82,210
2006-06-17,59,Life Is A Highway,Rascal Flatts,59.0,59,210
2005-05-07,86,Fast Cars And Freedom,Rascal Flatts,86.0,86,210
2010-11-13,72,I Won't Let Go,Rascal Flatts,93.0,72,210
2003-08-23,79,I Melt,Rascal Flatts,79.0,79,210
2004-12-11,99,Baby Girl,Sugarland,99.0,99,210
1984-10-27,45,We Belong,Pat Benatar,45.0,45,210
1998-03-28,13,Bitter Sweet Symphony,The Verve,13.0,13,210
2008-12-13,62,Untouched,The Veronicas,62.0,62,210
2009-03-21,97,It Happens,Sugarland,97.0,97,210
2005-05-21,99,Something More,Sugarland,99.0,99,210
2002-11-02,76,Bother,Stone Sour,76.0,76,210
2016-05-07,95,You Don't Own Me,Grace Featuring G-Eazy,86.0,95,210
1985-02-16,54,I'm On Fire,Bruce Springsteen,54.0,54,210
2014-05-03,89,I Don't Dance,Lee Brice,89.0,89,210
1999-05-22,81,Sometimes,Britney Spears,81.0,81,210
2004-01-31,53,Toxic,Britney Spears,53.0,53,210
1997-11-29,15,I Will Come To You,Hanson,15.0,15,210
2002-04-06,73,I Don't Have To Be Me ('til Monday),Steve Azar,73.0,73,210
2006-07-01,100,Brand New Girlfriend,Steve Holy,100.0,100,210
2001-12-01,70,Good Morning Beautiful,Steve Holy,70.0,70,210
2021-06-12,66,Todo de Ti,Rauw Alejandro,66.0,66,210
1982-07-24,89,What's Forever For,Michael Murphey,89.0,89,210
1976-12-18,73,Fly Like An Eagle,Steve Miller,73.0,73,210
1998-06-13,92,You Only Have To Say You Love Me,Hannah Jones,92.0,92,210
1984-04-07,47,"Oh, Sherrie",Steve Perry,47.0,47,210
1999-04-03,89,Two Teardrops,Steve Wariner,89.0,89,210
1999-02-27,77,I'll Think Of A Reason Later,Lee Ann Womack,77.0,77,210
2011-12-31,96,A Woman Like You,Lee Brice,96.0,96,210
1986-06-14,76,"Sweet Freedom (Theme From ""Running Scared"")",Michael McDonald,76.0,76,210
1979-08-04,89,This Night Won't Last Forever,Michael Johnson,89.0,89,210
2017-04-29,50,Now Or Never,Halsey,50.0,50,210
2019-09-28,45,Graveyard,Halsey,45.0,45,210
2006-06-10,68,Leave The Pieces,The Wreckers,68.0,68,210
2008-05-10,97,I Luv Your Girl,The-Dream,97.0,97,210
2009-01-03,99,Rockin' That Thang,The-Dream,95.0,99,210
2007-11-17,65,Piece Of Me,Britney Spears,65.0,65,210
1992-08-01,94,The Hitman,AB Logic,94.0,94,210
1996-06-22,56,Blue,LeAnn Rimes,56.0,56,210
2006-06-17,90,Shoulder Lean,Young Dro Featuring T.I.,90.0,90,210
2019-12-28,86,Golden,Harry Styles,74.0,86,210
1994-10-22,84,(I Could Only) Whisper Your Name,"Harry Connick, Jr.",84.0,84,210
1999-09-18,62,(You Drive Me) Crazy,Britney Spears,62.0,62,210
1992-04-25,83,I Will Remember You,Amy Grant,83.0,83,210
2009-10-24,1,3,Britney Spears,1.0,1,210
1997-09-13,55,You Light Up My Life,LeAnn Rimes,55.0,55,210
2000-01-29,76,From The Bottom Of My Broken Heart,Britney Spears,76.0,76,210
2007-09-22,93,Shawty Is A 10,The-Dream,93.0,93,210
2007-09-22,85,Gimme More,Britney Spears,85.0,85,210
2006-05-06,92,Torn,LeToya,92.0,92,210
2011-04-16,73,I Wanna Go,Britney Spears,89.0,73,210
1993-03-27,93,Connected,Stereo MC's,93.0,93,210
2008-12-20,86,If U Seek Amy,Britney Spears,94.0,86,210
1997-01-25,79,"It's Alright, It's Ok",Leah Andreone,79.0,79,210
2000-04-22,67,Oops!...I Did It Again,Britney Spears,67.0,67,210
1992-01-18,69,Good For Me,Amy Grant,69.0,69,210
2020-01-04,85,Slide,H.E.R. Featuring YG,85.0,85,210
2020-11-07,70,Damage,H.E.R.,92.0,70,210
1993-02-20,77,If I Ever Lose My Faith In You,Sting,77.0,77,210
2014-05-17,20,Love Never Felt So Good,Michael Jackson & Justin Timberlake,20.0,20,210
1991-09-21,76,Don't Cry,Guns N' Roses,76.0,76,210
2008-11-29,85,Cowgirls Don't Cry,Brooks & Dunn Featuring Reba McEntire,85.0,85,210
2019-03-23,88,Rumor,Lee Brice,88.0,88,210
1993-07-17,63,Will You Be There,Michael Jackson,63.0,63,210
2015-10-24,99,Stay A Little Longer,Brothers Osborne,99.0,99,210
1984-02-11,20,Thriller,Michael Jackson,20.0,20,210
2011-12-17,78,Tongue Tied,Grouplove,78.0,78,210
2004-04-10,76,Redneck Woman,Gretchen Wilson,76.0,76,210
2007-11-10,94,Winner At A Losing Game,Rascal Flatts,94.0,94,210
1993-03-27,79,Three Little Pigs,Green Jelly,79.0,79,210
1992-01-25,53,Remember The Time,Michael Jackson,53.0,53,210
2004-08-21,77,American Idiot,Green Day,77.0,77,210
2009-07-11,55,21 Guns,Green Day,55.0,55,210
1996-04-13,91,"Guilty (From ""Seven"")",Gravity Kills,91.0,91,210
2010-09-04,48,Why Wait,Rascal Flatts,48.0,48,210
1993-06-05,85,Fields Of Gold,Sting,85.0,85,210
2003-05-24,76,Seven Nation Army,The White Stripes,76.0,76,210
1974-03-09,82,The Loco-Motion,Grand Funk,82.0,82,210
1985-08-24,51,Fortress Around Your Heart,Sting,51.0,51,210
2003-11-08,77,You Can't Take The Honky Tonk Out Of The Girl,Brooks & Dunn,77.0,77,210
2001-12-22,75,The Long Goodbye,Brooks & Dunn,75.0,75,210
2013-07-13,93,Parking Lot Party,Lee Brice,93.0,93,210
2005-12-24,97,Believe,Brooks & Dunn,97.0,97,210
1989-02-18,96,I Wanna Be The One,Stevie B,96.0,96,210
1997-10-11,70,They Like It Slow,H-Town,70.0,70,210
2005-03-05,98,Girlfight,Brooke Valentine Featuring Lil Jon & Big Boi,98.0,98,210
1975-11-15,86,Baby Face,The Wing And A Prayer Fife & Drum Corps.,86.0,86,210
1996-02-17,97,"A Thin Line Between Love & Hate (From ""A Thin Line..."")",H-Town,97.0,97,210
2001-09-08,34,You Rock My World,Michael Jackson,34.0,34,210
2004-10-16,93,What You Waiting For?,Gwen Stefani,93.0,93,210
2001-03-10,77,Ain't Nothing 'Bout You,Brooks & Dunn,77.0,77,210
2005-11-05,80,Luxurious,Gwen Stefani,80.0,80,210
2004-08-28,76,That's What It's All About,Brooks & Dunn,76.0,76,210
1993-03-06,82,Tap The Bottle,Young Black Teenagers,82.0,82,210
2013-01-19,91,I Drive Your Truck,Lee Brice,91.0,91,210
2005-07-16,86,Cool,Gwen Stefani,86.0,86,210
1995-09-02,1,You Are Not Alone,Michael Jackson,1.0,1,210
2010-05-22,97,Love Like Crazy,Lee Brice,97.0,97,210
2001-07-21,77,Only In America,Brooks & Dunn,77.0,77,210
2003-05-31,67,Red Dirt Road,Brooks & Dunn,67.0,67,210
1992-06-27,40,November Rain,Guns N' Roses,40.0,40,210
1995-08-26,53,1st Of Tha Month,Bone Thugs-N-Harmony,53.0,53,210
2003-12-13,61,Remember When,Alan Jackson,61.0,61,210
2010-01-23,94,Say Something,Timbaland Featuring Drake,94.0,94,210
2019-01-05,57,Swervin,A Boogie Wit da Hoodie Featuring 6ix9ine,57.0,57,210
2001-10-13,71,I Wanna Talk About Me,Toby Keith,71.0,71,210
1997-08-30,88,I Care 'Bout You,Milestone,88.0,88,210
2006-01-28,69,Upside Down,Jack Johnson,69.0,69,210
2012-12-15,96,One Of Those Nights,Tim McGraw,96.0,96,210
1992-11-14,91,Walk On The Ocean,Toad The Wet Sprocket,91.0,91,210
2013-05-04,88,How Many Drinks?,Miguel,88.0,88,210
1995-08-26,64,"I Like It, I Love It",Tim McGraw,64.0,64,210
2020-11-07,34,Tyler Herro,Jack Harlow,34.0,34,210
1999-04-03,94,Please Remember Me,Tim McGraw,94.0,94,210
2003-07-12,78,Real Good Man,Tim McGraw,78.0,78,210
2002-10-12,70,Red Rag Top,Tim McGraw,70.0,70,210
2003-03-01,76,She's My Kind Of Rain,Tim McGraw,76.0,76,210
1994-10-01,76,Something's Always Wrong,Toad The Wet Sprocket,76.0,76,210
2003-09-06,85,I Love This Bar,Toby Keith,85.0,85,210
2001-07-21,78,I'm A Believer,Smash Mouth,78.0,78,210
2001-06-16,83,I'm Just Talkin' About Tonight,Toby Keith,83.0,83,210
2014-10-18,97,Shotgun Rider,Tim McGraw,97.0,97,210
1984-05-12,65,Almost Paradise...Love Theme From Footloose,Mike Reno And Ann Wilson,65.0,65,210
2004-10-16,69,Wonderful,Ja Rule Featuring R. Kelly & Ashanti,69.0,69,210
2000-09-16,85,Between Me And You,Ja Rule Featuring Christina Milian,85.0,85,210
2011-03-05,91,Written In The Stars,Tinie Tempah Featuring Eric Turner,91.0,91,210
1998-06-06,56,You Won't Forget Me,La Bouche,56.0,56,210
1999-08-14,77,Something Like That,Tim McGraw,77.0,77,210
2016-09-03,90,Pick Up The Phone,Young Thug And Travis Scott Featuring Quavo,90.0,90,210
2002-12-28,67,Mesmerize,Ja Rule Featuring Ashanti,67.0,67,210
1998-10-03,26,Because Of You,98 Degrees,26.0,26,210
1993-09-04,93,Come Inside,Intro,93.0,93,210
1995-12-16,92,"Beware Of My Crew (From ""A Thin Line Between Love And Hate"")",L.B.C. Crew Feat. Tray D & South Sentrell,92.0,92,210
1999-04-24,22,Who Dat,JT Money Featuring Sole,22.0,22,210
2012-03-03,95,Bangarang,Skrillex Featuring Sirah,95.0,95,210
2004-01-03,75,Megalomaniac,Incubus,75.0,75,210
2015-02-14,92,Chains,Nick Jonas,92.0,92,210
2001-09-22,77,Wish You Were Here,Incubus,77.0,77,210
1988-09-24,43,Bad Medicine,Bon Jovi,43.0,43,210
2006-01-21,93,Get Drunk And Be Somebody,Toby Keith,93.0,93,210
1993-01-23,81,Bed Of Roses,Bon Jovi,81.0,81,210
2010-01-09,97,American Honey,Lady Antebellum,97.0,97,210
1991-11-16,84,Too Blind To See It,Kym Sims,84.0,84,210
1988-11-26,78,Born To Be My Baby,Bon Jovi,78.0,78,210
2014-06-07,78,Bartender,Lady Antebellum,78.0,78,210
1994-03-05,75,Indian Outlaw,Tim McGraw,75.0,75,210
2002-06-08,73,"Courtesy Of The Red, White And Blue (The Angry American)",Toby Keith,73.0,73,210
1992-04-11,97,James Brown Is Dead,L.A. Style,100.0,97,210
2003-12-27,69,American Soldier,Toby Keith,69.0,69,210
1995-11-18,94,Ridin' Low,L.A.D.,94.0,94,210
2020-01-11,88,More Hearts Than Mine,Ingrid Andress,88.0,88,210
2014-04-26,98,Girls Chase Boys,Ingrid Michaelson,98.0,98,210
2007-10-13,80,The Way I Am,Ingrid Michaelson,80.0,80,210
1993-05-01,73,"Bad Boys (Theme From ""Cops"")",Inner Circle,73.0,73,210
2008-12-06,89,God Love Her,Toby Keith,89.0,89,210
1996-09-14,74,Steelo,702,74.0,74,210
2005-06-04,80,As Good As I Once Was,Toby Keith,80.0,80,210
1989-11-18,63,I Remember You,Skid Row,63.0,63,210
2000-01-29,77,How Do You Like Me Now?!,Toby Keith,77.0,77,210
2006-09-30,99,My Little Girl,Tim McGraw,99.0,99,210
2000-10-21,73,My Next Thirty Years,Tim McGraw,73.0,73,210
2007-05-19,27,(You Want To) Make A Memory,Bon Jovi,27.0,27,210
1999-04-03,99,Holla Holla,Ja Rule,99.0,99,210
2013-11-23,87,Compass,Lady Antebellum,87.0,87,210
1989-07-08,91,18 And Life,Skid Row,91.0,91,210
2011-12-17,82,Can't Get Enough,J. Cole Featuring Trey Songz,82.0,82,210
1997-03-29,33,One More Time,Real McCoy,33.0,33,210
2019-06-08,12,The London,"Young Thug, J. Cole & Travis Scott",12.0,12,210
1991-10-19,50,Set Adrift On Memory Bliss,P.M. Dawn,50.0,50,210
2013-07-06,74,Crooked Smile,J. Cole Featuring TLC,74.0,74,210
2000-12-09,62,My Everything,98 Degrees,62.0,62,210
1997-05-17,36,It's Your Love,Tim McGraw With Faith Hill,36.0,36,210
1995-12-09,95,We Got It,Immature (Featuring Smooth),95.0,95,210
2013-02-23,45,Downtown,Lady Antebellum,45.0,45,210
1995-03-11,30,Run Away,Real McCoy,30.0,30,210
2013-02-23,59,Highway Don't Care,Tim McGraw With Taylor Swift,84.0,59,210
1994-11-26,73,Constantly,Immature,73.0,73,210
1976-12-04,84,Living Next Door To Alice,Smokie,84.0,84,210
2014-12-27,73,Wet Dreamz,J. Cole,73.0,73,210
2009-03-21,73,I'm In Miami Trick,LMFAO,73.0,73,210
2001-11-03,76,Alive,P.O.D.,76.0,76,210
2003-02-08,69,Beautiful,Snoop Dogg Featuring Pharrell & Uncle Charlie Wilson,69.0,69,210
1997-09-13,86,Legend Of A Cowgirl,Imani Coppola,86.0,86,210
1998-05-30,56,Shorty (You Keep Playin' With My Mind),Imajin Featuring Keith Murray,56.0,56,210
1995-06-10,34,This Ain't A Love Song,Bon Jovi,34.0,34,210
2019-10-26,57,Make No Sense,YoungBoy Never Broke Again,57.0,57,210
2005-06-04,91,Back Then,Mike Jones,91.0,91,210
1996-09-28,91,At Night I Pray,Wild Orchid,91.0,91,210
2010-11-27,70,Hello World,Lady Antebellum,70.0,70,210
2016-02-13,95,Humble And Kind,Tim McGraw,88.0,95,210
2016-12-31,7,Deja Vu,J. Cole,7.0,7,210
2007-12-15,76,Sensual Seduction,Snoop Dogg,76.0,76,210
1994-01-29,77,Gin And Juice,Snoop Doggy Dogg,77.0,77,210
1999-08-07,66,I Do (Cherish You),98 Degrees,66.0,66,210
1999-06-26,82,Jigga My N****,JAY-Z,82.0,82,210
2002-01-12,65,The Cowboy In Me,Tim McGraw,65.0,65,210
2000-08-19,51,Give Me Just One Night (Una Noche),98 Degrees,51.0,51,210
1998-07-04,77,Money Ain't A Thang,JD Featuring Jay-Z,77.0,77,210
2002-01-26,64,Can't Get You Out Of My Head,Kylie Minogue,64.0,64,210
2013-07-27,39,Tom Ford,JAY-Z,39.0,39,210
1997-02-15,37,Get It Together,702,37.0,37,210
2002-06-22,74,Down 4 U,"Irv Gotti Presents The Inc. Featuring Ja Rule, Ashanti, Charli Baltimore & Vita",74.0,74,210
2013-08-10,100,Southern Girl,Tim McGraw,100.0,100,210
1995-06-10,46,Come And Get Your Love,Real McCoy,46.0,46,210
2020-08-29,14,Midnight Sky,Miley Cyrus,14.0,14,210
1999-09-11,63,There She Goes,Sixpence None The Richer,63.0,63,210
2000-08-12,64,It's My Life,Bon Jovi,64.0,64,210
1997-11-01,26,My Body,LSG,26.0,26,210
2015-12-12,98,Best Friend,Young Thug,98.0,98,210
2003-12-13,75,Watch The Wind Blow By,Tim McGraw,75.0,75,210
2002-02-16,77,My List,Toby Keith,77.0,77,210
1995-08-12,95,Heaven,Solo,95.0,95,210
2002-07-06,69,Unbroken,Tim McGraw,69.0,69,210
2011-06-25,95,Made In America,Toby Keith,95.0,95,210
2001-07-28,59,Izzo (H.O.V.A.),JAY-Z,59.0,59,210
1996-03-09,28,Doin It,LL Cool J,28.0,28,210
2010-10-09,94,Please Don't Go,Mike Posner,94.0,94,210
1989-01-07,79,The Living Years,Mike + The Mechanics,79.0,79,210
2004-07-10,89,Headsprung,LL Cool J,89.0,89,210
2006-04-15,57,When The Stars Go Blue,Tim McGraw,57.0,57,210
2017-12-23,21,Him & I,G-Eazy & Halsey,21.0,21,207
2017-12-23,97,Marry Me,Thomas Rhett,97.0,97,207
2017-12-23,98,Five More Minutes,Scotty McCreery,98.0,98,207
2017-09-16,97,Tell Me You Love Me,Demi Lovato,53.0,97,206
2017-12-09,92,When We,Tank,92.0,92,205
2017-12-09,99,Written In The Sand,Old Dominion,99.0,99,205
2017-12-09,47,Echame La Culpa,Luis Fonsi & Demi Lovato,47.0,47,205
2017-11-18,98,All On Me,Devin Dawson,93.0,98,205
2017-12-02,93,Betrayed,Lil Xan,93.0,93,204
2017-12-02,58,Gummo,6ix9ine,58.0,58,204
2017-12-02,97,Pick It Up,Famous Dex Featuring A$AP Rocky,97.0,97,204
2017-10-14,70,Good Old Days,Macklemore Featuring Kesha,72.0,70,201
2017-11-04,84,Yours,Russell Dickerson,84.0,84,200
2017-10-14,94,Losing Sleep,Chris Young,94.0,94,197
2017-10-14,95,Like I Loved You,Brett Young,95.0,95,197
2017-09-30,98,Pills And Automobiles,"Chris Brown Featuring Yo Gotti, A Boogie Wit da Hoodie & Kodak Black",98.0,98,195
2017-09-30,73,I'll Name The Dogs,Blake Shelton,73.0,73,195
2017-09-23,4,...Ready For It?,Taylor Swift,4.0,4,194
2017-09-09,77,Look What You Made Me Do,Taylor Swift,77.0,77,192
2017-08-26,70,The Race,Tay-K,70.0,70,191
2005-05-21,94,Diamonds From Sierra Leone,Kanye West,94.0,94,190
1991-03-02,57,Joyride,Roxette,57.0,57,190
1975-03-29,99,Wildfire,Michael Murphey,99.0,99,190
1987-07-18,74,"I Heard A Rumour (From ""Disorderlies"")",Bananarama,74.0,74,190
1974-04-20,90,"Billy, Don't Be A Hero",Bo Donaldson And The Heywoods,90.0,90,190
2017-03-11,52,Heavy,Linkin Park Featuring Kiiara,52.0,52,190
1979-10-13,68,Better Love Next Time,Dr. Hook,68.0,68,190
1987-07-18,86,One Heartbeat,Smokey Robinson,86.0,86,190
2007-06-16,80,Can't Tell Me Nothing,Kanye West,80.0,80,190
1988-03-19,63,Shattered Dreams,Johnny Hates Jazz,63.0,63,190
1988-12-24,80,"Surrender To Me (From ""Tequila Sunrise"")",Ann Wilson & Robin Zander,80.0,80,190
1973-11-17,87,Let Me Be There,Olivia Newton-John,87.0,87,190
1986-06-28,89,Venus,Bananarama,89.0,89,190
1989-12-23,68,Price Of Love,Bad English,68.0,68,190
2018-08-04,81,Best Part,Daniel Caesar Featuring H.E.R.,81.0,81,190
1996-12-14,83,It's Your Body,Johnny Gill Featuring Roger Troutman,83.0,83,190
1984-11-24,83,Foolish Heart,Steve Perry,83.0,83,190
2002-04-13,98,Down A** Chick,"Ja Rule Featuring Charli ""Chuck"" Baltimore",98.0,98,190
2008-01-26,84,Falsetto,The-Dream,84.0,84,190
1979-12-01,84,Romeo's Tune,Steve Forbert,84.0,84,190
1973-03-03,98,Hocus Pocus,Focus,98.0,98,190
2017-07-29,89,Glorious,Macklemore Featuring Skylar Grey,89.0,89,190
2003-02-15,53,Excuse Me Miss,JAY-Z,53.0,53,190
1983-04-23,81,Too Shy,Kajagoogoo,81.0,81,190
1999-06-12,78,Beautiful Stranger,Madonna,78.0,78,190
2014-12-13,89,I See You,Luke Bryan,89.0,89,190
2018-09-01,77,Blue Tacoma,Russell Dickerson,77.0,77,190
1985-03-30,69,Axel F,Harold Faltermeyer,69.0,69,190
1981-08-29,72,Hard To Say,Dan Fogelberg,72.0,72,190
1996-05-11,34,Fastlove,George Michael,34.0,34,190
2017-03-18,89,Losin Control,Russ,89.0,89,190
1961-11-13,99,I Know (You Don't Love Me No More),Barbara George,99.0,99,190
1983-05-07,76,Our House,Madness,76.0,76,190
1973-02-24,99,Teddy Bear Song,Barbara Fairchild,99.0,99,190
1960-02-29,96,Mountain Of Love,Harold Dorman,96.0,96,190
1988-05-07,90,Rush Hour,Jane Wiedlin,90.0,90,190
1997-08-23,92,Free,Ultra Nate,92.0,92,190
2014-05-24,70,Good Kisser,Usher,70.0,70,190
1997-12-06,60,Going Back To Cali,The Notorious B.I.G.,60.0,60,190
2015-12-12,97,Home Alone Tonight,Luke Bryan Featuring Karen Fairchild,97.0,97,190
1978-07-08,68,Hopelessly Devoted To You,Olivia Newton-John,68.0,68,190
1996-10-05,90,One And One,Robert Miles Featuring Maria Nayler,90.0,90,190
1972-10-07,80,Rockin' Pneumonia - Boogie Woogie Flu,Johnny Rivers,80.0,80,190
1999-09-18,70,Larger Than Life,Backstreet Boys,70.0,70,190
2005-11-05,99,She Let Herself Go,George Strait,99.0,99,190
1987-07-11,72,Wipeout,Fat Boys & The Beach Boys,72.0,72,190
2020-03-28,86,Does To Me,Luke Combs Featuring Eric Church,86.0,86,190
1986-11-29,76,Love You Down,Ready For The World,76.0,76,190
1985-09-28,51,Who's Zoomin' Who,Aretha Franklin,51.0,51,190
1989-04-29,88,Who Do You Give Your Love To?,Michael Morales,88.0,88,190
2016-08-06,47,Vice,Miranda Lambert,47.0,47,190
1977-07-02,71,Strawberry Letter 23,The Brothers Johnson,71.0,71,190
1980-03-15,86,Stomp!,The Brothers Johnson,86.0,86,190
1979-01-13,77,Heaven Knows,Donna Summer With Brooklyn Dreams,77.0,77,190
1985-04-06,74,Smuggler's Blues,Glenn Frey,74.0,74,190
1989-02-11,50,The Look,Roxette,50.0,50,190
2009-10-24,52,I Can Transform Ya,Chris Brown Featuring Lil Wayne & Swizz Beatz,52.0,52,190
2006-11-18,86,It Just Comes Natural,George Strait,86.0,86,190
1998-07-25,38,Lookin' At Me,Mase Featuring Puff Daddy,38.0,38,190
1998-04-25,90,I Just Want To Dance With You,George Strait,90.0,90,190
2003-06-28,73,Addicted,Simple Plan,73.0,73,190
1992-10-17,83,Flex,Mad Cobra,83.0,83,190
1996-11-16,39,Between You And Me,dc Talk,39.0,39,190
1980-10-11,85,Everybody's Got To Learn Sometime,The Korgis,85.0,85,190
2015-08-29,97,Nothin' Like You,Dan + Shay,97.0,97,190
1982-08-07,69,I Keep Forgettin' (Every Time You're Near),Michael McDonald,69.0,69,190
1995-02-18,94,Think Of You,Usher,94.0,94,190
1999-11-20,85,Angels,Robbie Williams,85.0,85,190
2003-10-04,76,Cowboys Like Us,George Strait,76.0,76,190
2006-08-19,99,Give It Away,George Strait,99.0,99,190
1982-07-31,73,Somebody's Baby,Jackson Browne,73.0,73,190
1975-08-02,95,Lady Blue,Leon Russell,95.0,95,190
2008-10-11,99,Already Gone,Sugarland,99.0,99,190
1990-12-01,91,Love Makes Things Happen,Pebbles,91.0,91,190
1998-03-07,39,The Party Continues,JD Featuring Da Brat,39.0,39,190
2002-02-02,77,I'm Movin' On,Rascal Flatts,77.0,77,190
1989-04-15,75,Miss You Like Crazy,Natalie Cole,75.0,75,190
1974-02-16,99,Star Baby,The Guess Who,99.0,99,190
1985-06-22,54,Freeway Of Love,Aretha Franklin,54.0,54,190
2016-10-29,55,Love Me Now,John Legend,98.0,55,190
1972-11-25,81,Rocky Mountain High,John Denver,81.0,81,190
1996-05-18,56,Flood,Jars Of Clay,56.0,56,190
1975-03-22,82,Thank God I'm A Country Boy,John Denver,82.0,82,190
2000-05-20,80,Dance Tonight,Lucy Pearl,80.0,80,190
1987-11-07,70,There's The Girl,Heart,70.0,70,190
1986-02-01,84,Tender Love,Force M.D.'s,84.0,84,190
1976-11-27,78,Weekend In New England,Barry Manilow,78.0,78,190
1999-04-03,97,With You,Lila McCann,97.0,97,190
2006-04-01,96,Gettin' Some,Shawnna,96.0,96,190
2005-03-19,85,I'm A Hustla,Cassidy,85.0,85,190
2001-01-06,68,You Make Me Sick,P!nk,68.0,68,190
1977-05-07,88,Looks Like We Made It,Barry Manilow,88.0,88,190
2013-10-05,93,Carolina,Parmalee,93.0,93,190
2019-10-19,42,Come Thru,Summer Walker & Usher,42.0,42,190
1976-04-17,86,Crazy On You,Heart,86.0,86,190
1986-08-09,60,When I Think Of You,Janet Jackson,60.0,60,190
1997-09-27,79,Don't Go,Le Click Featuring Kayo,79.0,79,190
1978-02-04,63,Can't Smile Without You,Barry Manilow,63.0,63,190
1986-06-14,81,Rumors,Timex Social Club,81.0,81,190
1960-08-01,99,Devil Or Angel,Bobby Vee,99.0,99,190
1994-10-01,70,Lucas With The Lid Off,Lucas,70.0,70,190
1958-10-06,95,Queen Of The Hop,Bobby Darin,95.0,95,190
2002-02-09,74,Youth Of The Nation,P.O.D.,74.0,74,190
1985-06-15,66,Shout,Tears For Fears,66.0,66,190
1986-10-25,74,Is This Love,Survivor,74.0,74,190
1984-11-17,48,Like A Virgin,Madonna,48.0,48,190
1961-10-30,96,Town Without Pity,Gene Pitney,96.0,96,190
1984-08-04,51,Drive,The Cars,51.0,51,190
1973-04-21,92,Natural High,Bloodstone,92.0,92,190
1980-12-06,90,Giving It Up For Your Love,Delbert McClinton,90.0,90,190
2009-10-17,96,Consider Me Gone,Reba,96.0,96,190
2002-02-23,73,Roc The Mic,Beanie Sigel & Freeway,73.0,73,190
1987-06-06,93,Luka,Suzanne Vega,93.0,93,190
1987-10-24,53,Is This Love,Whitesnake,53.0,53,190
1984-06-23,72,Stuck On You,Lionel Richie,72.0,72,190
2001-04-07,87,I Like Them Girls,Tyrese,87.0,87,190
1993-02-27,85,Love U More,Sunscreem,85.0,85,190
2016-11-12,85,No Heart,21 Savage & Metro Boomin,85.0,85,190
2021-01-16,97,Lady,Brett Young,95.0,97,190
1979-02-10,69,He's The Greatest Dancer,Sister Sledge,69.0,69,190
1990-05-26,74,When I'm Back On My Feet Again,Michael Bolton,74.0,74,190
1984-04-07,56,Let's Hear It For The Boy,Deniece Williams,56.0,56,190
1969-11-15,90,I Want You Back,Jackson 5,90.0,90,190
1979-06-16,72,Good Times,Chic,72.0,72,190
1981-05-30,85,It's Now Or Never,John Schneider,85.0,85,190
1970-11-21,92,Mr. Bojangles,Nitty Gritty Dirt Band,92.0,92,190
1983-11-26,57,Running With The Night,Lionel Richie,57.0,57,190
2005-07-16,92,Badd,Ying Yang Twins Featuring Mike Jones & Mr. ColliPark,92.0,92,190
2014-01-11,74,For The First Time In Forever,Kristen Bell & Idina Menzel,74.0,74,190
1994-12-10,92,Mishale,Andru Donalds,92.0,92,190
1985-03-23,87,The NeverEnding Story,Limahl,87.0,87,190
1997-03-29,94,Insomnia,Faithless,94.0,94,190
1980-10-25,79,Suddenly,Olivia Newton-John & Cliff Richard,79.0,79,190
1976-02-07,87,Disco Lady,Johnnie Taylor,87.0,87,190
1978-04-29,83,Use Ta Be My Girl,The O'Jays,83.0,83,190
2015-09-12,43,Smoke Break,Carrie Underwood,43.0,43,190
1993-07-31,33,Alright,Kris Kross Featuring Supercat,33.0,33,190
2016-12-17,88,How Far I'll Go,Alessia Cara,94.0,88,190
1996-10-12,40,Nowhere To Go,Melissa Etheridge,40.0,40,190
2009-10-31,77,Mama's Song,Carrie Underwood,87.0,77,190
1998-04-25,98,Do Your Thing,7 Mile,98.0,98,190
1976-07-04,74,Say You Love Me,Fleetwood Mac,74.0,74,190
1964-04-04,100,People,Barbra Streisand,100.0,100,190
1974-10-05,88,Cat's In The Cradle,Harry Chapin,88.0,88,190
2006-03-18,93,Can't Let Go,Anthony Hamilton,93.0,93,190
1999-02-06,71,All Night Long,Faith Evans Featuring Puff Daddy,71.0,71,190
2014-05-10,94,Who I Am With You,Chris Young,94.0,94,190
1976-06-12,87,This Masquerade,George Benson,87.0,87,190
1986-05-17,74,Nasty,Janet Jackson,74.0,74,190
1987-10-10,84,Animal,Def Leppard,84.0,84,190
2000-10-07,77,911,Wyclef Jean Featuring Mary J. Blige,77.0,77,190
2012-06-02,90,Nobody's Perfect,J. Cole Featuring Missy Elliott,90.0,90,190
2001-09-15,81,I'm A Survivor,Reba,81.0,81,190
2015-10-03,66,Right Hand,Drake,66.0,66,190
2004-10-16,68,Shorty Wanna Ride,Young Buck,68.0,68,190
2004-11-13,75,Nothin 'Bout Love Makes Sense,LeAnn Rimes,75.0,75,190
1998-12-05,91,Hold On To Me,John Michael Montgomery,91.0,91,190
1987-01-17,75,Let's Wait Awhile,Janet Jackson,75.0,75,190
1998-10-17,24,The Power Of Good-Bye,Madonna,24.0,24,190
1998-01-10,57,Dangerous,Busta Rhymes,57.0,57,190
2005-07-23,96,Outta Control (Remix),50 Cent Feat. Mobb Deep,96.0,96,190
1979-04-28,63,We Are Family,Sister Sledge,63.0,63,190
2003-03-15,69,Raining On Sunday,Keith Urban,69.0,69,190
2009-04-11,98,Only You Can Love Me This Way,Keith Urban,99.0,98,190
2004-02-07,76,Figured You Out,Nickelback,76.0,76,190
1981-10-17,61,Young Turks,Rod Stewart,61.0,61,190
1982-04-10,29,Ebony And Ivory,Paul McCartney And Stevie Wonder,29.0,29,190
1960-11-21,87,Will You Love Me Tomorrow,The Shirelles,87.0,87,190
1985-04-20,52,Heaven,Bryan Adams,52.0,52,190
1984-12-22,89,Turn Up The Radio,Autograph,89.0,89,190
1977-11-12,91,Native New Yorker,Odyssey,91.0,91,190
1977-01-08,86,The Things We Do For Love,10cc,86.0,86,190
1983-11-12,95,Send Me An Angel,Real Life,95.0,95,190
2013-09-14,96,Bounce It,Juicy J Featuring Wale & Trey Songz,96.0,96,190
1984-11-03,59,Run To You,Bryan Adams,59.0,59,190
1959-02-16,94,Since I Don't Have You,The Skyliners,94.0,94,190
1983-03-12,81,Straight From The Heart,Bryan Adams,81.0,81,190
1984-10-20,64,Valotte,Julian Lennon,64.0,64,190
1985-12-07,91,Living In America,James Brown,91.0,91,190
1987-11-07,93,Honestly,Stryper,93.0,93,190
1980-10-11,75,Never Be The Same,Christopher Cross,75.0,75,190
1961-07-03,92,My True Story,The Jive Five With Joe Rene And Orchestra,92.0,92,190
1991-06-22,94,3 A.M. Eternal,The KLF,94.0,94,190
1976-01-24,69,Lonely Night (angel Face),Captain & Tennille,69.0,69,190
1958-08-18,74,"Summertime, Summertime",The Jamies,74.0,74,190
1980-03-29,90,Should've Never Let You Go,Neil Sedaka & Dara Sedaka,90.0,90,190
1975-08-23,98,Eighteen With A Bullet,Pete Wingfield,98.0,98,190
2005-10-08,100,Soul Meets Body,Death Cab For Cutie,100.0,100,190
1983-04-23,83,All This Love,Debarge,83.0,83,190
1974-04-20,87,Hollywood Swinging,Kool & The Gang,87.0,87,190
1974-07-27,51,Then Came You,Dionne Warwicke & Spinners,51.0,51,190
1973-09-01,71,Midnight Train To Georgia,Gladys Knight And The Pips,71.0,71,190
2014-03-01,63,Automatic,Miranda Lambert,97.0,63,190
1978-11-25,86,Lotta Love,Nicolette Larson,86.0,86,190
1991-06-15,53,Every Heartbeat,Amy Grant,53.0,53,190
1980-04-05,60,Biggest Part Of Me,Ambrosia,60.0,60,190
2019-03-02,27,Robbery,Juice WRLD,27.0,27,190
1982-12-25,43,Stray Cat Strut,Stray Cats,43.0,43,190
1994-02-12,76,It's All Good,M.C. Hammer,76.0,76,190
2003-10-04,94,Honesty (Write Me A List),Rodney Atkins,94.0,94,190
1974-05-25,93,Keep On Smilin',Wet Willie,93.0,93,190
2019-05-18,71,Go Loko,"YG, Tyga & Jon Z",71.0,71,190
2017-03-18,92,"God, Your Mama, And Me",Florida Georgia Line Featuring Backstreet Boys,71.0,92,190
2002-06-08,71,Why Don't We Fall In Love,Amerie,71.0,71,190
2009-02-14,100,Ain't I,Yung L.A. Featuring Young Dro & T.I.,100.0,100,190
1979-11-10,83,Deja Vu,Dionne Warwick,83.0,83,190
1986-03-08,76,Bad Boy,Miami Sound Machine,76.0,76,190
1979-10-06,72,Babe,Styx,72.0,72,190
2003-02-15,83,Emotional Rollercoaster,Vivian Green,83.0,83,190
1982-01-09,76,Pac-Man Fever,Buckner & Garcia,76.0,76,190
2011-05-21,61,Better With The Lights Off,New Boyz Feat. Chris Brown,76.0,61,190
2021-07-03,51,Fancy Like,Walker Hayes,51.0,51,190
2015-04-18,87,The Matrimony,Wale Featuring Usher,87.0,87,190
1984-10-06,88,Centipede,Rebbie Jackson,88.0,88,190
1981-03-21,60,Too Much Time On My Hands,Styx,60.0,60,190
2010-06-26,33,Never Say Never,Justin Bieber Featuring Jaden Smith,33.0,33,190
2020-04-04,41,Save Your Tears,The Weeknd,41.0,41,190
2016-12-10,39,Party Monster,The Weeknd,39.0,39,190
2010-01-02,79,Sex Therapy,Robin Thicke,79.0,79,190
1977-01-29,89,So In To You,Atlanta Rhythm Section,89.0,89,190
1993-08-21,82,Love For Love,Robin S.,82.0,82,190
2004-11-20,63,Only U,Ashanti,63.0,63,190
1987-09-05,70,It's A Sin,Pet Shop Boys,70.0,70,190
1979-03-17,73,Renegade,Styx,73.0,73,190
2013-06-15,97,Point At You,Justin Moore,97.0,97,190
1981-01-24,31,The Best Of Times,Styx,31.0,31,190
1995-09-30,69,A Mover La Colita,Artie The 1 Man Party,69.0,69,190
2002-08-24,76,Work In Progress,Alan Jackson,76.0,76,190
2005-12-10,93,Rodeo,Juvenile,93.0,93,190
1984-01-28,73,Somebody's Watching Me,Rockwell,73.0,73,190
1988-06-04,76,1-2-3,Gloria Estefan & Miami Sound Machine,76.0,76,190
1969-06-07,88,It's Getting Better,Mama Cass,88.0,88,190
1997-11-29,31,The Memory Remains,Metallica,31.0,31,190
1986-05-03,89,Digging Your Scene,The Blow Monkeys,89.0,89,190
2005-04-02,96,Lot Of Leavin' Left To Do,Dierks Bentley,96.0,96,190
1968-11-30,93,Everyday People,Sly & The Family Stone,93.0,93,190
1977-01-29,74,Don't Give Up On Us,David Soul,74.0,74,190
2014-01-04,100,I Hold On,Dierks Bentley,100.0,100,190
1996-12-07,79,I'm Not Giving You Up,Gloria Estefan,79.0,79,190
1997-12-20,84,Say You'll Stay,KAI,84.0,84,190
2007-06-09,30,Big Things Poppin' (Do It),T.I.,30.0,30,190
1982-01-30,79,We Got The Beat,Go-Go's,79.0,79,190
2000-07-29,72,Californication,Red Hot Chili Peppers,72.0,72,190
2010-10-16,74,Right Thru Me,Nicki Minaj,74.0,74,190
1995-10-21,67,Automatic Lover (Call For Love),Real McCoy,67.0,67,190
1997-11-01,69,So Good,Davina,69.0,69,190
1978-09-30,86,Strange Way,Firefall,86.0,86,190
2017-02-04,98,Black,Dierks Bentley,98.0,98,190
1980-05-10,71,Tired Of Toein' The Line,Rocky Burnette,71.0,71,190
2009-06-13,83,Boots On,Randy Houser,83.0,83,190
2001-12-15,99,Got Ur Self A...,Nas,99.0,99,190
2009-04-18,63,Come Back To Me,David Cook,84.0,63,190
2008-11-15,84,Country Boy,Alan Jackson,84.0,84,190
1982-10-30,73,Dirty Laundry,Don Henley,73.0,73,190
1985-02-23,65,All She Wants to Do Is Dance,Don Henley,65.0,65,190
2007-10-20,98,Everybody,Keith Urban,98.0,98,190
1981-10-24,73,Leather And Lace,Stevie Nicks With Don Henley,73.0,73,190
1997-03-22,34,I Shot The Sheriff,Warren G,34.0,34,190
2005-04-02,90,Girl,Destiny's Child,90.0,90,190
1980-12-13,79,I Ain't Gonna Stand For It,Stevie Wonder,79.0,79,190
1974-03-16,87,Help Me,Joni Mitchell,87.0,87,190
1994-04-09,92,Sweet Potatoe Pie,Domino,92.0,92,190
1996-11-09,50,Never Leave Me Alone,Nate Dogg Featuring Snoop Doggy Dogg,50.0,50,190
2012-05-19,18,Both Of Us,B.o.B Featuring Taylor Swift,18.0,18,190
1986-11-15,86,Stop To Love,Luther Vandross,86.0,86,190
2006-09-30,79,Come Back To Me,Vanessa Hudgens,79.0,79,190
1977-10-15,82,Here You Come Again,Dolly Parton,82.0,82,190
2009-09-19,95,Wasted,Gucci Mane Featuring Plies Or OJ Da Juiceman,95.0,95,190
1989-01-21,42,Lost In Your Eyes,Debbie Gibson,42.0,42,190
1982-09-11,69,Heartlight,Neil Diamond,69.0,69,190
2001-01-27,82,Outside,Aaron Lewis Of Staind With Fred Durst,82.0,82,190
1983-06-04,60,Stand Back,Stevie Nicks,60.0,60,190
1987-07-04,86,When Smokey Sings,ABC,86.0,86,190
2020-06-06,38,Dollaz On My Head,Gunna Featuring Young Thug,38.0,38,190
1992-08-01,89,Constant Craving,k.d. lang,89.0,89,190
2018-01-27,71,Outside Today,YoungBoy Never Broke Again,71.0,71,190
1984-12-15,50,Method Of Modern Love,Daryl Hall John Oates,50.0,50,190
1996-09-21,79,"What's Love Got To Do With It (From ""Supercop"")",Warren G Featuring Adina Howard,79.0,79,190
1980-06-14,69,Let My Love Open The Door,Pete Townshend,69.0,69,190
2010-09-18,96,Only Prettier,Miranda Lambert,96.0,96,190
1992-12-12,83,Homies,Lighter Shade Of Brown,83.0,83,190
2001-06-09,66,Bootylicious,Destiny's Child,66.0,66,190
1976-04-10,58,Silly Love Songs,Wings,58.0,58,190
1990-09-29,69,So Close,Daryl Hall John Oates,69.0,69,190
1991-06-08,64,It Ain't Over 'til It's Over,Lenny Kravitz,64.0,64,190
1991-10-12,69,Top Of The World,Van Halen,69.0,69,190
1988-07-02,69,When It's Love,Van Halen,69.0,69,190
1979-10-27,87,Wait For Me,Daryl Hall John Oates,87.0,87,190
1975-04-19,95,The Hustle,Van McCoy & The Soul City Symphony,95.0,95,190
1990-04-28,51,Do You Remember?,Phil Collins,51.0,51,190
1971-11-27,69,American Pie (Parts I & II),Don McLean,69.0,69,190
2000-06-10,95,You'll Always Be Loved By Me,Brooks & Dunn,95.0,95,190
2008-11-01,84,Chopped 'N' Skrewed,T-Pain Featuring Ludacris,84.0,84,190
2018-02-17,94,Singles You Up,Jordan Davis,94.0,94,190
1980-09-13,81,Without Your Love,Roger Daltrey,81.0,81,190
1991-01-26,55,Coming Out Of The Dark,Gloria Estefan,55.0,55,190
1999-09-18,73,Bling Bling,"B.G. Featuring Baby, Turk, Mannie Fresh, Juvenile & Lil' Wayne",73.0,73,190
2006-09-02,69,Tell Me Baby,Red Hot Chili Peppers,69.0,69,190
1960-04-04,85,Love You So,Ron Holden with The Thunderbirds,85.0,85,190
1976-05-08,89,I'm Easy,Keith Carradine,89.0,89,190
1985-06-01,75,Who's Holding Donna Now,Debarge,75.0,75,190
2008-06-28,98,I Still Miss You,Keith Anderson,98.0,98,190
2006-04-22,99,Every Time I Hear Your Name,Keith Anderson,99.0,99,190
1974-08-03,93,You Haven't Done Nothin,Stevie Wonder,93.0,93,190
2001-07-14,68,Contagious,The Isley Brothers Featuring Ronald Isley,68.0,68,190
1992-05-23,93,Just For Tonight,Vanessa Williams,93.0,93,190
1999-02-20,80,What's So Different,Ginuwine,80.0,80,190
1988-12-10,78,Dial My Heart,The Boys,78.0,78,190
1984-11-10,82,Call To The Heart,Giuffria,82.0,82,190
2005-03-05,87,"Sitting, Waiting, Wishing",Jack Johnson,87.0,87,190
1979-03-17,90,Get Used To It,Roger Voudouris,90.0,90,190
1991-04-06,50,I Don't Wanna Cry,Mariah Carey,50.0,50,190
1973-02-24,94,Funky Worm,Ohio Players,94.0,94,190
1997-04-19,24,My Baby Daddy,B-Rock & The Bizz,24.0,24,190
2002-01-19,71,Some Days You Gotta Dance,Dixie Chicks,71.0,71,190
1985-03-23,73,Fresh,Kool & The Gang,73.0,73,190
1991-01-19,37,Someday,Mariah Carey,37.0,37,190
2018-12-01,99,Girl Like You,Jason Aldean,99.0,99,190
1990-12-01,85,I Saw Red,Warrant,85.0,85,190
1989-07-22,78,Heaven,Warrant,78.0,78,190
1977-09-03,80,We Just Disagree,Dave Mason,80.0,80,190
2020-01-11,99,Slow Dance In A Parking Lot,Jordan Davis,99.0,99,190
1971-12-18,99,Without You,Nilsson,99.0,99,190
1987-03-14,85,Right On Track,The Breakfast Club,85.0,85,190
1990-09-08,97,Cherry Pie,Warrant,97.0,97,190
1973-10-27,100,Smokin' In The Boy's Room,Brownsville Station,100.0,100,190
2016-06-11,98,With You Tonight / Hasta El Amanecer,Nicky Jam,98.0,98,190
1998-06-06,45,Whatcha Gone Do?,Link,45.0,45,190
2012-08-11,94,Fastest Girl In Town,Miranda Lambert,94.0,94,190
1959-02-16,96,Pink Shoe Laces,Dodie Stevens,96.0,96,190
1998-07-25,13,Never Ever,All Saints,13.0,13,190
1979-06-23,88,Born To Be Alive,Patrick Hernandez,88.0,88,190
2017-06-17,90,No Such Thing As A Broken Heart,Old Dominion,90.0,90,190
2018-07-14,93,Hotel Key,Old Dominion,93.0,93,190
1981-10-24,74,Trouble,Lindsey Buckingham,74.0,74,190
1981-09-12,61,Tryin' To Live My Life Without You,Bob Seger,61.0,61,190
1979-02-10,88,I Want Your Love,Chic,88.0,88,190
1984-03-24,71,Breakdance,Irene Cara,71.0,71,190
1976-09-18,86,More Than A Feeling,Boston,86.0,86,190
1980-05-31,75,More Love,Kim Carnes,75.0,75,190
1985-04-27,84,Through the Fire,Chaka Khan,84.0,84,190
2017-07-01,79,Do I Make You Wanna,Billy Currington,79.0,79,190
1993-05-01,81,Regret,New Order,81.0,81,190
2019-09-21,87,223's,YNW Melly & 9lokknine,87.0,87,190
1995-05-27,87,Any Man Of Mine/Whose Bed Have Your Boots Been Under?,Shania Twain,87.0,87,190
1981-12-05,82,Take It Easy On Me,Little River Band,82.0,82,190
2008-02-16,79,Nine In The Afternoon,Panic! At The Disco,79.0,79,190
2011-07-02,75,Rain Over Me,Pitbull Featuring Marc Anthony,93.0,75,190
1989-01-21,97,Stand,R.E.M.,97.0,97,190
1985-06-29,46,The Power Of Love,Huey Lewis & The News,46.0,46,190
1978-11-18,90,Shake It,Ian Matthews,90.0,90,190
1977-11-05,91,Don't Let Me Be Misunderstood,Santa Esmeralda Starring Leroy Gomez,91.0,91,190
2002-03-02,77,Crawling In The Dark,Hoobastank,77.0,77,190
1990-07-21,92,Dirty Cash (Money Talks),The Adventures Of Stevie V,92.0,92,190
1959-06-01,98,There Goes My Baby,The Drifters,98.0,98,190
1977-10-15,88,(Every Time I Turn Around) Back In Love Again,LTD,88.0,88,190
1983-11-12,81,I Still Can't Get Over Loving You,Ray Parker Jr.,81.0,81,190
1977-03-26,83,Lucille,Kenny Rogers,83.0,83,190
2000-05-06,70,The Real Slim Shady,Eminem,70.0,70,190
1981-07-25,67,Hold On Tight,Electric Light Orchestra,67.0,67,190
1958-11-17,86,Smoke Gets In Your Eyes,The Platters,86.0,86,190
2005-08-06,100,Redneck Yacht Club,Craig Morgan,100.0,100,190
1998-12-05,68,Changes,2Pac,68.0,68,190
1973-08-25,79,Keep On Truckin' (Part 1),Eddie Kendricks,79.0,79,190
1991-05-11,36,Rush Rush,Paula Abdul,36.0,36,190
1979-12-08,90,An American Dream,The Dirt Band,90.0,90,190
1987-10-10,94,Just Like Heaven,The Cure,94.0,94,190
2020-07-25,91,Tap In,Saweetie,91.0,91,190
2013-03-16,98,More Than Miles,Brantley Gilbert,98.0,98,190
1973-07-14,74,Let's Get It On,Marvin Gaye,74.0,74,190
2000-06-17,74,Could I Have This Kiss Forever,Whitney Houston & Enrique Iglesias,74.0,74,190
2008-10-11,63,Krazy,Pitbull Featuring Lil Jon,63.0,63,190
2007-01-06,97,On The Hotline,Pretty Ricky,95.0,97,190
2018-09-08,83,Smile (Living My Best Life),Lil' Duval Featuring Snoop Dogg & Ball Greezy,83.0,83,190
1987-03-07,80,(I Just) Died In Your Arms,Cutting Crew,80.0,80,190
1989-07-01,87,Shower Me With Your Love,Surface,87.0,87,190
2015-10-10,71,$ave Dat Money,Lil Dicky Featuring Fetty Wap & Rich Homie Quan,98.0,71,190
2010-07-31,98,Roll With It,Easton Corbin,98.0,98,190
1979-02-10,75,Take Me Home,Cher,75.0,75,190
1983-10-01,91,Ain't Nobody,Chaka Khan,91.0,91,190
1992-07-04,94,Take Me In Your Arms,Lil Suzy,94.0,94,190
1996-05-11,39,You,Monifah,39.0,39,190
1980-07-05,33,Emotional Rescue,The Rolling Stones,33.0,33,190
2000-06-17,86,One Voice,Billy Gilman,86.0,86,190
1975-02-08,98,Killer Queen,Queen,98.0,98,190
1972-04-29,97,How Do You Do?,Mouth & MacNeal,97.0,97,190
2014-05-10,96,We Are Tonight,Billy Currington,96.0,96,190
2018-07-21,88,Jackie Chan,Tiesto & Dzeko Featuring Preme & Post Malone,88.0,88,190
2018-06-30,85,Drowns The Whiskey,Jason Aldean Featuring Miranda Lambert,85.0,85,190
1978-06-17,87,Shame,"Evelyn ""Champagne"" King",87.0,87,190
1984-01-14,68,I Want A New Drug,Huey Lewis & The News,68.0,68,190
2001-01-06,95,Lady (Hear Me Tonight),Modjo,95.0,95,190
1985-05-25,85,Rock Me Tonight,Freddie Jackson,85.0,85,190
1986-08-02,42,Stuck With You,Huey Lewis & The News,42.0,42,190
1998-10-31,48,Pushin' Weight,Ice Cube Featuring Mr. Short Khop,48.0,48,190
1991-11-16,89,Ain't Gonna Hurt Nobody,Kid 'N Play,89.0,89,190
1986-05-24,84,You Should Be Mine (The Woo Woo Song),Jeffrey Osborne,84.0,84,190
1984-06-09,49,Sad Songs (say So Much),Elton John,49.0,49,190
1998-05-02,93,Ding-A-Ling,Hi-Town DJs,93.0,93,190
2021-01-23,9,Wasted On You,Morgan Wallen,9.0,9,190
1979-11-17,63,Coward Of The County,Kenny Rogers,63.0,63,190
2000-08-05,75,The Light,Common,75.0,75,190
2018-12-15,54,24/7,Meek Mill Featuring Ella Mai,54.0,54,190
1987-10-03,76,Love Will Find A Way,Yes,76.0,76,190
1997-03-08,21,Big Daddy,Hev-D,21.0,21,190
1989-09-23,66,Poison,Alice Cooper,66.0,66,190
1990-07-07,70,Unskinny Bop,Poison,70.0,70,190
1986-04-05,90,I Wanna Be A Cowboy,Boys Don't Cry,90.0,90,190
2003-06-14,71,I Want You,Thalia Featuring Fat Joe,71.0,71,190
2016-03-26,54,Came Here To Forget,Blake Shelton,54.0,54,190
1997-07-26,32,I Can Love You,Mary J. Blige,32.0,32,190
1991-11-16,96,Love Me All Up,Stacy Earl,96.0,96,190
2007-05-26,98,Get Me Bodied,Beyonce,98.0,98,190
1987-08-01,72,Carrie,Europe,72.0,72,190
1994-05-07,97,Possession,Sarah McLachlan,97.0,97,190
2004-11-06,74,What U Gon' Do,Lil Jon & The East Side Boyz Featuring Lil Scrappy,74.0,74,190
1959-07-20,99,Broken-Hearted Melody,Sarah Vaughan,99.0,99,190
1988-11-26,96,What I Am,Edie Brickell & New Bohemians,96.0,96,190
2010-07-03,98,All About Tonight,Blake Shelton,98.0,98,190
2001-02-10,78,A Long Walk,Jill Scott,78.0,78,190
1980-03-29,56,Don't Fall In Love With A Dreamer,Kenny Rogers With Kim Carnes,56.0,56,190
1986-04-26,75,"Who's Johnny (""Short Circuit"" Theme)",El DeBarge,75.0,75,190
1979-04-28,78,I Want You To Want Me,Cheap Trick,78.0,78,190
1998-06-20,36,Stop,Spice Girls,36.0,36,190
1999-07-31,99,Lonely And Gone,Montgomery Gentry,99.0,99,190
1984-09-15,60,What About Me?,Kenny Rogers With Kim Carnes & James Ingram,60.0,60,190
1959-09-21,99,In The Mood,Ernie Fields & Orch.,99.0,99,190
1984-05-19,64,Legs,ZZ Top,64.0,64,190
2008-02-16,9,New Soul,Yael Naim,9.0,9,190
1998-07-04,60,Cleopatra's Theme,Cleopatra,60.0,60,190
1986-12-13,91,We Connect,Stacey Q,91.0,91,190
1993-10-30,66,Sex Me (Parts I & II),R. Kelly,66.0,66,190
1990-08-04,77,Everybody Everybody,Black Box,77.0,77,190
1995-06-17,86,I Love You/You Bring Me Joy,Mary J. Blige,86.0,86,190
2020-05-30,61,Martin & Gina,Polo G,61.0,61,190
1959-04-27,65,Personality,Lloyd Price and His Orchestra,65.0,65,190
2010-11-06,91,Lay It Down,Lloyd,91.0,91,190
1974-03-30,97,La Grange,ZZ Top,97.0,97,190
2012-02-11,81,Drink On It,Blake Shelton,81.0,81,190
1988-11-26,98,Walking Away,Information Society,98.0,98,190
1987-04-11,88,Endless Nights,Eddie Money,88.0,88,190
1989-09-16,68,Didn't I (Blow Your Mind),New Kids On The Block,68.0,68,190
2004-10-09,17,Just Lose It,Eminem,17.0,17,190
1988-02-20,84,Pamela,Toto,84.0,84,190
1975-06-21,83,Wasted Days And Wasted Nights,Freddy Fender,83.0,83,190
1981-11-07,83,Cool Night,Paul Davis,83.0,83,190
1981-05-16,59,The One That You Love,Air Supply,59.0,59,190
1988-04-23,82,Nothin' But A Good Time,Poison,82.0,82,190
2002-03-23,92,Wish I Didn't Miss You,Angie Stone,92.0,92,190
1995-04-01,90,Wonderful,Adam Ant,90.0,90,190
1971-03-13,92,Lucky Man,"Emerson, Lake & Palmer",92.0,92,190
2010-05-01,100,Water,Brad Paisley,100.0,100,190
2002-07-20,70,I Keep Looking,Sara Evans,70.0,70,190
1986-03-22,74,All I Need Is A Miracle,Mike + The Mechanics,74.0,74,190
1974-03-16,90,The Show Must Go On,Three Dog Night,90.0,90,190
2001-08-25,74,Feelin' On Yo Booty,R. Kelly,74.0,74,190
1994-06-04,90,Selling The Drama,Live,90.0,90,190
1998-12-12,96,No Place That Far,Sara Evans,96.0,96,190
1987-03-21,84,If She Would Have Been Faithful. . .,Chicago,84.0,84,190
1959-05-18,94,The Wonder Of You,Ray Peterson,94.0,94,190
1995-01-28,80,Dreamer,Livin' Joy,80.0,80,190
1973-09-29,71,Just You 'n' Me,Chicago,71.0,71,190
2004-01-24,71,Perfect,Sara Evans,71.0,71,190
1985-04-27,62,Would I Lie To You?,Eurythmics,62.0,62,190
1991-02-02,92,Together Forever,Lisette Melendez,92.0,92,190
2003-03-15,65,Concrete Angel,Martina McBride,65.0,65,190
1987-09-19,81,Hourglass,Squeeze,81.0,81,190
1991-02-09,64,You're In Love,Wilson Phillips,64.0,64,190
1972-04-22,83,Lean On Me,Bill Withers,83.0,83,190
1981-09-26,81,"My Girl (Gone, Gone, Gone)",Chilliwack,81.0,81,190
1980-01-19,90,I Pledge My Love,Peaches & Herb,90.0,90,190
1990-09-08,95,Hippychick,Soho,95.0,95,190
1970-10-10,75,I Think I Love You,The Partridge Family Starring Shirley Jones Featuring David Cassidy,75.0,75,190
1981-03-07,77,Sweetheart,Franke & The Knockouts,77.0,77,190
1992-02-29,94,The Choice Is Yours,Black Sheep,94.0,94,190
1958-08-11,73,Tears On My Pillow,Little Anthony And The Imperials,73.0,73,190
1973-04-28,97,Behind Closed Doors,Charlie Rich,97.0,97,190
1994-04-30,65,Misled,Celine Dion,65.0,65,190
1987-08-29,79,Don't Make Me Wait For Love,Kenny G. (Vocal By Lenny Williams),79.0,79,190
2010-09-18,100,Anything Like Me,Brad Paisley,100.0,100,190
1984-09-29,65,It Ain't Enough,Corey Hart,65.0,65,190
1983-08-27,65,One Thing Leads To Another,The Fixx,65.0,65,190
2009-11-07,57,Gangsta Luv,Snoop Dogg Featuring The-Dream,57.0,57,190
1976-10-02,85,Love Me,Yvonne Elliman,85.0,85,190
2018-02-10,75,New Freezer,Rich The Kid Featuring Kendrick Lamar,75.0,75,190
1971-07-24,76,Tired Of Being Alone,Al Green,76.0,76,190
1981-05-16,86,Double Dutch Bus,Frankie Smith,86.0,86,190
2015-01-17,99,Ain't Worth The Whiskey,Cole Swindell,99.0,99,190
1997-06-14,95,Rhythm Of Love,DJ Company,95.0,95,190
1974-09-28,87,Sha-La-La (Make Me Happy),Al Green,87.0,87,190
1980-05-17,67,Cupid/I've Loved You For A Long Time,The Spinners,67.0,67,190
2005-10-15,96,Tequila Makes Her Clothes Fall Off,Joe Nichols,96.0,96,190
1986-09-13,94,The Rain,Oran 'Juice' Jones,94.0,94,190
1978-11-04,69,My Life,Billy Joel,69.0,69,190
1989-02-04,56,Eternal Flame,The Bangles,56.0,56,190
1992-05-23,98,Honey Love,R. Kelly & Public Announcement,98.0,98,190
1985-10-26,80,You're A Friend Of Mine,Clarence Clemons & Jackson Browne,80.0,80,190
1972-07-29,99,Garden Party,Rick Nelson And The Stone Canyon Band,99.0,99,190
1993-08-21,89,Something In Your Eyes,Bell Biv DeVoe,89.0,89,190
1991-06-22,83,Crazy,Seal,83.0,83,190
1997-06-21,22,Smile,Scarface Featuring 2Pac & Johnny P,22.0,22,190
1987-10-31,47,So Emotional,Whitney Houston,47.0,47,190
1989-10-14,58,We Didn't Start The Fire,Billy Joel,58.0,58,190
1988-05-21,75,Parents Just Don't Understand,D.J. Jazzy Jeff & The Fresh Prince,75.0,75,190
1977-11-19,87,Peg,Steely Dan,87.0,87,190
2010-06-05,95,Free,Zac Brown Band,95.0,95,190
2015-10-03,100,Come Get Her,Rae Sremmurd,100.0,100,190
1996-06-29,75,Where It's At,Beck,75.0,75,190
1990-10-20,42,I'm Your Baby Tonight,Whitney Houston,42.0,42,190
1974-05-11,84,Rikki Don't Lose That Number,Steely Dan,84.0,84,190
1997-01-25,33,On & On,Erykah Badu,33.0,33,190
1991-02-09,89,"Just The Way It Is, Baby",The Rembrandts,89.0,89,190
2005-11-26,91,Kryptonite (I'm On It),Purple Ribbon All-Stars,91.0,91,190
2016-04-23,43,Lights Come On,Jason Aldean,43.0,43,190
2007-08-04,7,"Sorry, Blame It On Me",Akon,7.0,7,190
1987-12-05,59,Say You Will,Foreigner,59.0,59,190
2006-07-15,94,Put Your Records On,Corinne Bailey Rae,94.0,94,190
2016-11-26,87,Selfish,PnB Rock,87.0,87,190
2001-03-24,80,Lay Low,"Snoop Dogg Featuring Master P, Nate Dogg, Butch Cassidy & Tha Eastsidaz",80.0,80,190
1989-10-07,72,Living In Sin,Bon Jovi,72.0,72,190
1975-12-20,85,All By Myself,Eric Carmen,85.0,85,190
2005-05-28,94,How To Deal,Frankie J,94.0,94,190
2016-06-18,93,Make You Miss Me,Sam Hunt,93.0,93,190
1997-04-12,75,Come On,Billy Lawrence Featuring MC Lyte,75.0,75,190
1997-03-08,95,Havana,Kenny G,95.0,95,190
2013-05-11,55,No New Friends (SFTB Remix),"DJ Khaled Featuring Drake, Rick Ross & Lil Wayne",55.0,55,190
1980-11-29,65,Hey Nineteen,Steely Dan,65.0,65,190
2020-08-01,3,Popstar,DJ Khaled Featuring Drake,3.0,3,190
2006-02-04,82,Love,Keyshia Cole,82.0,82,190
1981-09-26,66,Every Little Thing She Does Is Magic,The Police,66.0,66,190
1979-04-21,37,Love You Inside Out,Bee Gees,37.0,37,190
2005-10-08,85,I Should Have Cheated,Keyshia Cole,85.0,85,190
2016-11-19,88,Star Of The Show,Thomas Rhett,88.0,88,190
1991-10-12,72,Ring My Bell,D.J. Jazzy Jeff & The Fresh Prince,72.0,72,190
1988-03-26,82,Promise Me,The Cover Girls,82.0,82,190
1970-10-24,81,One Less Bell To Answer,The 5th Dimension,81.0,81,190
1989-03-18,77,Everlasting Love,Howard Jones,77.0,77,190
1989-12-09,73,We Can't Go Wrong,The Cover Girls,73.0,73,190
2013-11-09,13,Do What U Want,Lady Gaga Featuring R. Kelly,13.0,13,190
1984-05-26,83,Alibis,Sergio Mendes,83.0,83,190
2003-04-19,75,Pump It Up,Joe Budden,75.0,75,190
2017-01-14,71,Moves,Big Sean,71.0,71,190
2004-07-03,100,Take Me Out,Franz Ferdinand,100.0,100,190
2014-02-01,28,Can't Remember To Forget You,Shakira Featuring Rihanna,28.0,28,190
1976-10-23,85,After The Lovin',Engelbert Humperdinck,85.0,85,190
1979-08-25,87,If You Remember Me,Chris Thompson & Night,87.0,87,190
2014-06-14,100,Meanwhile Back At Mama's,Tim McGraw Featuring Faith Hill,100.0,100,190
1987-01-24,73,Come Go With Me,Expose,73.0,73,190
1990-09-29,89,On The Way Up,Elisa Fiorillo,89.0,89,190
1987-04-11,84,Diamonds,Herb Alpert,84.0,84,190
1988-06-25,80,Here With Me,REO Speedwagon,80.0,80,190
1986-09-06,87,Emotion In Motion,Ric Ocasek,87.0,87,190
1991-02-09,52,I've Been Thinking About You,Londonbeat,52.0,52,190
1982-12-11,70,Your Love Is Driving Me Crazy,Sammy Hagar,70.0,70,190
1960-05-09,94,Hot Rod Lincoln,Charlie Ryan and the Timberline Riders,94.0,94,190
2011-09-17,50,Dancin' Away With My Heart,Lady Antebellum,96.0,50,190
2012-03-17,88,Ayy Ladies,Travis Porter Featuring Tyga,88.0,88,190
1987-03-07,82,Looking For A New Love,Jody Watley,82.0,82,190
1977-02-26,72,Hotel California,Eagles,72.0,72,190
1974-11-30,83,Best Of My Love,Eagles,83.0,83,190
1958-09-15,87,The End,Earl Grant,87.0,87,190
1986-04-19,94,Tuff Enuff,The Fabulous Thunderbirds,94.0,94,190
1993-10-30,84,Time And Chance,Color Me Badd,84.0,84,190
2002-06-01,67,Call Me,Tweet,67.0,67,190
1984-10-06,49,All Through The Night,Cyndi Lauper,49.0,49,190
1968-09-14,10,Hey Jude,The Beatles,10.0,10,190
1992-08-22,86,Slow Dance (Hey Mr. DJ),R. Kelly & Public Announcement,86.0,86,190
1994-07-16,42,The Way She Loves Me,Richard Marx,42.0,42,190
1992-06-13,82,"Mr. Loverman (From ""Deep Cover"")",Shabba Ranks,82.0,82,190
1976-07-17,79,Getaway,"Earth, Wind & Fire",79.0,79,190
2004-10-23,74,Back When,Tim McGraw,74.0,74,190
1959-01-26,100,Tragedy,Thomas Wayne With the Delons,100.0,100,190
1992-10-24,86,Slow And Sexy,Shabba Ranks (Featuring Johnny Gill),86.0,86,190
2002-11-16,96,One Of Those Days,Whitney Houston,96.0,96,190
2005-10-01,61,Unbreakable,Alicia Keys,61.0,61,190
1988-10-08,81,Not Just Another Girl,Ivan Neville,81.0,81,190
1976-01-31,88,Let Your Love Flow,Bellamy Brothers,88.0,88,190
1998-02-14,48,Light In Your Eyes,Blessid Union Of Souls,48.0,48,190
2017-11-04,96,You Broke Up With Me,Walker Hayes,91.0,96,181
2017-10-14,97,Round Here Buzz,Eric Church,97.0,97,177
1985-10-26,95,Home Sweet Home,Motley Crue,95.0,95,174
2017-09-16,76,Light It Up,Luke Bryan,76.0,76,173
1980-09-27,71,Lovely One,The Jacksons,71.0,71,171
1973-06-23,83,Brother Louie,Stories,83.0,83,171
1979-02-17,90,I Got My Mind Made Up (You Can Get It Girl),Instant Funk,90.0,90,171
1991-11-09,82,Send Me An Angel,Scorpions,82.0,82,171
1991-05-11,98,Piece Of My Heart,Tara Kemp,98.0,98,171
2015-01-31,96,Say You Do,Dierks Bentley,96.0,96,171
1961-12-04,79,The Wanderer,Dion,79.0,79,171
2012-08-11,92,Pound The Alarm,Nicki Minaj,92.0,92,171
1979-06-09,69,Mama Can't Buy You Love,Elton John,69.0,69,171
2006-04-01,89,Settle For A Slowdown,Dierks Bentley,89.0,89,171
1981-11-28,90,Anyone Can See,Irene Cara,90.0,90,171
1994-12-24,93,Promise Me,Lil Suzy,93.0,93,171
2016-07-09,78,All In My Head (Flex),Fifth Harmony Featuring Fetty Wap,78.0,78,171
1984-05-26,47,Infatuation,Rod Stewart,47.0,47,171
1974-04-13,83,Sundown,Gordon Lightfoot,83.0,83,171
1978-09-30,85,Time Passages,Al Stewart,85.0,85,171
1972-07-01,77,Baby Don't Get Hooked On Me,Mac Davis,77.0,77,171
1980-01-19,76,Too Hot,Kool & The Gang,76.0,76,171
1990-09-29,44,Pray,M.C. Hammer,44.0,44,171
1973-05-12,81,Diamond Girl,Seals & Crofts,81.0,81,171
1991-03-16,53,Rhythm Of My Heart,Rod Stewart,53.0,53,171
2001-12-29,59,The World's Greatest,R. Kelly,59.0,59,171
1984-02-25,85,White Horse,Laid Back,85.0,85,171
1982-07-10,82,Blue Eyes,Elton John,82.0,82,171
1986-11-01,72,Victory,Kool & The Gang,72.0,72,171
1984-02-25,68,Tonight,Kool & The Gang,68.0,68,171
1986-01-18,71,Nikita,Elton John,71.0,71,171
2011-09-24,84,The Trouble With Girls,Scotty McCreery,93.0,84,171
2003-08-02,88,Officially Missing You,Tamia,88.0,88,171
1990-08-11,69,Romeo,Dino,69.0,69,171
1987-02-07,87,Stone Love,Kool & The Gang,87.0,87,171
2021-07-03,99,My Boy,Elvie Shane,88.0,99,171
1974-02-16,69,Bennie And The Jets,Elton John,69.0,69,171
2014-08-16,88,This Is How We Do,Katy Perry,88.0,88,171
2000-04-01,87,Mirror Mirror,M2M,87.0,87,171
1988-06-18,60,I Don't Wanna Go On With You Like That,Elton John,60.0,60,171
1974-03-02,65,TSOP (The Sound Of Philadelphia),MFSB Featuring The Three Degrees,65.0,65,171
1992-02-01,70,Justified And Ancient,The KLF Featuring Tammy Wynette,70.0,70,171
1995-11-04,79,Hooked On You,Silk,79.0,79,171
1992-05-09,97,Sometimes I Rhyme Slow,Nice & Smooth,97.0,97,171
1981-09-12,86,Sausalito Summernight,Diesel,86.0,86,171
2009-06-13,80,Summer Nights,Rascal Flatts,80.0,80,171
2013-04-27,94,See You Tonight,Scotty McCreery,86.0,94,171
1987-04-11,96,I'll Still Be Loving You,Restless Heart,96.0,96,171
1986-05-31,54,"Love Touch (Theme From ""Legal Eagles"")",Rod Stewart,54.0,54,171
1999-03-06,20,It Ain't My Fault 1 & 2,Silkk The Shocker Featuring Mystikal,20.0,20,171
1988-05-07,76,Lost In You,Rod Stewart,76.0,76,171
1976-10-02,77,Love Ballad,L.T.D.,77.0,77,171
1993-11-06,79,Award Tour,A Tribe Called Quest,79.0,79,171
2002-08-17,70,Trade It All,Fabolous Featuring P. Diddy & Jagged Edge,70.0,70,171
2006-05-06,78,MakeDamnSure,Taking Back Sunday,78.0,78,171
2013-06-01,98,Really Don't Care,Demi Lovato Featuring Cher Lloyd,92.0,98,171
2010-10-02,94,Turn On The Radio,Reba,94.0,94,171
1980-07-19,74,Hot Rod Hearts,Robbie Dupree,74.0,74,171
1987-02-28,89,Show Me,The Cover Girls,89.0,89,171
1978-08-19,87,Dance (Disco Heat),Sylvester,87.0,87,171
1987-09-12,41,Causing A Commotion,Madonna,41.0,41,171
1979-03-10,81,Love Is The Answer,England Dan & John Ford Coley,81.0,81,171
2007-10-27,95,Pictures Of You,The Last Goodnight,95.0,95,171
1990-07-07,89,La Raza,Kid Frost,89.0,89,171
1986-10-11,88,Don't Get Me Wrong,Pretenders,88.0,88,171
2007-02-17,97,Settlin',Sugarland,97.0,97,171
1971-12-11,97,Ain't Understanding Mellow,Jerry Butler & Brenda Lee Eager,97.0,97,171
2008-03-15,95,Love Don't Live Here,Lady Antebellum,95.0,95,171
2019-09-21,16,Enemies,Post Malone Featuring DaBaby,16.0,16,171
1985-05-25,79,People Are People,Depeche Mode,79.0,79,171
1986-11-01,81,All I Wanted,Kansas,81.0,81,171
1984-03-17,81,Dancing In The Sheets,Shalamar,81.0,81,171
2004-11-13,66,Welcome To My Life,Simple Plan,66.0,66,171
2003-07-26,71,The Boys Of Summer,The Ataris,71.0,71,171
1977-10-08,77,It's So Easy,Linda Ronstadt,77.0,77,171
2003-09-27,78,Weak And Powerless,A Perfect Circle,78.0,78,171
1982-06-12,67,Even The Nights Are Better,Air Supply,67.0,67,171
1985-05-18,37,Raspberry Beret,Prince And The Revolution,37.0,37,171
1978-03-25,87,Every Kinda People,Robert Palmer,87.0,87,171
2014-10-25,100,Body Language,Kid Ink Featuring Usher & Tinashe,100.0,100,171
1970-05-23,78,I Want To Take You Higher,Ike & Tina Turner & The Ikettes,78.0,78,171
1972-09-09,88,Summer Breeze,Seals & Crofts,88.0,88,171
2016-11-19,96,Chantaje,Shakira Featuring Maluma,77.0,96,171
1982-05-01,79,Personally,Karla Bonoff,79.0,79,171
1972-07-15,94,Everybody Plays The Fool,The Main Ingredient,94.0,94,171
1986-04-12,49,Live To Tell,Madonna,49.0,49,171
1977-07-09,72,Don't Stop,Fleetwood Mac,72.0,72,171
1971-05-29,96,Signs,Five Man Electrical Band,96.0,96,171
1977-06-04,77,Give A Little Bit,Supertramp,77.0,77,171
2012-04-21,27,Dance Again,Jennifer Lopez Featuring Pitbull,27.0,27,171
1959-09-21,74,Don't You Know,Della Reese,74.0,74,171
2010-05-22,9,My First Kiss,3OH!3 Featuring Ke$ha,9.0,9,171
1994-06-04,92,"The Place Where You Belong (From ""Beverly Hills Cop III"")",Shai,92.0,92,171
1989-01-28,87,Superwoman,Karyn White,87.0,87,171
2005-09-17,94,More Than Words,Frankie J,94.0,94,171
2006-07-29,96,The Riddle,Five For Fighting,86.0,96,171
1972-12-09,94,Daddy's Home,Jermaine Jackson,94.0,94,171
1987-11-28,65,Everywhere,Fleetwood Mac,65.0,65,171
2014-01-11,65,Do You Want To Build A Snowman?,"Kristen Bell, Agatha Lee Monn & Katie Lopez",65.0,65,171
1992-10-17,13,Erotica,Madonna,13.0,13,171
1989-02-04,93,Sincerely Yours,Sweet Sensation (With Romeo J.D.),93.0,93,171
1982-11-13,83,Space Age Love Song,A Flock Of Seagulls,83.0,83,171
1989-03-04,86,"Iko Iko (From ""Rain Man"")",The Belle Stars,86.0,86,171
2010-06-26,43,Waka Waka (This Time For Africa),Shakira Featuring Freshlyground,43.0,43,171
2011-08-13,100,One More Drinkin' Song,Jerrod Niemann,100.0,100,171
1991-02-09,93,Sadeness Part 1,Enigma,93.0,93,171
2016-07-09,92,Why You Always Hatin?,YG Featuring Drake & Kamaiyah,92.0,92,171
1980-11-22,87,Killin' Time,Fred Knoblock & Susan Anton,87.0,87,171
1979-10-20,73,Cool Change,Little River Band,73.0,73,171
2000-06-10,75,Whatever,Ideal Featuring Lil' Mo,75.0,75,171
2007-07-21,68,You Know What It Is,T.I. Featuring Wyclef Jean,68.0,68,171
1987-10-24,95,True Faith,New Order,95.0,95,171
1976-09-18,77,Do You Feel Like We Do,Peter Frampton,77.0,77,171
1978-10-14,85,Promises,Eric Clapton And His Band,85.0,85,171
1976-02-21,88,Show Me The Way,Peter Frampton,88.0,88,171
1992-04-04,96,Maria,TKA,96.0,96,171
1963-11-09,83,Louie Louie,The Kingsmen,83.0,83,171
1982-10-23,80,Shock The Monkey,Peter Gabriel,80.0,80,171
2010-05-29,98,Somebody To Love,Justin Bieber Featuring Usher,98.0,98,171
1975-01-04,98,Lady Marmalade,Labelle,98.0,98,171
2001-02-10,53,Around The World (La La La La La),ATC,53.0,53,171
1963-06-22,90,Mockingbird,Inez Foxx with Charlie Foxx,90.0,90,171
1997-07-12,57,More Than This,"10,000 Maniacs",57.0,57,171
1996-11-09,100,I Fell In Love,Rockell,100.0,100,171
1983-02-12,40,Mr. Roboto,Styx,40.0,40,171
2013-05-04,98,Beat It,Sean Kingston Featuring Chris Brown & Wiz Khalifa,86.0,98,171
1990-08-18,97,Fly To the Angels,Slaughter,97.0,97,171
2010-04-10,30,Eenie Meenie,Sean Kingston & Justin Bieber,30.0,30,171
2006-06-10,95,Bring It On Home,Little Big Town,95.0,95,171
2007-08-18,28,Me Love,Sean Kingston,28.0,28,171
2019-02-02,71,Mixed Personalities,YNW Melly Featuring Kanye West,71.0,71,171
1960-10-31,98,Once In Awhile,The Chimes,98.0,98,171
1989-11-25,54,Downtown Train,Rod Stewart,54.0,54,171
1982-05-22,88,Kids In America,Kim Wilde,88.0,88,171
2014-10-11,76,Anything Goes,Florida Georgia Line,98.0,76,171
1990-06-09,88,Could This Be Love,Seduction,88.0,88,171
1962-09-08,98,He's A Rebel,The Crystals,98.0,98,171
1985-11-16,80,Sidewalk Talk,Jellybean Featuring Catherine Buchanan,80.0,80,171
1977-12-17,89,Happy Anniversary,Little River Band,89.0,89,171
1990-05-19,50,She Ain't Worth It,Glenn Medeiros Featuring Bobby Brown,50.0,50,171
2009-04-04,25,Sugar,Flo Rida Featuring Wynter,25.0,25,171
1982-09-25,83,On The Wings Of Love,Jeffrey Osborne,83.0,83,171
1988-04-16,85,Tall Cool One,Robert Plant,85.0,85,171
1989-07-08,55,Don't Wanna Lose You,Gloria Estefan,55.0,55,171
1979-07-21,63,Lonesome Loser,Little River Band,63.0,63,171
2011-03-26,74,Country Song,Seether,88.0,74,171
1988-07-23,72,One Good Woman,Peter Cetera,72.0,72,171
2014-04-26,91,Birthday,Katy Perry,91.0,91,171
2010-05-15,62,Rock That Body,The Black Eyed Peas,62.0,62,171
1972-03-04,77,The First Time Ever I Saw Your Face,Roberta Flack,77.0,77,171
1982-11-20,59,The Other Guy,Little River Band,59.0,59,171
2004-07-10,88,Let's Get Away,T.I.,88.0,88,171
1960-11-28,79,Wings Of A Dove,Ferlin Husky,79.0,79,171
1983-08-06,67,True,Spandau Ballet,67.0,67,171
1976-04-03,78,Love Hangover,Diana Ross,78.0,78,171
2003-04-05,52,Sing For The Moment,Eminem,52.0,52,171
2002-05-25,83,"My Neck, My Back",Khia Featuring DSD,83.0,83,171
1984-10-06,28,Purple Rain,Prince And The Revolution,28.0,28,171
2018-05-05,57,OTW,"Khalid, Ty Dolla $ign & 6LACK",57.0,57,171
2009-02-21,76,Careless Whisper,Seether,78.0,76,171
1973-04-21,84,Long Train Runnin',The Doobie Brothers,84.0,84,171
1998-12-05,1,I'm Your Angel,R. Kelly & Celine Dion,1.0,1,171
1969-12-20,100,"He Ain't Heavy, He's My Brother",The Hollies,100.0,100,171
1977-04-02,90,Love's Grown Deep,Kenny Nolan,90.0,90,171
1976-08-14,85,Rock'n Me,Steve Miller,85.0,85,171
2014-03-15,89,Wild Wild Love,Pitbull Featuring G.R.L.,89.0,89,171
1959-11-23,80,Pretty Blue Eyes,Steve Lawrence,80.0,80,171
2009-10-24,98,Shots,LMFAO Featuring Lil Jon,96.0,98,171
1984-06-16,88,Round And Round,Ratt,88.0,88,171
2001-05-05,70,Angel,Lionel Richie,70.0,70,171
2015-04-18,97,Love Me Like You Mean It,Kelsea Ballerini,97.0,97,171
1986-10-25,86,You Be Illin',Run-D.M.C.,86.0,86,171
1986-12-06,76,Ballerina Girl,Lionel Richie,76.0,76,171
1961-11-27,100,Cotton Fields,The Highwaymen,100.0,100,171
1989-11-25,85,Janie's Got A Gun,Aerosmith,85.0,85,171
2018-02-10,94,Most People Are Good,Luke Bryan,94.0,94,171
1977-10-29,87,Serpentine Fire,"Earth, Wind & Fire",87.0,87,171
1985-01-19,46,Can't Fight This Feeling,REO Speedwagon,46.0,46,171
1996-05-18,60,Get On Up,Jodeci,60.0,60,171
1971-08-28,86,A Natural Man,Lou Rawls,86.0,86,171
2016-12-03,99,Call On Me,Starley,94.0,99,171
1999-12-04,91,Re-arranged,Limp Bizkit,91.0,91,171
1959-07-06,85,Sea Of Love,Phil Phillips With The Twilights,85.0,85,171
1981-04-25,67,This Little Girl,Gary U.S. Bonds,67.0,67,171
1959-06-22,60,Lavender-Blue,Sammy Turner,60.0,60,171
2006-07-08,73,Call On Me,Janet & Nelly,73.0,73,171
1979-01-13,90,Superman,Herbie Mann,90.0,90,171
2003-11-15,54,Change Clothes,JAY-Z,54.0,54,171
1989-03-18,73,Real Love,Jody Watley,73.0,73,171
1973-09-29,94,The Love I Lost (Part 1),Harold Melvin And The Blue Notes,94.0,94,171
1986-10-04,56,Love Will Conquer All,Lionel Richie,56.0,56,171
1989-06-17,76,Friends,Jody Watley With Eric B. & Rakim,76.0,76,171
1999-11-20,74,Shake Your Bon-Bon,Ricky Martin,74.0,74,171
1996-09-21,74,Let's Get The Mood Right,Johnny Gill,74.0,74,171
1995-07-01,96,The Bomb! (These Sounds Fall Into My Mind),The Bucketheads,96.0,96,171
2000-10-07,38,She Bangs,Ricky Martin,38.0,38,171
1989-03-25,73,Soldier Of Love,Donny Osmond,73.0,73,171
2001-04-14,76,If You Can Do Anything Else,George Strait,76.0,76,171
2002-06-01,73,When You Lie Next To Me,Kellie Coffey,73.0,73,171
1981-04-11,87,Winning,Santana,87.0,87,171
1981-02-07,80,While You See A Chance,Steve Winwood,80.0,80,171
1989-01-21,85,You Got It,Roy Orbison,85.0,85,171
1974-01-05,76,Boogie Down,Eddie Kendricks,76.0,76,171
1978-04-01,69,"Too Much, Too Little, Too Late",Johnny Mathis/Deniece Williams,69.0,69,171
2020-01-25,29,You Should Be Sad,Halsey,29.0,29,171
1981-06-13,33,I Don't Need You,Kenny Rogers,33.0,33,171
1985-11-09,80,Goodbye,Night Ranger,80.0,80,171
1981-11-28,78,You Could Have Been With Me,Sheena Easton,78.0,78,171
1988-04-16,40,One More Try,George Michael,40.0,40,171
1985-12-07,92,Digital Display,Ready For The World,92.0,92,171
2009-05-02,88,I Do Not Hook Up,Kelly Clarkson,88.0,88,171
1988-06-11,53,Roll With It,Steve Winwood,53.0,53,171
2008-01-05,92,The Anthem,Pitbull Featuring Lil Jon,88.0,92,171
1986-06-28,95,The Captain Of Her Heart,Double,95.0,95,171
1996-01-06,86,Where Do U Want Me To Put It,Solo,86.0,86,171
2011-03-12,97,I Smile,Kirk Franklin,98.0,97,171
2015-11-14,97,I Love This Life,LOCASH,97.0,97,171
1996-03-23,79,Renee,Lost Boyz,79.0,79,171
2004-10-09,70,Baby It's You,JoJo Featuring Bow Wow,70.0,70,171
1960-03-07,69,Sink The Bismark,Johnny Horton,69.0,69,171
1993-09-25,87,Let Me Ride,Dr. Dre,87.0,87,171
1969-10-11,100,She Belongs To Me,Rick Nelson,100.0,100,171
1981-05-09,81,Modern Girl,Sheena Easton,81.0,81,171
1958-08-04,92,Bird Dog,The Everly Brothers,92.0,92,171
2021-07-10,5,Bad Habits,Ed Sheeran,5.0,5,171
1999-06-26,80,The Secret Of Life,Faith Hill,80.0,80,171
1983-04-16,53,Affair Of The Heart,Rick Springfield,53.0,53,171
1984-10-06,54,Penny Lover,Lionel Richie,54.0,54,171
1988-07-09,68,"Nobody's Fool (Theme From ""Caddyshack II"")",Kenny Loggins,68.0,68,171
1981-09-26,85,No Reply At All,Genesis,85.0,85,171
2011-10-29,43,Heartbeat,The Fray,43.0,43,171
2021-02-27,49,We're Good,Dua Lipa,49.0,49,171
1984-12-22,61,The Old Man Down The Road,John Fogerty,61.0,61,171
1984-06-09,89,Hold Me,Teddy Pendergrass And Whitney Houston,89.0,89,171
2020-10-17,10,Mr. Right Now,21 Savage & Metro Boomin Featuring Drake,10.0,10,171
1974-01-26,90,Sunshine On My Shoulders,John Denver,90.0,90,171
1980-05-24,81,Misunderstanding,Genesis,81.0,81,171
2019-06-08,97,Rearview Town,Jason Aldean,97.0,97,171
1975-08-16,64,I'm Sorry,John Denver,64.0,64,171
1993-12-25,87,Will You Be There (In The Morning),Heart,87.0,87,171
2011-01-01,94,You Be Killin Em,Fabolous,86.0,94,171
1984-11-17,89,Tenderness,General Public,89.0,89,171
1982-11-06,72,Hand To Hold On To,John Cougar,72.0,72,171
2013-02-23,68,Pirate Flag,Kenny Chesney,68.0,68,171
1992-01-18,96,Until Your Love Comes Back Around,RTZ,96.0,96,171
2005-06-04,98,Make Her Feel Good,Teairra Mari,98.0,98,171
1982-10-09,60,Truly,Lionel Richie,60.0,60,171
2010-08-14,96,The Boys of Fall,Kenny Chesney,96.0,96,171
2016-04-09,98,Body,Dreezy Featuring Jeremih,98.0,98,171
1983-01-15,49,You Are,Lionel Richie,49.0,49,171
1961-11-20,68,Peppermint Twist - Part I,Joey Dee & the Starliters,68.0,68,171
1986-01-18,87,This Could Be The Night,Loverboy,87.0,87,171
2017-02-11,93,Any Ol' Barstool,Jason Aldean,93.0,93,171
1977-04-02,80,Ain't Gonna Bump No More (with No Big Fat Woman),Joe Tex,80.0,80,171
2008-12-20,85,Down The Road,Kenny Chesney With Mac McAnally,85.0,85,171
2014-10-18,61,Just Gettin' Started,Jason Aldean,94.0,61,171
2009-08-01,89,Successful,Drake Featuring Trey Songz & Lil Wayne,89.0,89,171
1962-05-05,86,I Can't Stop Loving You,Ray Charles,86.0,86,171
1999-06-19,70,Everything Is Everything,Lauryn Hill,70.0,70,171
1982-12-04,86,On The Loose,Saga,86.0,86,171
1960-06-06,95,Image Of A Girl,Safaris with The Phantom's Band,95.0,95,171
1985-11-02,51,Small Town,John Mellencamp,51.0,51,171
1979-05-19,78,Gold,John Stewart,78.0,78,171
1970-12-26,68,Temptation Eyes,The Grass Roots,68.0,68,171
1987-10-24,97,Power Of Love,Laura Branigan,97.0,97,171
2011-08-06,68,Marvins Room,Drake,68.0,68,171
1960-05-23,80,Mule Skinner Blues,The Fendermen,80.0,80,171
2007-05-12,100,Wipe Me Down,Lil Boosie Featuring Foxx & Webbie,96.0,100,171
2013-12-07,85,Love Me Again,John Newman,85.0,85,171
2010-02-06,2,Today Was A Fairytale,Taylor Swift,2.0,2,171
1986-11-01,73,Control,Janet Jackson,73.0,73,171
2006-03-25,100,Something's Gotta Give,LeAnn Rimes,100.0,100,171
1973-03-03,86,Stuck In The Middle With You,Stealers Wheel,86.0,86,171
1975-04-26,99,I'm On Fire,Dwight Twilley Band,99.0,99,171
2014-10-11,53,Tonight Looks Good On You,Jason Aldean,96.0,53,171
1963-01-26,82,Days Of Wine And Roses,Henry Mancini And His Orchestra,82.0,82,171
1975-01-04,95,Poetry Man,Phoebe Snow,95.0,95,171
1984-11-03,38,The Wild Boys,Duran Duran,38.0,38,171
1978-03-11,82,On Broadway,George Benson,82.0,82,171
1987-05-23,78,The Pleasure Principle,Janet Jackson,78.0,78,171
1995-10-14,64,Incarcerated Scarfaces/Ice Cream,Raekwon,64.0,64,171
2001-02-03,80,If My Heart Had Wings,Faith Hill,80.0,80,171
2004-09-25,69,Hush,LL Cool J Featuring 7 Aurelius,69.0,69,171
1988-02-13,90,I Wish I Had A Girl,Henry Lee Summer,90.0,90,171
1965-04-03,87,Wooly Bully,Sam The Sham and the Pharaohs,87.0,87,171
1989-05-20,83,Hey Baby,Henry Lee Summer,83.0,83,171
2008-11-15,86,One More Drink,Ludacris Co-Starring T-Pain,86.0,86,171
2010-02-27,43,Solo,Iyaz,43.0,43,171
1978-09-23,79,Straight On,Heart,79.0,79,171
1998-12-05,12,Lullaby,Shawn Mullins,12.0,12,171
1974-05-25,83,Rock The Boat,The Hues Corporation,83.0,83,171
1975-02-15,97,Shoeshine Boy,Eddie Kendricks,97.0,97,171
1992-01-18,87,Oochie Coochie,M.C. Brains,87.0,87,171
1988-12-17,61,She Wants To Dance With Me,Rick Astley,61.0,61,171
1958-10-20,86,Lonesome Town,Ricky Nelson,86.0,86,171
2003-12-13,96,Long Black Train,Josh Turner,96.0,96,171
1989-06-24,88,Talk It Over,Grayson Hugh,88.0,88,171
2004-08-21,75,Call My Name,Prince,75.0,75,171
2004-04-24,99,Jook Gal (Wine Wine),Elephant Man,99.0,99,171
1988-04-16,62,Together Forever,Rick Astley,62.0,62,171
2010-07-17,97,All Over Me,Josh Turner,97.0,97,171
1994-10-22,93,The Most Beautifullest Thing In This World,Keith Murray,93.0,93,171
1988-12-24,87,I Beg Your Pardon,Kon Kan,87.0,87,171
1978-04-22,69,Take A Chance On Me,ABBA,69.0,69,171
1979-11-03,51,Send One Your Love,Stevie Wonder,51.0,51,171
2014-03-29,99,Move That Doh,"Future Featuring Pharrell, Pusha T & Casino",99.0,99,171
1973-12-01,90,Showdown,Electric Light Orchestra,90.0,90,171
1978-04-01,90,Dance Across The Floor,"Jimmy ""Bo"" Horne",90.0,90,171
1976-10-23,88,Livin' Thing,Electric Light Orchestra,88.0,88,171
2011-02-26,99,Bleed Red,Ronnie Dunn,99.0,99,171
1970-10-03,90,If You Were Mine,Ray Charles,90.0,90,171
1983-09-03,74,Delirious,Prince,74.0,74,171
1995-03-04,84,Mr. Personality,Gillette,84.0,84,171
2021-07-10,11,You Right,Doja Cat & The Weeknd,11.0,11,171
1972-07-01,88,Go All The Way,Raspberries,88.0,88,171
2020-06-13,92,Like That,Doja Cat Featuring Gucci Mane,92.0,92,171
2009-04-04,91,Boyfriend #2,Pleasure P,91.0,91,171
2003-11-01,80,Stunt 101,G Unit,80.0,80,171
1980-01-26,89,Special Lady,"Ray, Goodman & Brown",89.0,89,171
2004-02-14,62,Wanna Get To Know You,G-Unit Featuring Joe,62.0,62,171
1972-06-17,88,Alone Again (Naturally),Gilbert O'Sullivan,88.0,88,171
1989-11-04,43,Another Day In Paradise,Phil Collins,43.0,43,171
1979-03-17,86,Disco Nights (Rock-Freak),G.Q.,86.0,86,171
2016-11-26,14,Used To This,Future Featuring Drake,14.0,14,171
1995-08-12,56,Molly (Sixteen Candles),Sponge,56.0,56,171
2001-02-17,73,Who's That Girl?,Eve,73.0,73,171
1982-01-16,72,That Girl,Stevie Wonder,72.0,72,171
1960-10-24,76,Sailor (Your Home Is The Sea),Lolita,76.0,76,171
2014-06-07,47,Pills N Potions,Nicki Minaj,47.0,47,171
1981-07-25,76,The Beach Boys Medley,The Beach Boys,76.0,76,171
2014-10-25,97,L.A.LOVE (la la),Fergie,97.0,97,171
2011-08-13,91,Cheers (Drink To That),Rihanna,91.0,91,171
1987-04-04,81,Lessons In Love,Level 42,81.0,81,171
1994-10-29,81,When We Dance,Sting,81.0,81,171
1987-08-15,90,Casanova,Levert,90.0,90,171
1987-10-10,59,We'll Be Together,Sting,59.0,59,171
1988-01-30,69,You Don't Know,Scarlett & Black,69.0,69,171
1995-05-06,96,Freak Me Baby,"Dis `N' Dat Feat. 95 South,69 Boyz & K-Nock",96.0,96,171
2009-04-25,80,Unstoppable,Rascal Flatts,92.0,80,171
1977-12-03,83,What's Your Name,Lynyrd Skynyrd,83.0,83,171
2020-11-28,31,Drankin N Smokin,Future & Lil Uzi Vert,31.0,31,171
1975-07-26,82,It Only Takes A Minute,Tavares,82.0,82,171
1990-04-14,74,"Baby, It's Tonight",Jude Cole,74.0,74,171
1985-06-08,44,If You Love Somebody Set Them Free,Sting,44.0,44,171
1989-09-16,62,Cover Girl,New Kids On The Block,62.0,62,171
1989-06-17,53,"Batdance (From ""Batman"")",Prince,53.0,53,171
2001-08-25,65,Every Other Time,LFO,65.0,65,171
1987-01-17,79,As We Lay,Shirley Murdock,79.0,79,171
1991-03-09,78,I Touch Myself,Divinyls,78.0,78,171
1982-01-16,57,Open Arms,Journey,57.0,57,171
1995-06-24,75,Feels So Good,Xscape,75.0,75,171
1996-09-28,73,Floatin' On Your Love,The Isley Brothers Featuring Angela Winbush,73.0,73,171
2001-03-17,75,If I Fall You're Going Down With Me,Dixie Chicks,75.0,75,171
2006-08-12,91,Need A Boss,Shareefa Featuring Ludacris,91.0,91,171
2019-04-27,81,Love Ain't,Eli Young Band,81.0,81,171
1999-07-24,83,Ready To Run,Dixie Chicks,83.0,83,171
1998-03-21,27,Do For Love,2Pac Featuring Eric Williams,27.0,27,171
1975-06-21,79,Fight The Power Part 1,The Isley Brothers,79.0,79,171
1991-04-27,63,Power Of Love/Love Power,Luther Vandross,63.0,63,171
1973-12-22,98,Trying To Hold On To My Woman,Lamont Dozier,98.0,98,171
1974-05-04,99,Finally Got Myself Together (I'm A Changed Man),The Impressions,99.0,99,171
1986-12-06,51,Open Your Heart,Madonna,51.0,51,171
1959-12-28,87,Handy Man,Jimmy Jones,87.0,87,171
1985-02-09,50,One More Night,Phil Collins,50.0,50,171
2013-10-19,71,Tennis Court,Lorde,71.0,71,171
1982-06-26,79,Love Is In Control (Finger On The Trigger),Donna Summer,79.0,79,171
1975-12-06,55,Love To Love You Baby,Donna Summer,55.0,55,171
1989-01-14,88,The Love In Your Eyes,Eddie Money,88.0,88,171
2004-04-10,78,Lying From You,Linkin Park,78.0,78,171
1995-07-08,92,Can't Cry Anymore,Sheryl Crow,92.0,92,171
2008-10-18,99,In Color,Jamey Johnson,99.0,99,171
1988-07-09,89,Spring Love (Come Back To Me),Stevie B,89.0,89,171
1959-03-16,84,Sorry (I Ran All The Way Home),The Impalas,84.0,84,171
2013-09-21,29,The Fox,Ylvis,29.0,29,171
1960-09-05,78,Save The Last Dance For Me,The Drifters,78.0,78,171
2005-09-03,98,Best I Ever Had,Gary Allan,98.0,98,171
1985-12-14,85,Day By Day,Hooters,85.0,85,171
2011-03-26,95,Without You,Keith Urban,95.0,95,171
1980-12-13,90,Ah! Leah!,Donnie Iris,90.0,90,171
1981-08-01,71,I Could Never Miss You (More Than I Do),Lulu,71.0,71,171
2011-12-24,91,You Gonna Fly,Keith Urban,91.0,91,171
2006-11-18,40,Wind It Up,Gwen Stefani,40.0,40,171
1992-11-07,94,Baby I'm For Real/Natural High,After 7,94.0,94,171
1998-02-21,26,Are You Jimmy Ray?,Jimmy Ray,26.0,26,171
2010-12-25,95,Fall For Your Type,Jamie Foxx Featuring Drake,95.0,95,171
1959-07-27,95,Sleep Walk,Santo & Johnny,95.0,95,171
1988-11-19,47,Two Hearts,Phil Collins,47.0,47,171
1979-09-08,70,You Decorated My Life,Kenny Rogers,70.0,70,171
2008-12-27,75,Just Like Me,Jamie Foxx Featuring T.I.,75.0,75,171
1991-06-15,59,Fading Like A Flower (Every Time You Leave),Roxette,59.0,59,171
1989-05-27,80,Dressed For Success,Roxette,80.0,80,171
1991-02-02,96,Rico Suave,Gerardo,96.0,96,171
1989-10-07,91,The Last Worthless Evening,Don Henley,91.0,91,171
2014-02-15,74,Cop Car,Keith Urban,74.0,74,171
1995-02-11,89,Rodeo,95 South,89.0,89,171
1998-05-09,52,Push It,Garbage,52.0,52,171
1994-12-10,95,Always And Forever,Luther Vandross,95.0,95,171
1979-06-23,81,The Devil Went Down To Georgia,The Charlie Daniels Band,81.0,81,171
1985-11-16,66,Talk To Me,Stevie Nicks,66.0,66,171
1978-11-11,75,Every 1's A Winner,Hot Chocolate,75.0,75,171
2012-06-16,97,For You,Keith Urban,97.0,97,171
1989-06-24,62,The End Of The Innocence,Don Henley,62.0,62,171
1997-03-15,76,"Too Late, Too Soon",Jon Secada,76.0,76,171
1972-07-08,89,Popcorn,Hot Butter,89.0,89,171
1983-12-10,86,Yah Mo B There,James Ingram With Michael McDonald,86.0,86,171
1959-07-20,98,Makin' Love,Floyd Robinson,98.0,98,171
1981-01-24,37,Crying,Don McLean,37.0,37,171
1989-10-21,61,With Every Beat Of My Heart,Taylor Dayne,61.0,61,171
1994-02-19,81,"Hey D.J. (From ""Mi Vida Loca"")",Lighter Shade Of Brown,81.0,81,171
1985-07-20,46,Don't Lose My Number,Phil Collins,46.0,46,171
2017-07-22,89,Heartache On The Dance Floor,Jon Pardi,89.0,89,171
1972-12-16,98,Last Song,Edward Bear,98.0,98,171
2000-04-15,57,Wobble Wobble,504 Boyz,57.0,57,171
2020-09-12,99,Ain't Always The Cowboy,Jon Pardi,99.0,99,171
1987-01-24,83,The Final Countdown,Europe,83.0,83,171
1990-05-05,56,I'll Be Your Shelter,Taylor Dayne,56.0,56,171
1989-04-08,66,Patience,Guns N' Roses,66.0,66,171
2011-07-30,89,Long Hot Summer,Keith Urban,89.0,89,171
1983-01-29,36,We've Got Tonight,Kenny Rogers And Sheena Easton,36.0,36,171
1988-02-20,73,Prove Your Love,Taylor Dayne,73.0,73,171
1987-02-14,93,Serious,Donna Allen,93.0,93,171
1992-01-04,78,Stay,Jodeci,78.0,78,171
1967-10-07,94,Boogaloo Down Broadway,The Fantastic Johnny C,94.0,94,171
1984-03-24,59,The Longest Time,Billy Joel,59.0,59,171
1972-04-15,96,Changes,David Bowie,96.0,96,171
1998-03-14,43,A Rose Is Still A Rose,Aretha Franklin,43.0,43,171
1985-10-05,52,One Of The Living,Tina Turner,52.0,52,171
1982-04-17,68,Heat Of The Moment,Asia,68.0,68,171
2015-10-24,83,Back Up,DeJ Loaf Featuring Big Sean,83.0,83,171
2018-03-24,54,Zombie,Bad Wolves,54.0,54,171
2021-07-10,78,Beggin',Maneskin,78.0,78,171
1983-06-04,74,China Girl,David Bowie,74.0,74,171
1980-07-12,76,You're The Only Woman (You & I),Ambrosia,76.0,76,171
2017-07-08,51,Feels,"Calvin Harris Featuring Pharrell Williams, Katy Perry & Big Sean",51.0,51,171
1984-09-15,54,Blue Jean,David Bowie,54.0,54,171
1985-01-12,95,Rain Forest,Paul Hardcastle,95.0,95,171
1972-08-05,100,Nights In White Satin,The Moody Blues,100.0,100,171
1994-03-19,99,You,Candlebox,99.0,99,171
1974-09-28,90,I Can Help,Billy Swan,90.0,90,171
1985-06-01,88,You Spin Me Round (Like A Record),Dead Or Alive,88.0,88,171
2004-05-22,61,Everytime,Britney Spears,61.0,61,171
1960-10-03,86,Stay,Maurice Williams & The Zodiacs,86.0,86,171
1994-10-15,79,Fa All Y'all,Da Brat,79.0,79,171
1974-09-28,94,When Will I See You Again,The Three Degrees,94.0,94,171
1990-03-03,68,How Can We Be Lovers,Michael Bolton,68.0,68,171
2018-03-17,99,I Lived It,Blake Shelton,99.0,99,171
2015-10-03,86,Gonna,Blake Shelton,86.0,86,171
1975-08-02,88,Brazil,The Ritchie Family,88.0,88,171
1971-06-26,80,Smiling Faces Sometimes,The Undisputed Truth,80.0,80,171
1959-01-26,92,It's Just A Matter Of Time,Brook Benton,92.0,92,171
1985-07-06,52,We Don't Need Another Hero (Thunderdome),Tina Turner,52.0,52,171
1974-06-22,81,Rock Me Gently,Andy Kim,81.0,81,171
1990-12-15,93,Deeper Shade Of Soul,Urban Dance Squad,93.0,93,171
1995-04-15,77,Give It 2 You,Da Brat,77.0,77,171
1975-08-23,87,I Only Have Eyes For You,Art Garfunkel,87.0,87,171
2000-02-26,93,That's What I'm Looking For,Da Brat,93.0,93,171
1996-06-01,88,"It's All The Way Live (Now) (From ""Eddie"")",Coolio,88.0,88,171
1985-01-19,58,Private Dancer,Tina Turner,58.0,58,171
1988-02-27,47,Where Do Broken Hearts Go,Whitney Houston,47.0,47,171
1991-04-06,87,Strike It Up,Black Box,87.0,87,171
1959-09-14,89,(Seven Little Girls) Sitting In The Back Seat,Paul Evans and the Curls,89.0,89,171
1987-03-21,64,With or Without You,U2,64.0,64,171
1990-11-03,68,For You,The Outfield,68.0,68,171
1968-01-06,99,Love Is Blue (L'amour Est Bleu),Paul Mauriat And His Orchestra,99.0,99,171
1975-07-19,89,Dance With Me,Orleans,89.0,89,171
1997-04-26,30,Staring At The Sun,U2,30.0,30,171
1992-03-14,71,Take Time,Chris Walker,71.0,71,171
1986-08-09,71,A Matter Of Trust,Billy Joel,71.0,71,171
1959-12-21,100,Teen Angel,Mark Dinning,100.0,100,171
2011-06-18,29,Every Teardrop Is A Waterfall,Coldplay,29.0,29,171
1983-04-16,59,Time (Clock Of The Heart),Culture Club,59.0,59,171
2011-04-02,92,Far Away,Marsha Ambrosius,92.0,92,171
1986-10-04,69,To Be A Lover,Billy Idol,69.0,69,171
1978-12-02,78,Got To Be Real,Cheryl Lynn,78.0,78,171
2009-11-07,61,Southern Voice,Tim McGraw,61.0,61,171
1989-06-03,94,Headed For A Heartbreak,Winger,94.0,94,171
2015-10-03,85,Blase,Ty Dolla $ign Featuring Future & Rae Sremmurd,85.0,85,171
1989-10-21,90,Just Like Jesse James,Cher,90.0,90,171
1977-04-30,71,Jet Airliner,The Steve Miller Band,71.0,71,171
1975-06-28,81,Could It Be Magic,Barry Manilow,81.0,81,171
2019-09-28,100,Remember You Young,Thomas Rhett,100.0,100,171
1983-12-17,51,An Innocent Man,Billy Joel,51.0,51,171
1987-12-12,60,What Have I Done To Deserve This?,Pet Shop Boys & Dusty Springfield,60.0,60,171
2003-09-27,89,Knock Knock,Monica,89.0,89,171
2016-10-01,89,Sleep Without You,Brett Young,89.0,89,171
1977-09-03,84,Dusic,Brick,84.0,84,171
1973-09-22,75,Space Race,Billy Preston,75.0,75,171
1988-05-07,77,Mercedes Boy,Pebbles,77.0,77,171
1974-07-13,70,Nothing From Nothing,Billy Preston,70.0,70,171
1976-07-31,69,Still The One,Orleans,69.0,69,171
2009-12-19,98,If We Ever Meet Again,Timbaland Featuring Katy Perry,96.0,98,171
1985-03-16,57,Some Like It Hot,The Power Station,57.0,57,171
1985-11-30,55,I'm Your Man,Wham!,55.0,55,171
1991-03-09,60,Written All Over Your Face,The Rude Boys,60.0,60,171
1996-11-09,89,Hero Of The Day,Metallica,89.0,89,171
1970-08-22,100,As The Years Go By,Mashmakhan,100.0,100,171
2010-02-27,82,Everything To Me,Monica,82.0,82,171
1983-07-30,38,Tell Her About It,Billy Joel,38.0,38,171
2007-12-15,99,International Harvester,Craig Morgan,99.0,99,171
1974-10-12,94,Kung Fu Fighting,Carl Douglas,94.0,94,171
2012-06-30,89,Over,Blake Shelton,89.0,89,171
1979-12-22,76,Heartbreaker,Pat Benatar,76.0,76,171
1970-11-21,90,Knock Three Times,Dawn,90.0,90,171
1993-04-10,44,Who Is It,Michael Jackson,44.0,44,171
2000-12-02,73,Babylon,David Gray,73.0,73,171
1974-10-12,98,Ride 'em Cowboy,Paul Davis,98.0,98,171
2004-10-09,67,Balla Baby,Chingy,67.0,67,171
1978-05-13,73,Still The Same,Bob Seger & The Silver Bullet Band,73.0,73,171
1985-06-01,48,Glory Days,Bruce Springsteen,48.0,48,171
1980-11-08,30,Hungry Heart,Bruce Springsteen,30.0,30,171
1971-04-10,90,Treat Her Like A Lady,Cornelius Brothers & Sister Rose,90.0,90,171
1987-05-23,52,"Shakedown (From ""Beverly Hills Cop II"")",Bob Seger,52.0,52,171
2007-09-22,94,Fall,Clay Walker,94.0,94,171
1989-12-02,95,What Kind Of Man Would I Be?,Chicago,95.0,95,171
1980-12-13,75,Same Old Lang Syne,Dan Fogelberg,75.0,75,171
2004-05-08,74,Loco,David Lee Murphy,74.0,74,171
1973-04-14,90,I'm Gonna Love You Just A Little More Baby,Barry White,90.0,90,171
1992-04-18,90,Helluva,Brotherhood Creed,90.0,90,171
1975-08-09,84,Give It What You Got/Peace Pipe,B.T. Express,84.0,84,171
1981-02-07,78,Don't Stand So Close To Me,The Police,78.0,78,171
1984-08-11,52,Cover Me,Bruce Springsteen,52.0,52,171
1973-10-27,99,"Never, Never Gonna Give Ya Up",Barry White,99.0,99,171
1977-10-15,90,Sentimental Lady,Bob Welch,90.0,90,171
1985-03-23,21,We Are The World,USA For Africa,21.0,21,171
1974-09-28,60,Do It ('til You're Satisfied),B.T. Express,60.0,60,171
1979-11-17,71,Don't Do Me Like That,Tom Petty And The Heartbreakers,71.0,71,171
1985-10-12,84,To Live And Die In L.A.,Wang Chung,84.0,84,171
2010-10-23,94,Memories,David Guetta Featuring Kid Cudi,94.0,94,171
2001-09-29,79,What Am I Gonna Do,Tyrese,79.0,79,171
1987-01-17,69,Mandolin Rain,Bruce Hornsby & The Range,69.0,69,171
2016-10-22,97,Fresh Eyes,Andy Grammer,97.0,97,171
2014-01-18,96,19 You + Me,Dan + Shay,96.0,96,171
1987-11-21,44,The Way You Make Me Feel,Michael Jackson,44.0,44,171
1996-08-17,78,Ascension (Don't Ever Wonder),Maxwell,78.0,78,171
2020-05-23,1,Stuck With U,Ariana Grande & Justin Bieber,1.0,1,171
1987-01-24,74,Let's Go!,Wang Chung,74.0,74,171
1982-11-13,58,You Got Lucky,Tom Petty And The Heartbreakers,58.0,58,171
1975-08-09,82,They Just Can't Stop It the (Games People Play),The Spinners,82.0,82,171
2010-02-20,18,Glitter In The Air,P!nk,18.0,18,171
1978-10-14,70,(Our Love) Don't Throw It All Away,Andy Gibb,70.0,70,171
1974-05-04,89,Be Thankful For What You Got,William DeVaughn,89.0,89,171
1970-07-25,97,Candida,Dawn,97.0,97,171
1996-06-29,96,Blackberry Molasses,Mista,96.0,96,171
1990-02-17,51,I'll Be Your Everything,Tommy Page,51.0,51,171
1998-08-01,44,Intergalactic,Beastie Boys,44.0,44,171
2010-12-25,89,No BS,Chris Brown,89.0,89,171
1960-07-18,88,Walk -- Don't Run,The Ventures,88.0,88,171
1984-07-21,76,Cruel Summer,Bananarama,76.0,76,171
2002-04-27,73,Gots Ta Be,B2K,73.0,73,171
1995-05-13,98,When You Say Nothing At All,Alison Krauss + Union Station,98.0,98,171
1988-10-29,95,Wild World,Maxi Priest,95.0,95,171
2008-10-25,96,"You're Gonna Go Far, Kid",The Offspring,96.0,96,171
2003-12-06,77,Gangsta Nation,Westside Connection Featuring Nate Dogg,77.0,77,171
2014-04-12,98,Whiskey In My Water,Tyler Farr,98.0,98,171
1988-05-14,92,Love Changes (Everything),Climie Fisher,92.0,92,171
2011-05-14,100,Never Gonna Leave This Bed,Maroon 5,100.0,100,171
1991-07-13,59,"Time, Love And Tenderness",Michael Bolton,59.0,59,171
2002-08-24,69,Ordinary Day,Vanessa Carlton,69.0,69,171
1989-03-04,60,Funky Cold Medina,Tone-Loc,60.0,60,171
1979-04-28,80,Ain't No Stoppin' Us Now,McFadden & Whitehead,80.0,80,171
1978-07-29,83,Talking In Your Sleep,Crystal Gayle,83.0,83,171
2013-10-26,42,Adore You,Miley Cyrus,42.0,42,171
1981-01-17,68,Treat Me Right,Pat Benatar,68.0,68,171
2018-04-14,4,Call Out My Name,The Weeknd,4.0,4,171
2010-04-17,99,She Won't Be Lonely Long,Clay Walker,99.0,99,171
1998-08-01,84,26 Cents,The Wilkinsons,84.0,84,171
1986-12-20,86,(You Gotta) Fight For Your Right (To Party!),Beastie Boys,86.0,86,171
1998-02-07,95,Then What?,Clay Walker,95.0,95,171
2007-02-10,100,Buddy,Musiq Soulchild,100.0,100,171
2015-09-19,60,Acquainted,The Weeknd,60.0,60,171
1982-12-11,80,Pass The Dutchie,Musical Youth,80.0,80,171
1985-03-23,95,Forever Young,Alphaville,95.0,95,171
1974-08-24,89,Tin Man,America,89.0,89,171
1971-09-18,87,"One Tin Soldier, The Legend of Billy Jack",Coven,87.0,87,171
1992-02-08,96,Can't Cry Hard Enough,The Williams Brothers,96.0,96,171
2016-10-15,92,Song For Another Time,Old Dominion,92.0,92,171
2012-03-10,11,So Good,B.o.B,11.0,11,171
1982-11-06,45,The Girl Is Mine,Michael Jackson And Paul McCartney,45.0,45,171
1977-06-18,82,Smoke From A Distant Fire,The Sanford/Townsend Band,82.0,82,171
1975-01-18,80,Lovin' You,Minnie Riperton,80.0,80,171
1971-10-30,87,Brand New Key,Melanie,87.0,87,171
2002-08-31,95,Oh Yeah!,"Big Tymers Featuring Tateeze, Boo & Gotti",95.0,95,171
2003-12-20,99,Neva Eva,Trillville,99.0,99,171
1991-06-15,85,Summertime,D.J. Jazzy Jeff & The Fresh Prince,85.0,85,171
1988-11-19,65,Armageddon It,Def Leppard,65.0,65,171
1991-11-16,92,In My Dreams,The Party,92.0,92,171
1989-09-30,78,Leave A Light On,Belinda Carlisle,78.0,78,171
1968-04-06,96,I Love You,People,96.0,96,171
1978-06-03,70,Love Will Find A Way,Pablo Cruise,70.0,70,171
1958-12-08,57,My Happiness,Connie Francis,57.0,57,171
2015-05-16,97,One Hell Of An Amen,Brantley Gilbert,97.0,97,171
1998-07-11,54,Nobody Does It Better,Nate Dogg Featuring Warren G,54.0,54,171
2014-10-04,73,No Love,August Alsina,73.0,73,171
1984-07-21,52,She Bop,Cyndi Lauper,52.0,52,171
2004-03-20,72,My Band,D12,72.0,72,171
1970-10-31,95,Stoney End,Barbra Streisand,95.0,95,171
2007-04-14,95,Forever,Papa Roach,95.0,95,171
2007-04-14,82,I Tried,Bone Thugs-N-Harmony Featuring Akon,82.0,82,171
1978-04-08,82,Because The Night,Patti Smith Group,82.0,82,171
1980-05-17,85,Stand By Me,Mickey Gilley,85.0,85,171
1992-03-21,76,Come As You Are,Nirvana,76.0,76,171
1990-02-24,90,Whip Appeal,Babyface,90.0,90,171
1959-10-26,91,First Name Initial,Annette With The Afterbeats,91.0,91,171
1973-04-14,73,My Love,Paul McCartney And Wings,73.0,73,171
1962-01-06,95,Let Me In,The Sensations,95.0,95,171
2008-10-18,7,Keeps Gettin' Better,Christina Aguilera,7.0,7,171
1989-02-18,88,Room To Move,Animotion,88.0,88,171
1987-07-25,87,Jump Start,Natalie Cole,87.0,87,171
2005-12-03,96,Gotta Go,Trey Songz,96.0,96,171
1986-09-27,51,Amanda,Boston,51.0,51,171
1983-11-05,49,Twist Of Fate,Olivia Newton-John,49.0,49,171
2015-03-28,99,Little Toy Guns,Carrie Underwood,90.0,99,171
2002-01-26,42,What About Us?,Brandy,42.0,42,171
1960-05-09,52,Everybody's Somebody's Fool,Connie Francis,52.0,52,171
2019-12-07,33,Vete,Bad Bunny,33.0,33,171
2002-07-13,95,In Da Wind,Trick Daddy Featuring Cee-Lo & Big Boi,95.0,95,171
1985-07-13,62,Dare Me,The Pointer Sisters,62.0,62,171
1992-04-11,27,Let's Get Rocked,Def Leppard,27.0,27,171
2010-11-06,78,Whip My Hair,WILLOW,78.0,78,171
2011-10-22,95,Party,Beyonce Featuring Andre 3000,95.0,95,171
2018-08-18,25,Yosemite,Travis Scott,25.0,25,171
1962-03-03,77,Mashed Potato Time,Dee Dee Sharp,77.0,77,171
1989-09-09,77,Talk To Myself,Christopher Williams,77.0,77,171
1959-08-31,67,Put Your Head On My Shoulder,Paul Anka,67.0,67,171
1997-02-08,66,Please Don't Go,No Mercy,66.0,66,171
1962-12-08,94,Cast Your Fate To The Wind,Vince Guaraldi Trio,94.0,94,171
1968-11-09,94,Hang 'Em High,Booker T. & The MG's,94.0,94,171
2012-07-07,86,Amen,Meek Mill Featuring Drake,86.0,86,171
2007-03-31,94,Beautiful Liar,Beyonce & Shakira,94.0,94,171
1990-11-17,61,I'm Not In Love,Will To Power,61.0,61,171
1979-03-17,67,In The Navy,Village People,67.0,67,171
2008-09-27,83,Right Here (Departed),Brandy,83.0,83,171
1973-10-20,80,Rockin' Roll Baby,The Stylistics,80.0,80,171
2009-02-28,92,I Told You So,Carrie Underwood Featuring Randy Travis,92.0,92,171
1977-04-16,50,Got To Give It Up (Pt. I),Marvin Gaye,50.0,50,171
1987-03-21,92,Fascinated,Company B,92.0,92,171
2020-07-11,28,Girls In The Hood,Megan Thee Stallion,28.0,28,171
1977-03-26,91,It Feels So Good To Be Loved So Bad,The Manhattans,91.0,91,171
1973-11-24,99,Last Kiss,Wednesday,99.0,99,171
2009-02-21,91,Show Me What I'm Looking For,Carolina Liar,87.0,91,171
2015-08-22,94,Let Me See Ya Girl,Cole Swindell,94.0,94,171
2020-03-28,91,Beer Can't Fix,Thomas Rhett Featuring Jon Pardi,91.0,91,171
1975-03-29,81,Love Won't Let Me Wait,Major Harris,81.0,81,171
1983-01-29,51,One On One,Daryl Hall John Oates,51.0,51,171
2001-04-28,79,Two People Fell In Love,Brad Paisley,79.0,79,171
2014-05-24,88,River Bank,Brad Paisley,88.0,88,171
1973-01-06,83,Danny's Song,Anne Murray,83.0,83,171
1978-04-15,89,You Belong To Me,Carly Simon,89.0,89,171
2008-04-19,98,Back When I Knew It All,Montgomery Gentry,98.0,98,171
2003-11-08,63,Breathe,Michelle Branch,63.0,63,171
1995-10-14,53,Throw Your Set In The Air,Cypress Hill,53.0,53,171
1986-11-29,93,Caught Up In The Rapture,Anita Baker,93.0,93,171
2005-07-02,89,Alcohol,Brad Paisley,89.0,89,171
1973-05-05,97,So Very Hard To Go,Tower Of Power,97.0,97,171
2014-10-18,13,Steal My Girl,One Direction,13.0,13,171
2017-04-29,100,Flatliner,Cole Swindell,98.0,100,171
2007-11-24,44,Get Buck In Here,"DJ Felli Fel Featuring Diddy, Akon, Ludacris & Lil Jon",44.0,44,171
1998-01-31,51,I Know Where It's At,All Saints,51.0,51,171
2003-10-11,76,I Can Only Imagine,MercyMe,76.0,76,171
2005-11-05,78,L.O.V.E.,Ashlee Simpson,76.0,78,171
1975-08-30,86,Blue Eyes Crying In The Rain,Willie Nelson,86.0,86,171
1998-08-15,90,I Can Do That,Montell Jordan,90.0,90,171
1983-10-29,30,Say It Isn't So,Daryl Hall John Oates,30.0,30,171
1997-04-26,88,Full Of Smoke,Christion,88.0,88,171
2015-01-03,95,Lonely Eyes,Chris Young,95.0,95,171
1984-06-02,62,Breakin'...there's No Stopping Us,Ollie And Jerry,62.0,62,171
1974-06-01,98,Please Come To Boston,Dave Loggins,98.0,98,171
2011-09-10,98,That Way,Wale Featuring Jeremih & Rick Ross,91.0,98,171
1999-05-15,85,Chante's Got A Man,Chante Moore,85.0,85,171
1984-10-13,48,No More Lonely Nights,Paul McCartney,48.0,48,171
1962-07-28,84,Alley Cat,Bent Fabric and His Piano,84.0,84,171
1998-04-04,94,I'm From The Country,Tracy Byrd,94.0,94,171
2008-03-22,88,The Way That I Love You,Ashanti,88.0,88,171
2011-09-03,95,I Got You,Thompson Square,95.0,95,171
1995-11-04,89,Cruisin',D'Angelo,89.0,89,171
2007-08-25,45,If You're Reading This,Tim McGraw,45.0,45,171
2019-08-03,52,China,"Anuel AA, Daddy Yankee, Karol G, Ozuna & J Balvin",52.0,52,171
2002-10-12,99,Rock The Party,Benzino,99.0,99,171
2012-12-01,41,Little Things,One Direction,41.0,41,171
1985-07-27,43,Freedom,Wham!,43.0,43,171
1992-09-26,24,"Forever Love (From ""Mo' Money"")",Color Me Badd,24.0,24,171
1986-06-28,42,Papa Don't Preach,Madonna,42.0,42,171
2016-02-20,85,Youth,Troye Sivan,85.0,85,171
2004-06-19,71,Whiskey Lullaby,Brad Paisley Featuring Alison Krauss,71.0,71,171
2006-11-18,92,Upgrade U,Beyonce Featuring Jay Z,92.0,92,171
1986-01-18,82,Night Moves,Marilyn Martin,82.0,82,171
1989-08-12,84,It's No Crime,Babyface,84.0,84,171
1959-10-12,73,Oh! Carol,Neil Sedaka,73.0,73,171
1997-02-15,88,The Theme (It's Party Time),Tracey Lee,88.0,88,171
2005-03-26,100,Be Yourself,Audioslave,100.0,100,171
1975-02-01,99,(Hey Won't You Play) Another Somebody Done Somebody Wrong Song,B.J. Thomas,99.0,99,171
1978-03-25,70,With A Little Luck,Wings,70.0,70,171
1974-04-20,68,Band On The Run,Paul McCartney And Wings,68.0,68,171
1959-09-28,75,Danny Boy,Conway Twitty,75.0,75,171
2017-12-09,96,No Smoke,YoungBoy Never Broke Again,80.0,96,168
2017-11-04,97,Mayores,Becky G Featuring Bad Bunny,83.0,97,162
2006-08-19,53,About Us,Brooke Hogan Featuring Paul Wall,53.0,53,153
1984-11-17,65,Jamie,Ray Parker Jr.,65.0,65,153
1991-04-27,66,Playground,Another Bad Creation,66.0,66,153
1985-05-25,55,Sentimental Street,Night Ranger,55.0,55,153
1989-05-27,87,In My Eyes,Stevie B,87.0,87,153
1995-06-17,5,Scream/Childhood,Michael Jackson & Janet Jackson,5.0,5,153
1982-09-18,69,Southern Cross,"Crosby, Stills & Nash",69.0,69,153
1975-02-08,88,Walking In Rhythm,The Blackbyrds,88.0,88,153
1988-03-19,64,I Don't Want To Live Without You,Foreigner,64.0,64,153
1973-11-10,77,Living For The City,Stevie Wonder,77.0,77,153
2002-05-11,72,Not A Day Goes By,Lonestar,72.0,72,153
1989-05-06,69,Good Thing,Fine Young Cannibals,69.0,69,153
2007-10-06,94,Freaky Gurl,Gucci Mane,94.0,94,153
1988-11-05,96,Put A Little Love In Your Heart,Annie Lennox & Al Green,96.0,96,153
1974-06-29,79,Hang On In There Baby,Johnny Bristol,79.0,79,153
1995-06-24,23,"Hold Me, Thrill Me, Kiss Me, Kill Me",U2,23.0,23,153
1976-12-04,40,I Wish,Stevie Wonder,40.0,40,153
2003-10-11,59,Stacy's Mom,Fountains Of Wayne,59.0,59,153
1971-03-13,58,Joy To The World,Three Dog Night,58.0,58,153
1961-01-23,94,Apache,Jorgen Ingmann & His Guitar,94.0,94,153
1990-02-03,71,I Wish It Would Rain Down,Phil Collins,71.0,71,153
2010-12-04,49,Kush,Dr. Dre Featuring Snoop Dogg & Akon,49.0,49,153
1985-11-23,67,Go Home,Stevie Wonder,67.0,67,153
2015-09-12,96,Liquor,Chris Brown,87.0,96,153
1974-11-16,62,Boogie On Reggae Woman,Stevie Wonder,62.0,62,153
1981-05-30,89,In The Air Tonight,Phil Collins,89.0,89,153
1961-07-10,100,Michael,The Highwaymen,100.0,100,153
1977-05-21,52,My Heart Belongs To Me,Barbra Streisand,52.0,52,153
1978-07-01,52,Hot Blooded,Foreigner,52.0,52,153
1978-10-14,88,Instant Replay,Dan Hartman,88.0,88,153
1989-01-14,85,Paradise City,Guns N' Roses,85.0,85,153
1974-06-15,98,The Night Chicago Died,Paper Lace,98.0,98,153
2005-07-02,92,Play Something Country,Brooks & Dunn,92.0,92,153
1984-10-06,81,We Are The Young,Dan Hartman,81.0,81,153
1988-10-22,58,Welcome To The Jungle,Guns N' Roses,58.0,58,153
1959-08-03,66,Red River Rock,Johnny And The Hurricanes,66.0,66,153
1975-11-01,70,I Love Music (Part 1),The O'Jays,70.0,70,153
1985-11-23,59,Spies Like Us,Paul McCartney,59.0,59,153
1972-11-18,98,Do It Again,Steely Dan,98.0,98,153
1981-06-20,85,Love On A Two Way Street,Stacy Lattisaw,85.0,85,153
2008-11-22,91,Rehab,Rihanna,91.0,91,153
1983-03-19,65,Solitaire,Laura Branigan,65.0,65,153
1998-12-05,66,Sweetest Thing,U2,66.0,66,153
2007-12-29,93,crushcrushcrush,Paramore,93.0,93,153
2021-07-17,91,I Was On A Boat That Day,Old Dominion,91.0,91,153
2007-01-20,99,Candyman,Christina Aguilera,90.0,99,153
2008-09-27,98,Bad Girlfriend,Theory Of A Deadman,90.0,98,153
2008-03-08,99,Te Quiero,Flex,99.0,99,153
1989-05-13,74,Crazy About Her,Rod Stewart,74.0,74,153
1974-07-20,74,Beach Baby,First Class,74.0,74,153
2008-03-15,100,Break The Ice,Britney Spears,100.0,100,153
2011-01-29,1,Hold It Against Me,Britney Spears,1.0,1,153
1975-11-22,82,Wake Up Everybody (Part 1),Harold Melvin And The Blue Notes,82.0,82,153
1972-09-30,86,If You Don't Know Me By Now,Harold Melvin And The Blue Notes,86.0,86,153
1967-09-09,74,To Sir With Love,Lulu,74.0,74,153
1975-03-22,88,Bad Luck (Part 1),Harold Melvin And The Blue Notes,88.0,88,153
1961-05-29,86,"I Like It Like That, Part 1",Chris Kenner,86.0,86,153
1959-01-05,78,Peter Gunn,Ray Anthony and His Orchestra,78.0,78,153
1976-03-06,89,Rhiannon (will You Ever Win),Fleetwood Mac,89.0,89,153
1976-05-15,84,The Boys Are Back In Town,Thin Lizzy,84.0,84,153
2021-01-09,88,Monsters,All Time Low Featuring Demi Lovato & blackbear,88.0,88,153
1960-10-24,67,A Thousand Stars,Kathy Young With The Innocents,67.0,67,153
1973-02-03,85,Peaceful,Helen Reddy,85.0,85,153
1977-07-02,86,Don't Worry Baby,B.J. Thomas,86.0,86,153
1990-02-03,72,Forever,KISS,72.0,72,153
1960-12-12,95,Calcutta,Lawrence Welk And His Orchestra,95.0,95,153
1978-03-11,79,This Time I'm In It For Love,Player,79.0,79,153
1979-08-18,88,"So Good, So Right",Brenda Russell,88.0,88,153
1974-10-19,60,Angie Baby,Helen Reddy,60.0,60,153
1978-05-06,70,The Groove Line,Heatwave,70.0,70,153
2018-11-24,96,Millionaire,Chris Stapleton,96.0,96,153
2020-02-08,96,Catch,Brett Young,96.0,96,153
1984-05-19,93,Romancing The Stone,Eddy Grant,93.0,93,153
2021-07-17,90,You Should Probably Leave,Chris Stapleton,90.0,90,153
1976-05-15,86,Tear The Roof Off The Sucker (Give Up The Funk),Parliament,86.0,86,153
2000-04-15,85,Best Of Me,Mya Featuring Jadakiss,85.0,85,153
1982-06-19,33,Hold Me,Fleetwood Mac,33.0,33,153
2004-08-07,69,Here For The Party,Gretchen Wilson,69.0,69,153
1962-11-10,100,Go Away Little Girl,Steve Lawrence,100.0,100,153
1994-01-08,65,Always On My Mind,SWV,65.0,65,153
2001-05-26,76,Wait A Minute,Ray J Featuring Lil' Kim,76.0,76,153
2021-01-16,79,Long Live,Florida Georgia Line,79.0,79,153
2019-11-09,93,What She Wants Tonight,Luke Bryan,86.0,93,153
2021-07-03,90,Waves,Luke Bryan,90.0,90,153
1972-10-07,99,I Just Want To Make Love To You,Foghat,99.0,99,153
1987-06-13,51,I Still Haven't Found What I'm Looking For,U2,51.0,51,153
1970-06-13,96,Make It With You,Bread,96.0,96,153
1985-07-06,61,Invincible (Theme From The Legend Of Billie Jean),Pat Benatar,61.0,61,153
1975-12-13,77,Slow Ride,Foghat,77.0,77,153
2015-09-19,97,New Americana,Halsey,97.0,97,153
1982-05-15,89,Love Plus One,Haircut One Hundred,89.0,89,153
1987-05-16,87,Kiss Him Goodbye,The Nylons,87.0,87,153
1984-02-18,43,Adult Education,Daryl Hall John Oates,43.0,43,153
1991-02-16,77,Mercy Mercy Me (The Ecology)/I Want You,Robert Palmer,77.0,77,153
1979-06-09,85,Suspicions,Eddie Rabbitt,85.0,85,153
2017-05-20,87,Privacy,Chris Brown,87.0,87,153
1992-04-11,100,Why Me Baby?,Keith Sweat,100.0,100,153
2011-11-05,84,You The Boss,Rick Ross Featuring Nicki Minaj,84.0,84,153
2001-10-20,76,Fade,Staind,76.0,76,153
1960-08-08,59,Kiddio,Brook Benton,59.0,59,153
1980-01-12,86,On The Radio,Donna Summer,86.0,86,153
1988-11-26,71,Holding On,Steve Winwood,71.0,71,153
1989-04-22,88,This Time I Know It's For Real,Donna Summer,88.0,88,153
1990-12-08,66,Play That Funky Music,Vanilla Ice,66.0,66,153
1988-07-02,75,All Fired Up,Pat Benatar,75.0,75,153
1990-01-06,81,Sometimes She Cries,Warrant,81.0,81,153
1985-05-11,39,Sussudio,Phil Collins,39.0,39,153
2008-06-21,99,That's What You Get,Paramore,99.0,99,153
2000-12-09,74,Ashes By Now,Lee Ann Womack,74.0,74,153
1985-11-30,79,The Sun Always Shines on T.V.,a-ha,79.0,79,153
1992-12-05,96,Quality Time,Hi-Five,96.0,96,153
2019-05-25,73,Soltera,"Lunay, Daddy Yankee & Bad Bunny",73.0,73,153
2004-03-20,75,You Raise Me Up,Josh Groban,75.0,75,153
1988-08-20,61,Don't You Know What The Night Can Do?,Steve Winwood,61.0,61,153
2005-03-19,93,How Could You,Mario,93.0,93,153
1991-12-14,100,Move Any Mountain,The Shamen,100.0,100,153
2000-11-11,77,Rollin',Limp Bizkit,77.0,77,153
2000-06-10,91,I Will Love Again,Lara Fabian,91.0,91,153
1975-06-21,89,Fallin' In Love,"Hamilton, Joe Frank & Reynolds",89.0,89,153
2001-09-29,16,God Bless The USA,Lee Greenwood,16.0,16,153
1997-03-22,84,If Tomorrow Never Comes,Joose,84.0,84,153
1982-07-03,66,Think I'm In Love,Eddie Money,66.0,66,153
1986-11-01,97,Coming Around Again,Carly Simon,97.0,97,153
1961-04-10,71,Running Scared,Roy Orbison,71.0,71,153
1971-04-17,98,That's The Way I've Always Heard It Should Be,Carly Simon,98.0,98,153
1972-12-02,99,You're So Vain,Carly Simon,99.0,99,153
1997-07-19,47,Take It To The Streets,Rampage Featuring Billy Lawrence,47.0,47,153
1985-05-18,43,A View To A Kill,Duran Duran,43.0,43,153
2019-04-20,27,Cool,Jonas Brothers,27.0,27,153
1977-06-11,92,Black Betty,Ram Jam,92.0,92,153
1971-05-08,84,It's Too Late/I Feel The Earth Move,Carole King,84.0,84,153
1983-06-04,57,Is There Something I Should Know,Duran Duran,57.0,57,153
1980-05-17,73,One Fine Day,Carole King,73.0,73,153
2005-04-23,96,You'll Be There,George Strait,96.0,96,153
1986-11-01,56,Notorious,Duran Duran,56.0,56,153
2001-09-08,77,So Complicated,Carolyn Dawn Johnson,77.0,77,153
2009-06-27,92,Living For The Night,George Strait,92.0,92,153
1970-06-20,56,(They Long To Be) Close To You,Carpenters,56.0,56,153
1983-11-05,59,Union Of The Snake,Duran Duran,59.0,59,153
1975-05-10,90,Midnight Blue,Melissa Manchester,90.0,90,153
1974-11-23,77,Please Mr. Postman,Carpenters,77.0,77,153
1984-04-21,71,Modern Day Delilah,Van Stephenson,71.0,71,153
1988-01-16,49,Father Figure,George Michael,49.0,49,153
1970-09-12,84,We've Only Just Begun,Carpenters,84.0,84,153
1974-06-01,93,Rock Your Baby,George McCrae,93.0,93,153
1993-07-03,89,What's Up Doc? (Can We Rock),Fu-Schnickens W/ Shaquille O'Neal,89.0,89,153
2002-12-28,68,You Can't Hide Beautiful,Aaron Lines,68.0,68,153
2017-08-19,94,Every Little Thing,Carly Pearce,94.0,94,153
1960-04-18,94,Cathy's Clown,The Everly Brothers,94.0,94,153
1977-02-26,89,I Wanna Get Next To You,Rose Royce,89.0,89,153
1998-08-08,20,Daydreamin',Tatyana Ali,20.0,20,153
1959-12-07,93,Lucky Devil,"Carl Dobkins, Jr.",93.0,93,153
1958-08-04,18,Little Star,The Elegants,18.0,18,153
2006-10-14,98,Unappreciated,Cherish,98.0,98,153
2013-10-05,54,TKO,Justin Timberlake,54.0,54,153
2005-11-19,91,Fireman,Lil Wayne,91.0,91,153
1963-06-15,89,Denise,Randy & The Rainbows,89.0,89,153
1967-10-21,74,I Heard It Through The Grapevine,Gladys Knight And The Pips,74.0,74,153
1974-10-12,92,I Feel A Song (In My Heart)/Don't Burn Down The Bridge,Gladys Knight And The Pips,92.0,92,153
1968-05-18,99,Pictures Of Matchstick Men,The Status Quo,99.0,99,153
1993-06-05,88,ABC-123,Levert,88.0,88,153
1986-08-02,72,Heaven In Your Eyes,Loverboy,72.0,72,153
1974-02-16,77,Best Thing That Ever Happened To Me,Gladys Knight And The Pips,77.0,77,153
1958-08-11,42,Susie Darlin',Robin Luke,42.0,42,153
2008-11-15,100,Trading Places,Usher,100.0,100,153
2008-02-09,85,When You Look Me In The Eyes,Jonas Brothers,85.0,85,153
1971-08-21,79,Easy Loving,Freddie Hart,79.0,79,153
2020-03-14,69,Yo Perreo Sola,Bad Bunny,69.0,69,153
1988-03-05,67,Pink Cadillac,Natalie Cole,67.0,67,153
1968-08-17,98,Little Green Apples,O.C. Smith,98.0,98,153
1998-12-05,70,Take Me There,BLACKstreet & Mya Featuring Mase & Blinky Blink,70.0,70,153
1991-03-23,67,Silent Lucidity,Queensryche,67.0,67,153
2003-08-02,66,Senorita,Justin Timberlake,66.0,66,153
2016-05-28,90,Church Bells,Carrie Underwood,90.0,90,153
2006-05-06,98,Don't Forget To Remember Me,Carrie Underwood,98.0,98,153
2016-07-16,56,I Got The Keys,DJ Khaled Featuring Jay Z & Future,56.0,56,153
1978-01-21,82,Lady Love,Lou Rawls,82.0,82,153
1977-04-23,73,High School Dance,The Sylvers,73.0,73,153
1986-05-24,85,One Step Closer To You,Gavin Christopher,85.0,85,153
1981-07-04,80,Really Wanna Know You,Gary Wright,80.0,80,153
1999-02-20,89,Ordinary Life,Chad Brock,89.0,89,153
1969-03-08,89,Aquarius/Let The Sunshine In (The Flesh Failures),The 5th Dimension,89.0,89,153
1975-06-21,97,7-6-5-4-3-2-1 (Blow Your Whistle),Gary Toms Empire,97.0,97,153
1975-05-31,78,One Of These Nights,Eagles,78.0,78,153
1993-01-02,95,Murder She Wrote,Chaka Demus & Pliers,95.0,95,153
1986-03-29,60,Is It Love,Mr. Mister,60.0,60,153
2016-04-23,74,Wasted Time,Keith Urban,64.0,74,153
2003-04-26,69,Snake,R. Kelly Featuring Big Tigger,69.0,69,153
1989-11-18,85,Tender Lover,Babyface,85.0,85,153
2008-06-28,88,Magic,Robin Thicke,91.0,88,153
2009-02-28,55,I Love College,Asher Roth,55.0,55,153
1980-02-23,74,Pilot Of The Airwaves,Charlie Dore,74.0,74,153
1979-07-07,77,After The Love Has Gone,"Earth, Wind & Fire",77.0,77,153
1975-11-22,73,Sing A Song,"Earth, Wind & Fire",73.0,73,153
1970-04-11,64,Love Land,Charles Wright And The Watts 103rd Street Rhythm Band,64.0,64,153
1996-02-24,66,Lucky Love,Ace Of Base,66.0,66,153
1986-11-29,67,Change Of Heart,Cyndi Lauper,67.0,67,153
1964-08-08,95,We'll Sing In The Sunshine,Gale Garnett,95.0,95,153
1979-06-30,85,I Do Love You,GQ,85.0,85,153
1958-12-22,39,(All of a Sudden) My Heart Sings,Paul Anka,39.0,39,153
1993-05-01,93,Passin' Me By,The Pharcyde,93.0,93,153
2008-07-05,93,You Look Good In My Shirt,Keith Urban,93.0,93,153
1990-05-12,84,Bad Of The Heart,George LaMond,84.0,84,153
1992-11-21,95,Love Can Move Mountains,Celine Dion,95.0,95,153
1969-08-16,84,I Can't Get Next To You,The Temptations,84.0,84,153
1985-07-27,93,Tonight It's You,Cheap Trick,93.0,93,153
1970-04-25,89,Lay Down (Candles In The Rain),Melanie with The Edwin Hawkins Singers,89.0,89,153
1999-08-28,72,If I Could Turn Back The Hands Of Time,R. Kelly,72.0,72,153
1979-12-22,67,Daydream Believer,Anne Murray,67.0,67,153
2012-01-07,30,Safe & Sound,Taylor Swift Featuring The Civil Wars,30.0,30,153
1988-07-30,92,Don't Be Cruel,Cheap Trick,92.0,92,153
1974-03-16,88,Oh Very Young,Cat Stevens,88.0,88,153
1986-05-31,45,Invisible Touch,Genesis,45.0,45,153
1987-04-25,51,In Too Deep,Genesis,51.0,51,153
1958-10-13,70,I Got A Feeling,Ricky Nelson,70.0,70,153
1979-09-29,87,Damned If I Do,The Alan Parsons Project,87.0,87,153
2000-01-22,77,Untitled (How Does It Feel),D'Angelo,77.0,77,153
1975-12-13,86,Inseparable,Natalie Cole,86.0,86,153
2008-05-10,92,Get Silly,V.I.C.,92.0,92,153
2021-03-13,96,Nobody,Dylan Scott,96.0,96,153
2018-03-17,76,Powerglide,Rae Sremmurd & Juicy J,76.0,76,153
2015-07-04,73,Ghost Town,Adam Lambert,73.0,73,153
2013-09-28,75,Honest,Future,75.0,75,153
1979-09-22,76,Broken Hearted Me,Anne Murray,76.0,76,153
1974-09-21,65,You Ain't Seen Nothing Yet/Free Wheelin',Bachman-Turner Overdrive,65.0,65,153
2007-07-14,77,Potential Breakup Song,Aly & AJ,77.0,77,153
2012-06-30,91,She's So Mean,matchbox twenty,90.0,91,153
1973-12-15,94,Love Song,Anne Murray,94.0,94,153
1974-05-25,70,On And On,Gladys Knight And The Pips,70.0,70,153
1980-03-22,85,Wondering Where The Lions Are,Bruce Cockburn,85.0,85,153
1976-06-05,75,Rock And Roll Music,The Beach Boys,75.0,75,153
1999-03-20,96,Life,K-Ci & JoJo,96.0,96,153
2008-06-21,92,Mr. Carter,Lil Wayne Featuring Jay-Z,92.0,92,153
2016-08-06,96,"Wat U Mean (Aye, Aye, Aye)",Dae Dae,96.0,96,153
2016-12-17,31,Reminder,The Weeknd,31.0,31,153
1993-07-03,98,Believe,Lenny Kravitz,98.0,98,153
1974-11-02,89,Never Can Say Goodbye,Gloria Gaynor,89.0,89,153
1994-03-12,97,Comin' On Strong,Sudden Change,97.0,97,153
1987-05-30,66,Rhythm Is Gonna Get You,Gloria Estefan & Miami Sound Machine,66.0,66,153
2015-11-14,93,Dibs,Kelsea Ballerini,93.0,93,153
1993-03-20,67,Down With The King,Run-D.M.C.,67.0,67,153
1969-02-01,95,Do Your Thing,The Watts 103rd Street Rhythm Band,95.0,95,153
1993-02-20,76,I See Your Smile,Gloria Estefan,76.0,76,153
1989-09-30,65,Get On Your Feet,Gloria Estefan,65.0,65,153
1970-05-02,87,Them Changes,Buddy Miles & The Freedom Express,87.0,87,153
1969-11-15,99,One Tin Soldier,The Original Caste,99.0,99,153
1982-08-21,87,The One You Love,Glenn Frey,87.0,87,153
2011-09-17,16,Mirror,Lil Wayne Featuring Bruno Mars,16.0,16,153
2001-07-14,84,Area Codes,Ludacris Featuring Nate Dogg,84.0,84,153
2014-10-25,85,Perfect Storm,Brad Paisley,85.0,85,153
1980-05-10,81,Let Me Love You Tonight,Pure Prairie League,81.0,81,153
2008-10-18,94,Here,Rascal Flatts,94.0,94,153
2008-03-29,98,Every Day,Rascal Flatts,98.0,98,153
1991-07-13,68,Unforgettable,Natalie Cole,68.0,68,153
1974-12-14,95,Lady,Styx,95.0,95,153
1985-07-20,90,Cry,Godley & Creme,90.0,90,153
1960-02-01,97,Fannie Mae,Buster Brown,97.0,97,153
1973-02-24,92,Sail On Sailor,The Beach Boys,92.0,92,153
1975-08-09,89,S.O.S.,ABBA,89.0,89,153
2018-05-19,1,This Is America,Childish Gambino,1.0,1,153
1977-04-02,74,Sir Duke,Stevie Wonder,74.0,74,153
1980-02-16,53,Off The Wall,Michael Jackson,53.0,53,153
1984-11-10,52,Born In The USA,Bruce Springsteen,52.0,52,153
1971-07-31,97,Do You Know What I Mean,Lee Michaels,97.0,97,153
1973-03-17,76,You Are The Sunshine Of My Life,Stevie Wonder,76.0,76,153
1973-07-28,83,We're An American Band,Grand Funk,83.0,83,153
1988-02-06,48,Man In The Mirror,Michael Jackson,48.0,48,153
2007-05-12,28,Icky Thump,The White Stripes,28.0,28,153
2008-02-16,100,Psycho,Puddle Of Mudd,100.0,100,153
1967-11-11,90,Different Drum,Stone Poneys Featuring Linda Ronstadt,90.0,90,153
1989-01-21,65,You're Not Alone,Chicago,65.0,65,153
1981-10-24,85,I Wouldn't Have Missed It For The World,Ronnie Milsap,85.0,85,153
1980-01-19,72,Him,Rupert Holmes,72.0,72,153
1984-05-05,49,Stay The Night,Chicago,49.0,49,153
1996-01-20,90,Stayin' Alive,N-Trance,90.0,90,153
1970-11-14,92,We Gotta Get You A Woman,Runt,92.0,92,153
1962-08-11,85,Surfin' Safari,The Beach Boys,85.0,85,153
1974-06-01,76,Waterloo,ABBA,76.0,76,153
1985-02-02,59,Somebody,Bryan Adams,59.0,59,153
1985-06-29,55,Summer Of '69,Bryan Adams,55.0,55,153
2005-09-24,86,Skin (Sarabeth),Rascal Flatts,86.0,86,153
1970-08-15,92,Green-Eyed Lady,Sugarloaf,92.0,92,153
1980-09-27,86,Turning Japanese,The Vapors,86.0,86,153
2002-12-07,72,I Should Be...,Dru Hill,72.0,72,153
2015-05-23,93,The Night Is Still Young,Nicki Minaj,93.0,93,153
1987-08-01,90,Holiday,The Other Ones,90.0,90,153
1990-06-09,94,Possession,Bad English,94.0,94,153
1966-09-10,97,Knock On Wood,Eddie Floyd,97.0,97,153
1983-10-22,54,Church Of The Poison Mind,Culture Club,54.0,54,153
1991-08-24,87,Walk Through Fire,Bad Company,87.0,87,153
1980-06-14,92,Take A Little Rhythm,Ali Thomson,92.0,92,153
1959-02-09,89,Sea Cruise,Frankie Ford,89.0,89,153
1971-05-29,98,If Not For You,Olivia Newton-John,98.0,98,153
1993-07-03,66,"Get It Up (From ""Poetic Justice"")",TLC,66.0,66,153
1991-01-19,71,Waiting For Love,Alias,71.0,71,153
1974-12-07,81,Pick Up The Pieces,AWB,81.0,81,153
2001-12-15,98,Round And Round,Jonell & Method Man,98.0,98,153
1981-01-31,87,Turn Me Loose,Loverboy,87.0,87,153
2021-07-17,83,A-O-K,Tai Verdes,83.0,83,153
2007-04-14,75,We Takin' Over,"DJ Khaled Featuring T.I., Akon, Rick Ross, Fat Joe, Lil' Wayne & Baby",75.0,75,153
1959-10-05,58,Misty,Johnny Mathis,58.0,58,153
1991-12-07,65,The Unforgiven,Metallica,65.0,65,153
1978-11-04,91,Take Me To The River,Talking Heads,91.0,91,153
1975-09-27,80,The Way I Want To Touch You,Captain & Tennille,80.0,80,153
1986-02-15,95,Saturday Love,Cherrelle With Alexander O'Neal,95.0,95,153
1997-01-04,92,Get Up,Lost Boyz,92.0,92,153
1975-04-26,80,The Way We Were/try To Remember,Gladys Knight And The Pips,80.0,80,153
2020-12-12,53,La Noche de Anoche,Bad Bunny & Rosalia,53.0,53,153
1997-01-04,90,Luchini aka (This Is It),Camp Lo,90.0,90,153
2009-10-03,40,I'm Going In,Drake Featuring Lil Wayne & Young Jeezy,40.0,40,153
1967-07-08,86,You Keep Me Hangin' On,The Vanilla Fudge,86.0,86,153
2003-02-08,93,X Gon' Give It To Ya,DMX,93.0,93,153
1975-08-30,83,This Will Be,Natalie Cole,83.0,83,153
1991-04-27,88,Never Gonna Let You Down,Surface,88.0,88,153
1967-11-18,82,"Woman, Woman",The Union Gap Featuring Gary Puckett,82.0,82,153
1985-01-26,63,High On You,Survivor,63.0,63,153
1991-03-09,81,More Than Ever,Nelson,81.0,81,153
2004-01-03,89,In My Life,Juvenile Featuring Mannie Fresh,89.0,89,153
1959-06-15,98,High Hopes,"Frank Sinatra ""and a bunch of kids""",98.0,98,153
1989-07-01,76,Soul Provider,Michael Bolton,76.0,76,153
1974-06-15,79,Tell Me Something Good,Rufus Featuring Chaka Khan,79.0,79,153
2012-03-03,63,Banjo,Rascal Flatts,63.0,63,153
1991-04-20,36,Love Is A Wonderful Thing,Michael Bolton,36.0,36,153
1977-09-24,70,"Baby, What A Big Surprise",Chicago,70.0,70,153
1998-12-05,87,Never There,Cake,87.0,87,153
1981-07-11,82,Breaking Away,Balance,82.0,82,153
2012-05-19,100,Postcard From Paris,The Band Perry,87.0,100,153
1975-09-06,90,I Want'a Do Something Freaky To You,Leon Haywood,90.0,90,153
2008-03-08,97,Love Is A Beautiful Thing,Phil Vassar,97.0,97,153
1958-09-22,81,Hideaway,The Four Esquires,81.0,81,153
1958-10-13,100,I'll Wait For You,Frankie Avalon,69.0,100,153
1977-03-12,87,Do What You Wanna Do,T-Connection,87.0,87,153
1998-07-18,68,Horse & Carriage,Cam'Ron Featuring Mase,68.0,68,153
1988-01-23,72,(Sittin' On) The Dock Of The Bay,Michael Bolton,72.0,72,153
1986-12-27,80,Candy,Cameo,80.0,80,153
1999-05-15,80,No Pigeons,Sporty Thievz Featuring Mr. Woods,80.0,80,153
2003-07-05,90,Let's Get Down,Bow Wow Featuring Baby,90.0,90,153
1984-07-14,72,When You Close Your Eyes,Night Ranger,72.0,72,153
1990-01-20,37,Escapade,Janet Jackson,37.0,37,153
1990-06-30,93,Come Back To Me,Janet Jackson,93.0,93,153
2005-11-26,87,When I'm Gone,Eminem,87.0,87,153
1992-03-07,87,All Woman,Lisa Stansfield,87.0,87,153
2004-10-16,73,The Woman With You,Kenny Chesney,73.0,73,153
1987-11-14,81,I Could Never Take The Place Of Your Man,Prince,81.0,81,153
1973-10-27,62,Goodbye Yellow Brick Road,Elton John,62.0,62,153
2008-01-12,84,Feedback,Janet,84.0,84,153
1968-04-06,95,Mony Mony,Tommy James And The Shondells,95.0,95,153
1999-07-03,79,Jamboree,Naughty By Nature Featuring Zhane,79.0,79,153
1985-12-21,90,Baby Talk,Alisha,90.0,90,153
1967-02-11,82,I Think We're Alone Now,Tommy James And The Shondells,82.0,82,153
1982-03-20,79,Empty Garden (Hey Hey Johnny),Elton John,79.0,79,153
1984-12-22,60,Sugar Walls,Sheena Easton,60.0,60,153
1992-02-15,91,"Mama, I'm Coming Home",Ozzy Osbourne,91.0,91,153
1958-11-10,30,One Night,Elvis Presley,30.0,30,153
2002-02-02,98,That's Just Jessie,Kevin Denney,98.0,98,153
1959-11-16,55,The Big Hurt,Miss Toni Fisher,55.0,55,153
2018-12-15,64,Calling My Spirit,Kodak Black,64.0,64,153
1985-03-23,70,Just A Gigolo/I Ain't Got Nobody,David Lee Roth,70.0,70,153
1972-12-09,73,Crocodile Rock,Elton John,73.0,73,153
2005-07-30,99,Somebody's Hero,Jamie O'Neal,99.0,99,153
1962-05-12,90,The Stripper,David Rose and His Orchestra,90.0,90,153
2018-11-03,100,Burning Man,Dierks Bentley Featuring Brothers Osborne,100.0,100,153
2008-12-06,68,Never Gonna Be Alone,Nickelback,96.0,68,153
1974-02-16,87,Hooked On A Feeling,Blue Swede,87.0,87,153
1987-02-14,47,Lean On Me,Club Nouveau,47.0,47,153
2013-10-19,72,Marry Me,Jason Derulo,72.0,72,153
2000-04-01,79,What I Need To Do,Kenny Chesney,79.0,79,153
2014-12-20,95,Lonely Tonight,Blake Shelton Featuring Ashley Monroe,95.0,95,153
1975-12-20,74,50 Ways To Leave Your Lover,Paul Simon,74.0,74,153
1998-12-05,51,When You Believe,Whitney Houston & Mariah Carey,51.0,51,153
2009-01-31,78,Crack A Bottle,"Eminem, Dr. Dre & 50 Cent",78.0,78,153
1992-01-11,81,A Deeper Love/Pride In The Name Of Love,Clivilles & Cole,81.0,81,153
1974-12-14,73,Fire,Ohio Players,73.0,73,153
1970-11-14,100,It's Impossible,Perry Como,100.0,100,153
1994-11-19,72,I Never Seen A Man Cry (aka I Seen A Man Die),Scarface,72.0,72,153
1967-04-22,97,Blue's Theme,Davie Allan And The Arrows,97.0,97,153
1985-04-27,48,Angel,Madonna,48.0,48,153
2010-05-01,92,Crazy Town,Jason Aldean,92.0,92,153
2021-05-08,97,Blame It On You,Jason Aldean,97.0,97,153
1970-11-07,92,Burning Bridges,The Mike Curb Congregation,92.0,92,153
1993-04-03,98,If I Could,Regina Belle,98.0,98,153
2009-09-26,94,Drop It Low,Ester Dean Featuring Chris Brown,94.0,94,153
2008-01-26,94,Dey Know,Shawty Lo,94.0,94,153
1991-12-07,97,In Paradise,Laissez Faire,97.0,97,153
1989-11-11,49,Rhythm Nation,Janet Jackson,49.0,49,153
2021-07-17,95,Cold Beer Calling My Name,Jameson Rodgers Featuring Luke Combs,95.0,95,153
2020-08-22,92,Some Girls,Jameson Rodgers,92.0,92,153
1977-10-01,88,Your Smiling Face,James Taylor,88.0,88,153
1971-10-30,77,Scorpio,Dennis Coffey & The Detroit Guitar Band,77.0,77,153
2008-09-20,86,T-Shirt,Shontelle,86.0,86,153
1982-02-27,88,Get Down On It,Kool & The Gang,88.0,88,153
1975-10-11,85,Saturday Night,Bay City Rollers,85.0,85,153
2003-11-08,99,Forthenight,Musiq,99.0,99,153
1992-12-05,38,Deeper And Deeper,Madonna,38.0,38,153
1978-10-28,84,We've Got Tonight,Bob Seger & The Silver Bullet Band,84.0,84,153
1978-01-28,88,Ebony Eyes,Bob Welch,88.0,88,153
1982-01-23,87,Genius Of Love,Tom Tom Club,87.0,87,153
1979-07-28,81,Where Were You When I Was Falling In Love,Lobo,81.0,81,153
2002-10-19,41,Die Another Day,Madonna,41.0,41,153
1981-10-17,67,Take My Heart (You Can Have It If You Want It),Kool & The Gang,67.0,67,153
1980-09-27,84,This Time,John Cougar,84.0,84,153
2009-06-20,77,Ego,Beyonce,77.0,77,153
1998-12-05,77,Father Of Mine,Everclear,77.0,77,153
1980-09-27,89,I'm Happy That Love Has Found You,Jimmy Hall,89.0,89,153
1990-03-17,60,What It Takes,Aerosmith,60.0,60,153
1969-08-16,100,Any Way That You Want Me,Evie Sands,100.0,100,153
1999-07-10,77,Little Man,Alan Jackson,77.0,77,153
1975-10-11,87,"Fly, Robin, Fly",Silver Convention,87.0,87,153
1999-12-25,86,No More Rain (In This Cloud),Angie Stone,86.0,86,153
1974-06-01,87,ANNIE's SONG,John Denver,87.0,87,153
1977-10-15,89,The Way I Feel Tonight,Bay City Rollers,89.0,89,153
1979-09-15,88,Rainbow Connection,Kermit (Jim Henson),88.0,88,153
1982-04-03,66,It's Gonna Take A Miracle,Deniece Williams,66.0,66,153
2014-12-13,12,The Hanging Tree,James Newton Howard Featuring Jennifer Lawrence,12.0,12,153
1969-10-25,76,Leaving On A Jet Plane,"Peter, Paul & Mary",76.0,76,153
1992-11-14,79,Gangsta,Bell Biv DeVoe,79.0,79,153
1988-06-11,96,Sayin' Sorry (Don't Make It Right),Denise Lopez,96.0,96,153
1971-11-20,99,The Witch Queen Of New Orleans,Redbone,99.0,99,153
1970-12-05,100,Maggie,Redbone,100.0,100,153
1991-09-21,90,Rush,Big Audio,90.0,90,153
2007-05-26,72,Tambourine,Eve,72.0,72,153
2015-08-08,99,Save It For A Rainy Day,Kenny Chesney,99.0,99,153
1980-05-03,54,Against The Wind,Bob Seger,54.0,54,153
1981-04-25,76,America,Neil Diamond,76.0,76,153
1989-08-12,58,Love Song,The Cure,58.0,58,153
1976-12-11,98,Year Of The Cat,Al Stewart,98.0,98,153
1983-05-14,80,How Do You Keep The Music Playing,James Ingram And Patti Austin,80.0,80,153
2014-12-13,71,I Lived,OneRepublic,71.0,71,153
1977-06-04,69,You Made Me Believe In Magic,Bay City Rollers,69.0,69,153
2008-05-17,100,Gunpowder And Lead,Miranda Lambert,89.0,100,153
2006-07-01,44,Deja Vu,Beyonce Featuring Jay Z,44.0,44,153
1961-10-16,88,Goodbye Cruel World,James Darren,88.0,88,153
2011-08-06,38,The Adventures Of Rain Dance Maggie,Red Hot Chili Peppers,38.0,38,153
1989-07-15,71,Hangin' Tough,New Kids On The Block,71.0,71,153
2007-09-15,96,Livin' Our Love Song,Jason Michael Carroll,96.0,96,153
2014-02-01,84,Doin' What She Likes,Blake Shelton,84.0,84,153
1976-11-20,90,Walk This Way,Aerosmith,90.0,90,153
2007-05-05,88,Lucky Man,Montgomery Gentry,88.0,88,153
1983-05-07,90,Come Dancing,The Kinks,90.0,90,153
2010-07-31,94,Love All Over Me,Monica,94.0,94,153
1988-10-29,70,Silhouette,Kenny G,70.0,70,153
1976-03-06,88,Fooled Around And Fell In Love,Elvin Bishop,88.0,88,153
1989-10-07,52,Angelia,Richard Marx,52.0,52,153
2018-11-24,44,Armed And Dangerous,Juice WRLD,44.0,44,153
1961-10-09,67,Moon River,Jerry Butler,67.0,67,153
1987-08-22,95,No One In The World,Anita Baker,95.0,95,153
1996-08-03,97,Tell Me (I'll Be Around),Shades,97.0,97,153
2015-06-13,90,Loving You Easy,Zac Brown Band,90.0,90,153
1993-08-14,99,Oh Carolina,Shaggy,99.0,99,153
1982-09-25,72,Pressure,Billy Joel,72.0,72,153
1998-12-19,76,"Luv Me, Luv Me",Shaggy Featuring Janet,76.0,76,153
2006-05-20,90,Hustlin',Rick Ross,90.0,90,153
1986-11-15,78,This Is The Time,Billy Joel,78.0,78,153
1997-12-13,48,Lollipop (Candyman),Aqua,48.0,48,153
1982-10-02,61,Muscles,Diana Ross,61.0,61,153
1997-03-15,22,"Step By Step (From ""The Preacher's Wife"")",Whitney Houston,22.0,22,153
1984-07-21,55,Dynamite,Jermaine Jackson,55.0,55,153
1997-07-05,79,Things Just Ain't The Same,Deborah Cox,79.0,79,153
2009-03-28,100,One In Every Crowd,Montgomery Gentry,100.0,100,153
1975-05-31,87,Jive Talkin',Bee Gees,87.0,87,153
2001-04-28,84,When Somebody Loves You,Alan Jackson,84.0,84,153
1994-12-24,97,Whutcha Want?,Nine,97.0,97,153
1988-12-10,84,A Little Respect,Erasure,84.0,84,153
2013-11-02,94,Sweet Annie,Zac Brown Band,94.0,94,153
1960-01-18,86,Am I That Easy To Forget,Debbie Reynolds,86.0,86,153
2018-03-10,98,Break Up In The End,Cole Swindell,91.0,98,153
1988-01-30,57,Out Of The Blue,Debbie Gibson,57.0,57,153
1962-12-29,84,Wild Weekend,The Rebels,84.0,84,153
1981-02-28,85,Hold On Loosely,38 Special,85.0,85,153
1975-04-05,88,I'm Not Lisa,Jessi Colter,88.0,88,153
1999-12-04,90,Rhythm Divine,Enrique Iglesias,90.0,90,153
1988-09-10,57,One Moment In Time,Whitney Houston,57.0,57,153
1975-04-05,95,"Get Down, Get Down (Get On The Floor)",Joe Simon,95.0,95,153
1972-05-27,92,Baby Let Me Take You (In My Arms),Detroit Emeralds,92.0,92,153
1983-03-12,67,I Won't Hold You Back,Toto,67.0,67,153
1979-12-22,85,99,Toto,85.0,85,153
2004-12-11,61,Nobody's Home,Avril Lavigne,61.0,61,153
1996-10-26,82,When Boy Meets Girl,Total,82.0,82,153
2016-08-13,97,It Don't Hurt Like It Used To,Billy Currington,97.0,97,153
1996-11-09,39,Street Dreams,Nas,39.0,39,153
1994-01-15,49,Choose,Color Me Badd,49.0,49,153
1984-02-25,63,They Don't Know,Tracey Ullman,63.0,63,153
1983-02-05,70,I Like It,Debarge,70.0,70,153
1989-01-21,93,Orinoco Flow (Sail Away),Enya,93.0,93,153
1984-08-25,57,Some Guys Have All The Luck,Rod Stewart,57.0,57,153
1973-10-06,76,I Got A Name,Jim Croce,76.0,76,153
1974-01-26,95,Thanks For Saving My Life,Billy Paul,95.0,95,153
1972-04-22,90,Outa-Space,Billy Preston,90.0,90,153
1974-01-12,90,Eres Tu (Touch The Wind),Mocedades,90.0,90,153
2001-05-12,68,"Baby, Come Over (This Is Our Night)",Samantha Mumba,68.0,68,153
1986-05-31,85,Take It Easy,Andy Taylor,85.0,85,153
1998-12-05,75,Rosa Parks,OutKast,75.0,75,153
1989-06-03,86,Me Myself And I,De La Soul,86.0,86,153
1959-09-14,83,Love Potion No. 9,The Clovers,83.0,83,153
1979-08-11,68,Sail On,Commodores,68.0,68,153
1982-08-21,74,Break It To Me Gently,Juice Newton,74.0,74,153
2009-04-04,65,Always Strapped,Birdman Featuring Lil Wayne,65.0,65,153
1992-04-25,81,Silent Prayer,Shanice,81.0,81,153
1970-03-28,100,Which Way You Goin' Billy?,The Poppy Family (Featuring Susan Jacks),100.0,100,153
1990-01-13,87,Sacrifice,Elton John,87.0,87,153
2005-12-24,92,Perfect Situation,Weezer,92.0,92,153
1985-10-19,49,Sleeping Bag,ZZ Top,49.0,49,153
2000-03-04,78,Whoa!,Black Rob,78.0,78,153
1967-07-15,98,"Apples, Peaches, Pumpkin Pie",Jay And The Techniques,98.0,98,153
1978-05-13,82,Wonderful Tonight,Eric Clapton,82.0,82,153
1981-02-28,63,I Can't Stand It,Eric Clapton And His Band,63.0,63,153
2005-10-08,64,Who You'd Be Today,Kenny Chesney,64.0,64,153
1986-09-27,87,(Forever) Live And Die,Orchestral Manoeuvres In The Dark,87.0,87,153
2016-12-03,97,A Guy With A Girl,Blake Shelton,97.0,97,153
1988-03-12,82,Dreaming,Orchestral Manoeuvres In The Dark,82.0,82,153
1974-05-25,78,Rock And Roll Heaven,The Righteous Brothers,78.0,78,153
1958-08-04,74,Win Your Love For Me,Sam Cooke,74.0,74,153
1982-05-08,70,Love's Been A Little Bit Hard On Me,Juice Newton,70.0,70,153
1975-11-01,89,Theme From Mahogany (Do You Know Where You're Going To),Diana Ross,89.0,89,153
1988-04-16,68,Circle In The Sand,Belinda Carlisle,68.0,68,153
1985-08-31,86,So In Love,Orchestral Manoeuvres In The Dark,86.0,86,153
2004-06-26,75,So Sexy,Twista Featuring R. Kelly,75.0,75,153
1999-01-23,76,Busy Man,Billy Ray Cyrus,76.0,76,153
1996-10-26,72,You Can Make History (Young Again),Elton John,72.0,72,153
2000-02-19,79,Feelin' So Good,Jennifer Lopez Featuring Big Pun & Fat Joe,79.0,79,153
1982-10-02,84,Everybody Wants You,Billy Squier,84.0,84,153
2005-01-22,53,Get Right,Jennifer Lopez,53.0,53,153
1997-10-11,44,"Too Gone, Too Long",En Vogue,44.0,44,153
1991-06-01,73,P.A.S.S.I.O.N.,Rhythm Syndicate,73.0,73,153
1996-11-30,62,ATLiens,OutKast,62.0,62,153
1976-07-24,69,With Your Love,Jefferson Starship,69.0,69,153
1958-12-01,70,Nobody But You,Dee Clark,70.0,70,153
2013-03-09,99,Like Jesus Does,Eric Church,99.0,99,153
1975-08-23,82,Miracles,Jefferson Starship,82.0,82,153
1997-08-09,87,Down For Yours,Nastyboy Klick Featuring Roger Troutman,87.0,87,153
2000-06-17,69,I Wanna Be With You,Mandy Moore,69.0,69,153
1977-03-12,86,Uptown Festival (Part 1),Shalamar,86.0,86,153
1983-04-02,85,I Melt With You,Modern English,85.0,85,153
1967-04-08,95,Alfie,Dionne Warwick,95.0,95,153
1975-04-05,92,Spirit Of The Boogie/Summer Madness,Kool & The Gang,92.0,92,153
1985-01-26,52,Too Late For Goodbyes,Julian Lennon,52.0,52,153
1987-02-21,59,I Knew You Were Waiting (For Me),Aretha Franklin & George Michael,59.0,59,153
1987-03-21,49,La Isla Bonita,Madonna,49.0,49,153
1976-06-26,81,Who'd She Coo?,Ohio Players,81.0,81,153
1968-08-24,92,In-A-Gadda-Da-Vida,Iron Butterfly,92.0,92,153
1997-06-14,62,Butterfly Kisses,Raybon Bros.,62.0,62,153
1994-07-02,91,Funky Y-2-C,The Puppies,91.0,91,153
1960-11-14,50,Wonderland By Night,Bert Kaempfert And His Orchestra,50.0,50,153
1974-09-21,88,My Melody Of Love,Bobby Vinton,88.0,88,153
1980-08-09,79,Xanadu,Olivia Newton-John And The Electric Light Orchestra,79.0,79,153
2001-07-21,38,Take You Out,Luther Vandross,38.0,38,153
1961-09-18,96,Just Out Of Reach (Of My Two Open Arms),Solomon Burke,96.0,96,153
1999-04-10,95,My Favorite Girl,Dave Hollister,95.0,95,153
1960-02-01,95,Money (That's what I want),Barrett Strong,95.0,95,153
1974-04-13,84,The Streak,Ray Stevens,84.0,84,153
1970-04-04,92,Mississippi Queen,Mountain,92.0,92,153
1974-02-02,86,Lookin' For A Love,Bobby Womack,86.0,86,153
1983-02-05,36,Separate Ways (Worlds Apart),Journey,36.0,36,153
1981-07-04,75,Cool Love,Pablo Cruise,75.0,75,153
1984-03-10,86,No More Words,Berlin,86.0,86,153
1996-10-19,55,"Bohemian Rhapsody (From ""High School High"")",The Braids,55.0,55,153
1999-11-13,79,Pop A Top,Alan Jackson,79.0,79,153
1994-10-29,89,Dance Naked,John Mellencamp,89.0,89,153
1976-05-01,88,I'll Be Good To You,The Brothers Johnson,88.0,88,153
1975-11-15,87,Evil Woman,Electric Light Orchestra,87.0,87,153
1987-08-01,50,Didn't We Almost Have It All,Whitney Houston,50.0,50,153
1991-01-12,87,I'll Do 4 U,Father M.C.,87.0,87,153
1972-01-01,89,The Lion Sleeps Tonight,Robert John,89.0,89,153
1998-02-21,77,Strawberries,Smooth,77.0,77,153
1958-10-20,51,Poor Boy,The Royaltones,51.0,51,153
1988-03-12,86,Strange But True,Times Two,86.0,86,153
1978-04-22,93,Chattanooga Choo Choo,Tuxedo Junction,93.0,93,153
1975-01-11,85,You Are So Beautiful/It's A Sin When You Love Somebody,Joe Cocker,85.0,85,153
1981-08-08,56,The Voice,The Moody Blues,56.0,56,153
2001-02-10,81,One Step Closer,Linkin Park,81.0,81,153
1993-12-04,40,What's My Name?,Snoop Dogg,40.0,40,153
1999-12-25,96,One Night Stand,J-Shin Featuring LaTocha Scott,96.0,96,153
1959-09-14,74,Deck Of Cards,Wink Martindale,74.0,74,153
1989-04-08,78,Cry,Waterfront,78.0,78,153
1959-07-27,63,The Three Bells,The Browns,63.0,63,153
1977-11-05,90,Breakdown,Tom Petty And The Heartbreakers,90.0,90,153
1972-08-05,99,My Ding-A-Ling,Chuck Berry,99.0,99,153
1959-08-17,82,Morgen,Ivo Robic and The Song-Masters,82.0,82,153
1993-05-15,82,"Girl, I've Been Hurt",Snow,82.0,82,153
1988-10-01,93,Spy In The House Of Love,Was (Not Was),93.0,93,153
1973-09-08,81,Heartbeat - It's A Lovebeat,The DeFranco Family featuring Tony DeFranco,81.0,81,153
2015-03-28,98,Diamond Rings And Old Barstools,Tim McGraw With Catherine Dunn,92.0,98,153
1990-02-24,66,Without You,Motley Crue,66.0,66,153
1987-04-11,62,Wanted Dead Or Alive,Bon Jovi,62.0,62,153
1993-10-30,80,Both Sides Of The Story,Phil Collins,80.0,80,153
1987-06-20,69,Give To Live,Sammy Hagar,69.0,69,153
2006-11-25,77,Wait A Minute,The Pussycat Dolls Featuring Timbaland,77.0,77,153
1987-10-10,89,I Don't Mind At All,Bourgeois Tagg,89.0,89,153
1966-11-26,93,Tiny Bubbles,Don Ho and the Aliis,93.0,93,153
2007-02-10,98,Beer In Mexico,Kenny Chesney,98.0,98,153
1988-02-13,65,Devil Inside,INXS,65.0,65,153
1978-11-18,79,September,"Earth, Wind & Fire",79.0,79,153
1984-12-01,84,Operator,Midnight Star,84.0,84,153
1983-12-10,67,Think Of Laura,Christopher Cross,67.0,67,153
1993-03-13,70,"The Crying Game (From ""The Crying Game"")",Boy George,70.0,70,153
2007-12-22,84,Hero/Heroine,Boys Like Girls,84.0,84,153
1988-10-01,50,Desire,U2,50.0,50,153
1999-05-22,32,Wild Wild West,Will Smith Featuring Dru Hill & Kool Mo Dee,32.0,32,153
1979-06-16,75,The Main Event/Fight,Barbra Streisand,75.0,75,153
1980-06-14,74,JoJo,Boz Scaggs,74.0,74,153
1984-07-21,45,If This Is It,Huey Lewis & The News,45.0,45,153
1977-03-12,72,Lido Shuffle,Boz Scaggs,72.0,72,153
1977-01-08,99,Disco Lucy (i Love Lucy Theme),Wilton Place Street Band,99.0,99,153
1980-08-23,69,Look What You've Done To Me,Boz Scaggs,69.0,69,153
2000-08-05,77,Treat Her Like A Lady,Joe,77.0,77,153
1982-02-06,77,Do You Believe In Love,Huey Lewis & The News,77.0,77,153
2011-06-11,98,Out Of My Head,Lupe Fiasco Featuring Trey Songz,98.0,98,153
1980-11-29,87,Miss Sun,Boz Scaggs,87.0,87,153
1988-01-30,76,Some Kind Of Lover,Jody Watley,76.0,76,153
1988-05-14,63,New Sensation,INXS,63.0,63,153
2013-10-05,70,Waiting For Superman,Daughtry,100.0,70,153
1974-11-09,59,Junior's Farm/Sally G,Paul McCartney And Wings,59.0,59,153
1978-06-03,87,Rivers Of Babylon,Boney M.,87.0,87,153
1981-07-25,85,Heavy Metal (Takin' A Ride),Don Felder,85.0,85,153
1992-04-18,85,Not The Only One,Bonnie Raitt,85.0,85,153
1959-03-16,68,The Happy Organ,"Dave ""Baby"" Cortez",68.0,68,153
1995-02-18,74,"You Got It (From ""Boys On The Side"")",Bonnie Raitt,74.0,74,153
2017-02-04,99,Down,Marian Hill,99.0,99,153
2011-02-26,92,Sing,My Chemical Romance,92.0,92,153
1985-02-09,43,Material Girl,Madonna,43.0,43,153
1978-08-19,89,Lights,Journey,89.0,89,153
1998-03-14,78,My Heart Will Go On,Deja Vu,78.0,78,153
1978-10-28,48,You Don't Bring Me Flowers,Barbra Streisand & Neil Diamond,48.0,48,153
1992-08-15,98,Always The Last To Know,Del Amitri,98.0,98,153
1992-12-26,88,Understand This Groove,Sound Factory,88.0,88,153
1986-02-01,54,R.O.C.K. In The U.S.A. (A Salute to 60's Rock),John Mellencamp,54.0,54,153
2004-01-10,71,I Am The Highway,Audioslave,71.0,71,153
2008-04-26,87,Better As A Memory,Kenny Chesney,87.0,87,153
1961-03-06,77,Runaway,Del Shannon,77.0,77,153
1992-03-07,73,I'm The One You Need,Jody Watley,73.0,73,153
1975-02-01,81,Chevy Van,Sammy Johns,81.0,81,153
1985-05-25,80,Not Enough Love In The World,Don Henley,80.0,80,153
1971-01-02,93,Timothy,The Buoys,99.0,93,153
1982-05-01,82,Caught Up In You,38 Special,82.0,82,153
1982-07-03,55,Love Will Turn You Around,Kenny Rogers,55.0,55,153
1987-05-09,68,Point Of No Return,Expose,68.0,68,153
1978-02-11,72,Running On Empty,Jackson Browne,72.0,72,153
1983-09-24,79,Tender Is The Night,Jackson Browne,79.0,79,153
2004-05-22,99,Selfish,Slum Village Featuring Kanye West & John Legend,99.0,99,153
1958-08-18,67,Near You,Roger Williams,67.0,67,153
2021-01-16,6,Anyone,Justin Bieber,6.0,6,153
1960-08-15,56,My Heart Has A Mind Of Its Own,Connie Francis,56.0,56,153
1989-04-08,92,Coming Home,Cinderella,92.0,92,153
1973-06-30,78,If You Want Me To Stay,Sly & The Family Stone,78.0,78,153
1985-03-09,83,Invisible,Alison Moyet,83.0,83,153
1990-04-28,27,U Can't Touch This,M.C. Hammer,27.0,27,153
1995-05-13,81,Baby Baby,Corona,81.0,81,153
2016-03-12,100,Might Not,Belly Featuring The Weeknd,100.0,100,153
1966-08-20,87,What Becomes Of The Brokenhearted,Jimmy Ruffin,87.0,87,153
1988-06-04,86,Rag Doll,Aerosmith,86.0,86,153
2002-08-03,75,Flake,Jack Johnson,75.0,75,153
1989-01-07,92,Roni,Bobby Brown,92.0,92,153
1967-11-11,92,Itchycoo Park,Small Faces,92.0,92,153
1960-04-18,97,Burning Bridges,Jack Scott,97.0,97,153
1984-03-10,57,You Might Think,The Cars,57.0,57,153
1982-11-27,59,Heart To Heart,Kenny Loggins,59.0,59,153
2007-03-03,73,High Maintenance Woman,Toby Keith,73.0,73,153
1985-11-02,59,Tonight She Comes,The Cars,59.0,59,153
2007-08-11,83,Love Me If You Can,Toby Keith,83.0,83,153
1961-08-28,97,You're The Reason,Bobby Edwards,97.0,97,153
1960-03-21,90,Night,Jackie Wilson,90.0,90,153
1963-01-26,84,The End Of The World,Skeeter Davis,84.0,84,153
1975-05-17,84,I'm Not In Love,10cc,84.0,84,153
1977-07-09,89,Star Wars (Main Title),London Symphony Orchestra,89.0,89,153
1985-01-26,79,Why Can't I Have You,The Cars,79.0,79,153
1966-01-08,99,California Dreamin',The Mamas & The Papas,99.0,99,153
1959-04-20,90,Dream Lover,Bobby Darin,90.0,90,153
1984-05-19,59,Magic,The Cars,59.0,59,153
1978-06-17,90,Just What I Needed,The Cars,90.0,90,153
1959-05-18,57,Lipstick On Your Collar,Connie Francis,57.0,57,153
1984-04-07,67,"Run, Runaway",Slade,67.0,67,153
1980-11-22,65,Time Is Time,Andy Gibb,65.0,65,153
1994-01-01,97,Funk Dat/Why Is It?,Sagat,97.0,97,153
1974-07-27,93,Sweet Home Alabama,Lynyrd Skynyrd,93.0,93,153
1978-06-03,69,My Angel Baby,Toby Beau,69.0,69,153
1999-11-20,60,Girl On TV,LFO,60.0,60,153
2011-04-16,86,Racks,YC Featuring Future,86.0,86,153
1982-02-06,80,Theme From Magnum P.i.,Mike Post,80.0,80,153
2006-01-28,95,Living In Fast Forward,Kenny Chesney,95.0,95,153
1975-07-19,100,Rocky,Austin Roberts,100.0,100,153
1963-11-30,100,The Shelter Of Your Arms,Sammy Davis Jr.,100.0,100,153
1991-07-06,73,The Motown Song,Rod Stewart,73.0,73,153
1974-06-15,99,Wild Thing,Fancy,99.0,99,153
2004-06-12,78,Somebody,Reba McEntire,78.0,78,153
2007-12-22,95,Never,Jaheim,100.0,95,153
1986-07-19,40,Dancing On The Ceiling,Lionel Richie,40.0,40,153
1981-03-28,77,Watching The Wheels,John Lennon,77.0,77,153
1959-06-29,93,Kissin' Time,Bobby Rydell,93.0,93,153
2001-10-13,65,"Girls, Girls, Girls",JAY-Z,65.0,65,153
1978-03-04,70,Imaginary Lover,Atlanta Rhythm Section,70.0,70,153
1962-03-24,93,The One Who Really Loves You,Mary Wells,93.0,93,153
2006-10-07,97,Take Me As I Am,Mary J. Blige,97.0,97,153
2016-03-26,83,American Country Love Song,Jake Owen,89.0,83,153
2018-11-10,28,Arms Around You,XXXTENTACION x Lil Pump Featuring Maluma & Swae Lee,28.0,28,153
1974-12-21,75,Black Water,The Doobie Brothers,75.0,75,153
1999-07-17,52,Summer Girls,LFO,52.0,52,153
1970-11-28,93,Rose Garden,Lynn Anderson,93.0,93,153
1981-02-21,81,Wasn't That A Party,The Rovers,81.0,81,153
1994-06-04,87,Fall Down,Toad The Wet Sprocket,87.0,87,153
2004-05-01,99,Just For You,Lionel Richie,99.0,99,153
1963-10-19,87,What's Easy For Two Is So Hard For One,Mary Wells,87.0,87,153
1978-07-01,86,You And I,Rick James,86.0,86,153
1986-02-08,79,Rock Me Amadeus,Falco,79.0,79,153
1960-04-11,94,Paper Roses,Anita Bryant,94.0,94,153
1993-12-11,94,Miss You In A Heartbeat,Def Leppard,94.0,94,153
1983-03-12,87,Photograph,Def Leppard,87.0,87,153
1990-03-10,80,Time After Time,Timmy T.,80.0,80,153
2003-01-04,94,Blowin' Me Up (With Her Love),JC Chasez,94.0,94,153
1959-10-12,67,We Got Love,Bobby Rydell,67.0,67,153
2021-07-24,72,Essence,Wizkid Featuring Justin Bieber & Tems,82.0,72,152
2017-11-25,79,Rubbin Off The Paint,YBN Nahmir,79.0,79,146
2017-09-30,44,Dusk Till Dawn,Zayn Featuring Sia,44.0,44,138
1990-10-27,47,"Miracle (From ""Young Guns II"")",Jon Bon Jovi,47.0,47,136
1981-07-25,84,General Hospi-tale,The Afternoon Delights,84.0,84,136
1990-03-10,84,Room At The Top,Adam Ant,84.0,84,136
2004-07-31,77,U Saved Me,R. Kelly,77.0,77,136
1974-01-19,82,Dark Lady,Cher,82.0,82,136
1971-09-18,88,"Gypsys, Tramps & Thieves",Cher,88.0,88,136
1971-11-20,88,Kiss An Angel Good Mornin',Charley Pride,88.0,88,136
1978-06-10,90,Stuff Like That,Quincy Jones,90.0,90,136
1977-05-07,85,It's Sad To Belong,England Dan & John Ford Coley,85.0,85,136
2005-05-07,100,Trapped In The Closet,R. Kelly,100.0,100,136
1963-10-19,97,Can I Get A Witness,Marvin Gaye,97.0,97,136
1979-01-27,57,I Just Fall In Love Again,Anne Murray,57.0,57,136
2008-07-12,5,Burnin' Up,Jonas Brothers,5.0,5,136
2020-04-25,98,Girl Of My Dreams,Rod Wave,98.0,98,136
1967-09-30,90,"The Rain, The Park & Other Things",The Cowsills,90.0,90,136
1990-03-24,62,This Old Heart Of Mine,Rod Stewart With Ronald Isley,62.0,62,136
1986-03-15,52,Why Can't This Be Love,Van Halen,52.0,52,136
2019-02-09,98,Night Shift,Jon Pardi,98.0,98,136
1973-08-25,85,Ramblin Man,The Allman Brothers Band,85.0,85,136
1960-04-04,84,Stuck On You,Elvis Presley With The Jordanaires,84.0,84,136
1980-06-21,89,Old-Fashion Love,Commodores,89.0,89,136
1974-11-09,79,One Man Woman/One Woman Man,Paul Anka with Odia Coates,79.0,79,136
1959-08-17,95,The Angels Listened In,The Crests,95.0,95,136
1992-05-09,96,You Won't See Me Cry,Wilson Phillips,96.0,96,136
1994-07-02,92,Nappy Heads,Fugees,92.0,92,136
1971-06-05,99,"Stop, Look, Listen (To Your Heart)",The Stylistics,99.0,99,136
1967-07-15,99,Brown Eyed Girl,Van Morrison,99.0,99,136
1971-11-06,76,You Are Everything,The Stylistics,76.0,76,136
1972-04-01,77,(Last Night) I Didn't Get To Sleep At All,The 5th Dimension,77.0,77,136
1979-08-25,88,Street Life,The Crusaders,88.0,88,136
1982-04-03,69,Man On Your Mind,Little River Band,69.0,69,136
1970-05-02,66,O-o-h Child/Dear Prudence,The 5 Stairsteps,66.0,66,136
1976-09-18,85,Just To Be Close To You,Commodores,85.0,85,136
1999-05-29,71,Did You Ever Think,R. Kelly,71.0,71,136
1960-09-05,84,Sleep,Little Willie John,84.0,84,136
1998-12-05,71,Home Alone,R. Kelly Featuring Keith Murray,71.0,71,136
1972-02-26,79,"Betcha By Golly, Wow","The Stylistics Featuring Russell Thompkins,Jr.",79.0,79,136
1983-06-18,90,Hold Me 'til The Mornin' Comes,Paul Anka,90.0,90,136
1968-06-01,95,Stoned Soul Picnic,The 5th Dimension,95.0,95,136
2020-05-09,11,Righteous,Juice WRLD,11.0,11,136
2007-05-26,94,I Told You So,Keith Urban,94.0,94,136
2009-04-04,94,I'm In,Keith Urban,91.0,94,136
1970-08-15,96,All Right Now,Free,96.0,96,136
1965-10-09,72,Let's Hang On!,"The 4 Seasons Featuring the ""Sound of Frankie Valli""",72.0,72,136
1976-09-18,89,It's A Long Way There,Little River Band,89.0,89,136
2003-02-01,55,Superman,Eminem,55.0,55,136
1977-08-27,72,Brick House,Commodores,72.0,72,136
1989-11-18,86,I'll Be Good To You,Quincy Jones Featuring Ray Charles & Chaka Khan,86.0,86,136
1962-10-20,68,Return To Sender,Elvis Presley With The Jordanaires,68.0,68,136
1993-03-27,67,Love Don't Love You,En Vogue,67.0,67,136
1961-01-09,81,Wheels,The String-A-Longs,81.0,81,136
1982-07-10,55,Take It Away,Paul McCartney,55.0,55,136
1976-10-09,76,Nights Are Forever Without You,England Dan & John Ford Coley,76.0,76,136
1968-07-13,97,Slip Away,Clarence Carter,97.0,97,136
1971-03-06,83,Woodstock,Matthews' Southern Comfort,83.0,83,136
1979-07-07,89,Different Worlds,Maureen McGovern,89.0,89,136
2009-04-18,75,Be On You,Flo Rida Featuring Ne-Yo,90.0,75,136
1971-03-13,97,Cool Aid,Paul Humphrey & His Cool Aid Chemists,97.0,97,136
1980-01-19,89,Give It All You Got,Chuck Mangione,89.0,89,136
1961-04-24,71,Travelin' Man,Ricky Nelson,71.0,71,136
1989-09-02,56,Love In An Elevator,Aerosmith,56.0,56,136
2005-08-13,99,Stay With Me (Brass Bed),Josh Gracin,99.0,99,136
1983-04-09,55,My Love,Lionel Richie,55.0,55,136
1995-12-23,96,It Matters To Me,Faith Hill,96.0,96,136
1970-07-18,86,Snowbird,Anne Murray,86.0,86,136
2007-02-10,83,Smile,Lily Allen,83.0,83,136
1996-04-13,71,Ain't Nobody/Kissing You,Faith Evans,71.0,71,136
1992-08-08,87,Divine Thing,The Soup Dragons,87.0,87,136
1973-12-08,99,I Like To Live The Love,B.B. King,99.0,99,136
1962-05-26,80,Wolverton Mountain,Claude King,80.0,80,136
2001-03-03,65,Best I Ever Had (Grey Sky Morning),Vertical Horizon,65.0,65,136
2013-04-20,52,Fine China,Chris Brown,52.0,52,136
1979-11-24,85,I Wanna Be Your Lover,Prince,85.0,85,136
1961-02-20,90,But I Do,Clarence Henry,90.0,90,136
1995-03-18,89,Until The End Of Time,Foreigner,89.0,89,136
1990-03-31,61,Your Baby Never Looked Good In Blue,Expose,61.0,61,136
1963-01-12,80,Rhythm Of The Rain,The Cascades,80.0,80,136
1994-10-15,91,Get Up On It,Keith Sweat (Featuring Kut Klose),91.0,91,136
1976-06-12,54,Got To Get You Into My Life,The Beatles,54.0,54,136
1959-08-17,78,Mary Lou,Ronnie Hawkins and The Hawks,78.0,78,136
1991-06-22,98,Let The Beat Hit 'Em,Lisa Lisa And Cult Jam,98.0,98,136
1982-05-01,81,Any Day Now,Ronnie Milsap,81.0,81,136
1969-05-17,93,What Does It Take (To Win Your Love),Jr. Walker & The All Stars,93.0,93,136
1969-10-18,23,Come Together/Something,The Beatles,23.0,23,136
1959-01-26,88,I've Had It,The Bell Notes,88.0,88,136
2004-08-28,64,"Breathe, Stretch, Shake",Mase Featuring P. Diddy,64.0,64,136
1968-11-16,97,Hooked On A Feeling,B.J. Thomas,97.0,97,136
2008-01-26,81,I Won't Tell,Fat Joe Featuring J. Holiday,81.0,81,136
1974-12-07,86,You're No Good,Linda Ronstadt,86.0,86,136
1966-12-03,82,Georgy Girl,The Seekers,82.0,82,136
1983-01-22,29,All Right,Christopher Cross,29.0,29,136
1984-01-28,44,Got A Hold On Me,Christine McVie,44.0,44,136
1976-08-21,71,That'll Be The Day,Linda Ronstadt,71.0,71,136
1959-02-23,65,Never Be Anyone Else But You,Ricky Nelson,65.0,65,136
1981-10-31,56,Don't Stop Believin',Journey,56.0,56,136
1972-12-02,78,Jambalaya (On The Bayou),The Blue Ridge Rangers,78.0,78,136
1978-11-11,59,Ooh Baby Baby,Linda Ronstadt,59.0,59,136
1983-04-16,55,Faithfully,Journey,55.0,55,136
1984-12-15,42,I Would Die 4 U,Prince And The Revolution,42.0,42,136
1998-08-15,52,Goodbye To My Homies,"Master P Featuring Silkk The Shocker, Sons Of Funk And Mo B. Dick",52.0,52,136
1959-09-07,97,You Were Mine,Fireflies,97.0,97,136
1995-02-25,65,Brooklyn Zoo,Ol' Dirty Bastard,65.0,65,136
1967-08-12,81,The Letter,The Box Tops,81.0,81,136
2003-11-29,62,The Voice Within,Christina Aguilera,62.0,62,136
1958-08-25,94,You Cheated,The Shields,94.0,94,136
1985-01-26,43,Only The Young,Journey,43.0,43,136
1984-07-28,70,Go Insane,Lindsey Buckingham,70.0,70,136
1995-04-29,90,The I.N.C. Ride,Masta Ace Incorporated,90.0,90,136
1989-11-11,82,This One's For The Children,New Kids On The Block,82.0,82,136
1961-01-23,49,Pony Time,Chubby Checker,49.0,49,136
1991-03-16,92,She Talks To Angels,The Black Crowes,92.0,92,136
1980-02-02,68,How Do I Make You,Linda Ronstadt,68.0,68,136
1962-11-17,93,My Dad,Paul Petersen,93.0,93,136
1995-03-04,85,Never Find Someone Like You,Keith Martin,85.0,85,136
1992-11-28,77,It's Gonna Be A Lovely Day,The S.O.U.L. S.Y.S.T.E.M.,77.0,77,136
2017-03-18,96,Hometown Girl,Josh Turner,96.0,96,136
1987-03-28,52,Big Love,Fleetwood Mac,52.0,52,136
2003-11-22,74,Away From Me,Puddle Of Mudd,74.0,74,136
1982-08-28,85,Love Come Down,Evelyn King,85.0,85,136
2019-04-27,28,Sanguine Paradise,Lil Uzi Vert,28.0,28,136
1979-01-06,80,Every Time I Think Of You,The Babys,80.0,80,136
2009-07-11,90,Love Your Love The Most,Eric Church,90.0,90,136
1958-09-15,61,There Goes My Heart,Joni James,61.0,61,136
1973-10-27,76,If You're Ready (Come Go With Me),The Staple Singers,76.0,76,136
1959-11-23,95,Why,Frankie Avalon,95.0,95,136
1974-03-23,88,The Entertainer,"Marvin Hamlisch/""The Sting""",88.0,88,136
1959-08-24,73,Poison Ivy,The Coasters,73.0,73,136
1985-06-15,90,When Your Heart Is Weak,Cock Robin,90.0,90,136
1961-04-24,92,Better Tell Him No,The Starlets,92.0,92,136
1977-08-27,84,She Did It,Eric Carmen,84.0,84,136
2019-02-02,91,On My Way To You,Cody Johnson,100.0,91,136
1998-10-24,40,Love Me,112 Featuring Mase,40.0,40,136
1971-11-13,90,Sunshine,Jonathan Edwards,90.0,90,136
1983-06-18,59,Take Me To Heart,Quarterflash,59.0,59,136
1977-10-08,82,Isn't It Time,The Babys,82.0,82,136
1978-09-16,83,Change Of Heart,Eric Carmen,83.0,83,136
1979-09-01,90,Come To Me,France Joli,90.0,90,136
1967-05-20,74,Can't Take My Eyes Off You,Frankie Valli,74.0,74,136
1973-08-04,60,Loves Me Like A Rock,Paul Simon (with The Dixie Hummingbirds),60.0,60,136
1962-06-30,86,The Loco-Motion,Little Eva,86.0,86,136
2013-01-05,99,C'mon,Ke$ha,99.0,99,136
2021-07-24,16,Whole Lotta Money,BIA Featuring Nicki Minaj,16.0,16,136
1981-01-31,32,Hello Again,Neil Diamond,32.0,32,136
1981-02-07,86,Don't Stop The Music,Yarbrough & Peoples,86.0,86,136
1990-11-24,84,The Shoop Shoop Song (It's In His Kiss),Cher,84.0,84,136
1976-05-22,78,You're My Best Friend,Queen,78.0,78,136
1991-03-30,94,Going Through The Motions,Aftershock,94.0,94,136
1981-11-07,80,Under Pressure,Queen & David Bowie,80.0,80,136
2008-05-24,78,Teenage Love Affair,Alicia Keys,78.0,78,136
1996-03-09,63,Do You Want To/Can't Hang,Xscape Featuring MC Lyte,63.0,63,136
2006-03-18,95,Girl,Paul Wall,95.0,95,136
1982-11-27,73,Heart Of The Night,Juice Newton,73.0,73,136
2013-11-02,97,Don't Let Me Be Lonely,The Band Perry,97.0,97,136
1959-08-31,65,Just Ask Your Heart,Frankie Avalon,65.0,65,136
1964-12-12,77,You've Lost That Lovin' Feelin',The Righteous Brothers,77.0,77,136
1973-02-17,88,Daisy A Day,Jud Strunk,88.0,88,136
1959-04-06,95,Only You,Franck Pourcel's French Fiddles,95.0,95,136
2019-02-23,56,Who Do You Love,The Chainsmokers Featuring 5 Seconds Of Summer,56.0,56,136
1979-01-06,86,I Don't Know If It's Right,"Evelyn ""Champagne"" King",86.0,86,136
2000-01-08,94,Love Is Blind,Eve Featuring Faith Evans,94.0,94,136
1993-05-15,83,Love No Limit,Mary J. Blige,83.0,83,136
2003-06-28,1,This Is The Night,Clay Aiken,1.0,1,136
2002-11-30,62,Satisfaction,Eve,62.0,62,136
1966-04-23,98,Dirty Water,The Standells,98.0,98,136
2010-01-30,92,'Til Summer Comes Around,Keith Urban,92.0,92,136
1999-09-18,86,Gotta Man,Eve,86.0,86,136
2016-10-22,18,All We Know,The Chainsmokers Featuring Phoebe Ryan,18.0,18,136
1986-07-26,81,Missionary Man,Eurythmics,81.0,81,136
1973-07-28,81,My Maria,B.W. Stevenson,81.0,81,136
1975-11-15,51,Love Rollercoaster,Ohio Players,51.0,51,136
1962-10-27,90,Release Me,"Esther Phillips ""Little Esther""",90.0,90,136
1972-11-11,99,"You Turn Me On, I'm A Radio",Joni Mitchell,99.0,99,136
1973-09-08,75,Angie,The Rolling Stones,75.0,75,136
1959-12-07,96,"Shimmy, Shimmy, Ko-Ko-Bop",Little Anthony And The Imperials,96.0,96,136
1973-06-23,75,Feelin' Stronger Every Day,Chicago,75.0,75,136
1976-10-16,85,Shake Your Rump To The Funk,The Bar-Kays,85.0,85,136
1987-02-14,95,Walking Down Your Street,The Bangles,95.0,95,136
2002-10-19,79,React,Erick Sermon Featuring Redman,79.0,79,136
1983-07-30,69,Far From Over,Frank Stallone,69.0,69,136
1985-02-23,60,Along Comes A Woman,Chicago,60.0,60,136
1980-08-09,46,Late In The Evening,Paul Simon,46.0,46,136
1983-03-26,71,Stranger In My House,Ronnie Milsap,71.0,71,136
1970-07-25,100,Big Yellow Taxi,Joni Mitchell,100.0,100,136
1983-01-29,61,I've Got A Rock N' Roll Heart,Eric Clapton,61.0,61,136
1975-08-16,83,What A Diff'rence A Day Makes,Esther Phillips,83.0,83,136
1978-10-07,86,I'm Every Woman,Chaka Khan,86.0,86,136
1962-10-20,66,Big Girls Don't Cry,The 4 Seasons,66.0,66,136
1960-04-04,81,Doggin' Around,Jackie Wilson,81.0,81,136
1977-01-08,90,Say You'll Stay Until Tomorrow,Tom Jones,90.0,90,136
2006-02-25,24,Stupid Girls,P!nk,24.0,24,136
1998-08-15,23,Gotta Be,Jagged Edge,23.0,23,136
1970-09-12,88,Montego Bay,Bobby Bloom,88.0,88,136
1993-01-16,93,Get Away,Bobby Brown,93.0,93,136
2005-05-21,95,Untitled (How Can This Happen To Me?),Simple Plan,95.0,95,136
1980-07-05,72,Boulevard,Jackson Browne,72.0,72,136
1970-09-19,40,I'll Be There,Jackson 5,40.0,40,136
2009-05-09,75,Goodbye,Kristinia DeBarge,75.0,75,136
1978-07-15,73,An Everlasting Love,Andy Gibb,73.0,73,136
1959-04-13,100,Kansas City,Wilbert Harrison,100.0,100,136
2002-06-29,95,Love At First Sight,Kylie Minogue,95.0,95,136
1974-09-21,70,Back Home Again,John Denver,70.0,70,136
1959-06-22,98,It Was I,Skip And Flip,98.0,98,136
1998-05-30,74,Ninety Nine [Flash The Message],John Forte,74.0,74,136
1989-05-13,72,Send Me An Angel '89,Real Life,72.0,72,136
1960-01-11,75,What In The World's Come Over You,Jack Scott,75.0,75,136
1967-11-25,99,Judy In Disguise (With Glasses),John Fred And The Playboys,99.0,99,136
1958-12-15,81,Goodbye Baby,Jack Scott,81.0,81,136
2009-08-15,54,American Ride,Toby Keith,54.0,54,136
1984-12-08,90,Tragedy,John Hunter,90.0,90,136
1969-08-09,79,Hot Fun In The Summertime,Sly & The Family Stone,79.0,79,136
1979-12-15,88,When I Wanted You,Barry Manilow,88.0,88,136
1969-05-24,89,I Want To Take You Higher,Sly & The Family Stone,89.0,89,136
2020-02-08,88,Homemade,Jake Owen,88.0,88,136
1994-01-22,83,U Send Me Swingin',Mint Condition,83.0,83,136
2015-03-14,17,I Want You To Know,Zedd Featuring Selena Gomez,17.0,17,136
1970-09-12,83,Fire And Rain,James Taylor,83.0,83,136
2005-02-12,90,If Heaven,Andy Griggs,90.0,90,136
2006-03-25,98,The Real Thing,Bo Bice,98.0,98,136
2015-10-31,92,I Got The Boy,Jana Kramer,92.0,92,136
1968-12-14,85,Crimson And Clover,Tommy James And The Shondells,85.0,85,136
1958-12-08,69,Manhattan Spiritual,Reg Owen & His Orchestra,69.0,69,136
1973-09-01,80,Knockin' On Heaven's Door,Bob Dylan,80.0,80,136
1980-01-26,82,Three Times In Love,Tommy James,82.0,82,136
2004-05-22,82,Scandalous,Mis-Teeq,82.0,82,136
1958-10-27,88,Love Is All We Need,Tommy Edwards,88.0,88,136
1976-07-04,83,Shower The People,James Taylor,83.0,83,136
2017-09-09,82,Transportin',Kodak Black,82.0,82,136
1980-02-23,65,Fire Lake,Bob Seger,65.0,65,136
1997-03-29,52,You Don't Have To Hurt No More,Mint Condition,52.0,52,136
2005-12-17,99,Kerosene,Miranda Lambert,90.0,99,136
1998-07-18,61,Woof Woof,69 Boyz,61.0,61,136
1975-01-11,98,"Shame, Shame, Shame",Shirley And Company,98.0,98,136
2004-07-03,73,Feelin' Way Too Damn Good,Nickelback,73.0,73,136
1985-10-26,77,Emergency,Kool & The Gang,77.0,77,136
1980-07-26,82,You'll Accomp'ny Me,Bob Seger,82.0,82,136
1973-12-08,97,I Love,Tom T. Hall,97.0,97,136
1976-09-04,83,I Only Want To Be With You,Bay City Rollers,83.0,83,136
1998-03-21,66,Just Be Straight With Me,"Silkk The Shocker Featuring Master P, Destiny's Child, O'Dell, Mo",66.0,66,136
1977-12-03,98,Until Now,Bobby Arvon,98.0,98,136
1983-10-15,42,Crumblin' Down,John Cougar Mellencamp,42.0,42,136
1980-11-15,90,Shine On,L.T.D.,90.0,90,136
1995-11-18,89,Throw Your Hands Up,L.V.,89.0,89,136
1987-07-18,63,Doing It All For My Baby,Huey Lewis & The News,63.0,63,136
1979-10-13,74,I Want You Tonight,Pablo Cruise,74.0,74,136
1972-01-29,98,Every Day Of My Life,Bobby Vinton,98.0,98,136
2000-11-25,96,So In Love With Two,Mikaila,96.0,96,136
1978-06-10,68,Copacabana (at The Copa),Barry Manilow,68.0,68,136
2005-07-09,98,Helena (So Long & Goodnight),My Chemical Romance,98.0,98,136
1998-08-22,16,Time After Time,Inoj,16.0,16,136
1990-10-06,82,Think,Information Society,82.0,82,136
1975-04-26,81,Misty,Ray Stevens,81.0,81,136
1993-05-08,72,In These Arms,Bon Jovi,72.0,72,136
1992-10-24,76,Keep The Faith,Bon Jovi,76.0,76,136
1989-06-03,58,Lay Your Hands On Me,Bon Jovi,58.0,58,136
1978-09-16,88,Don't Want To Live Without It,Pablo Cruise,88.0,88,136
1987-08-15,62,Paper In Fire,John Mellencamp,62.0,62,136
2012-07-21,69,Truck Yeah,Tim McGraw,69.0,69,136
2014-11-08,92,Beg For It,Iggy Azalea Featuring M0,92.0,92,136
1962-08-11,90,Green Onions,Booker T. & The MG's,90.0,90,136
1983-12-10,45,Pink Houses,John Mellencamp,45.0,45,136
2010-07-03,90,Pretty Boy Swag,Soulja Boy Tell'em,90.0,90,136
1971-03-20,94,Melting Pot,Booker T. & The MG's,94.0,94,136
1960-01-04,82,Rockin' Little Angel,Ray Smith,82.0,82,136
2014-07-26,95,Fight Night,Migos,95.0,95,136
2004-10-23,75,Getting Away With Murder,Papa Roach,75.0,75,136
1973-05-19,71,Shambala,Three Dog Night,71.0,71,136
1981-01-31,72,What Kind Of Fool,Barbra Streisand & Barry Gibb,72.0,72,136
1969-05-03,84,One,Three Dog Night,84.0,84,136
1988-09-24,99,"Boy, I've Been Told",SaFire,99.0,99,136
1999-10-30,84,"4, 5, 6",Sole Featuring JT Money & Kandi,84.0,84,136
1981-10-10,57,The Old Songs,Barry Manilow,57.0,57,136
1989-06-10,94,I'm That Type Of Guy,LL Cool J,94.0,94,136
1992-10-10,86,Sesame's Treet,Smart E's,86.0,86,136
1986-08-30,49,Typical Male,Tina Turner,49.0,49,136
1983-02-26,79,Some Kind Of Friend,Barry Manilow,79.0,79,136
2003-01-04,66,Tell Me (What's Goin' On),Smilez & Southstar,66.0,66,136
1973-11-17,97,Baby Come Close,Smokey Robinson,97.0,97,136
1975-05-17,93,The Rockford Files,Mike Post,93.0,93,136
1963-11-09,94,Forget Him,Bobby Rydell,94.0,94,136
1978-09-16,70,Ready To Take A Chance Again,Barry Manilow,70.0,70,136
2011-03-12,82,Bow Chicka Wow Wow,Mike Posner Featuring Lil Wayne,82.0,82,136
1998-01-31,23,Father,LL Cool J,23.0,23,136
1960-02-01,72,Wild One,Bobby Rydell,72.0,72,136
1974-02-23,99,Tubular Bells,Mike Oldfield,99.0,99,136
1967-07-22,94,Come Back When You Grow Up,Bobby Vee And The Strangers,94.0,94,136
1991-04-13,74,Mama Said Knock You Out,LL Cool J,74.0,74,136
1970-10-17,68,The Tears Of A Clown,Smokey Robinson & The Miracles,68.0,68,136
1974-11-16,67,Mandy,Barry Manilow,67.0,67,136
1986-10-25,85,"The Future's So Bright, I Gotta Wear Shades",Timbuk 3,85.0,85,136
1980-11-22,61,I Made It Through The Rain,Barry Manilow,61.0,61,136
2015-01-03,90,Apparently,J. Cole,90.0,90,136
1978-12-16,79,Dancin' Shoes,Nigel Olsson,79.0,79,136
2020-08-29,58,Kacey Talk,YoungBoy Never Broke Again,58.0,58,136
1996-05-25,91,I'll Never Stop Loving You,J'Son,91.0,91,136
2006-12-02,85,That's That,Snoop Dogg Featuring R. Kelly,85.0,85,136
2007-06-02,93,I Need You,Tim McGraw With Faith Hill,93.0,93,136
2004-07-31,76,She Thinks She Needs Me,Andy Griggs,76.0,76,136
1990-04-07,45,Alright,Janet Jackson,45.0,45,136
1990-09-15,37,Black Cat,Janet Jackson,37.0,37,136
2004-04-03,67,Paint Me A Birmingham,Tracy Lawrence,67.0,67,136
1986-01-25,88,Live Is Life,Opus,88.0,88,136
1988-07-16,78,It Would Take A Strong Strong Man,Rick Astley,78.0,78,136
1979-01-27,88,Livin' It Up (Friday Night),Bell & James,88.0,88,136
1958-11-10,67,Bimbombey,Jimmie Rodgers,67.0,67,136
1974-09-14,84,The Need To Be,Jim Weatherly,84.0,84,136
1981-05-30,80,Rock And Roll Dreams Come Through,Jim Steinman,80.0,80,136
1984-03-24,83,Rock You Like A Hurricane,Scorpions,83.0,83,136
1988-07-02,52,Love Will Save The Day,Whitney Houston,52.0,52,136
1984-04-21,60,You Can't Get What You Want,Joe Jackson,60.0,60,136
2011-06-11,11,I Love You This Big,Scotty McCreery,11.0,11,136
1988-01-16,54,I Get Weak,Belinda Carlisle,54.0,54,136
1981-04-18,83,Fool In Love With You,Jim Photoglo,83.0,83,136
1979-12-22,66,September Morn',Neil Diamond,66.0,66,136
1992-04-04,98,If You Want It,2nd II None,98.0,98,136
2003-11-29,74,Drinkin' Bone,Tracy Byrd,74.0,74,136
2005-12-31,98,She Don't Tell Me To,Montgomery Gentry,100.0,98,136
2018-03-17,98,Sativa,Jhene Aiko Featuring Swae Lee Or Rae Sremmurd,91.0,98,136
1988-10-01,99,Symptoms Of True Love,Tracie Spencer,99.0,99,136
1978-04-15,87,You're The Love,Seals & Crofts,87.0,87,136
1997-10-18,93,The Rest Of Mine,Trace Adkins,93.0,93,136
1998-12-05,24,Hands,Jewel,24.0,24,136
1958-12-22,56,The All American Boy,Bill Parsons,56.0,56,136
1971-07-17,88,Ain't No Sunshine,Bill Withers,88.0,88,136
1974-11-02,82,Bungle In The Jungle,Jethro Tull,82.0,82,136
1959-05-25,89,There Is Something On Your Mind,Big Jay McNeely And Band,89.0,89,136
1983-01-15,73,Breaking Us In Two,Joe Jackson,73.0,73,136
1977-03-19,87,Hello Stranger,Yvonne Elliman,87.0,87,136
1989-09-02,65,Dr. Feelgood,Motley Crue,65.0,65,136
1961-01-02,86,Spanish Harlem,Ben E. King,86.0,86,136
1972-11-11,89,Your Mama Don't Dance,Kenny Loggins & Jim Messina,89.0,89,136
1984-09-29,77,I Can't Drive 55,Sammy Hagar,77.0,77,136
2012-10-20,3,Live While We're Young,One Direction,3.0,3,136
1961-10-30,94,Let There Be Drums,Sandy Nelson,94.0,94,136
1959-09-07,84,Teen Beat,Sandy Nelson,84.0,84,136
2011-10-15,48,When We Stand Together,Nickelback,48.0,48,136
1973-05-12,85,Boogie Woogie Bugle Boy,Bette Midler,85.0,85,136
1972-12-23,81,Do You Want To Dance?,Bette Midler,81.0,81,136
1989-11-25,90,Kickstart My Heart,Motley Crue,90.0,90,136
1979-04-28,61,She Believes In Me,Kenny Rogers,61.0,61,136
1968-12-14,94,I've Gotta Be Me,Sammy Davis Jr.,94.0,94,136
1959-12-07,98,"Go, Jimmy, Go",Jimmy Clanton,98.0,98,136
1990-06-02,72,Don't Go Away Mad (Just Go Away),Motley Crue,72.0,72,136
2012-12-01,95,Kiss You,One Direction,65.0,95,136
1970-02-14,85,Something's Burning,Kenny Rogers & The First Edition,85.0,85,136
1961-06-26,98,Wooden Heart,Joe Dowell,98.0,98,136
2009-06-13,87,Wetter (Calling You Daddy),Twista Featuring Erika Shevon,87.0,87,136
1971-12-18,98,Don't Say You Don't Remember,Beverly Bremers,98.0,98,136
2019-05-04,75,Before I Let Go,Beyonce,75.0,75,136
2011-02-12,100,Love Faces,Trey Songz,100.0,100,136
2009-05-30,100,I Need A Girl,Trey Songz,85.0,100,136
1961-10-02,53,Big Bad John,Jimmy Dean,53.0,53,136
1971-01-16,98,Help Me Make It Through The Night,Sammi Smith,98.0,98,136
1959-09-07,72,Lonely Street,Andy Williams,72.0,72,136
1960-03-28,81,Ooh Poo Pah Doo - Part II,Jessie Hill,81.0,81,136
2004-04-03,59,Take My Breath Away,Jessica Simpson,59.0,59,136
1958-11-17,74,Love You Most Of All,Sam Cooke,74.0,74,136
1982-10-09,73,Be My Lady,Jefferson Starship,73.0,73,136
1986-12-06,96,Facts Of Love,Jeff Lorber & Karyn White,96.0,96,136
1997-12-06,66,Don't Be Stupid (You Know I Love You),Shania Twain,66.0,66,136
1971-05-29,92,Mr. Big Stuff,Jean Knight,92.0,92,136
2009-09-05,90,I'm Alive,Kenny Chesney With Dave Matthews,90.0,90,136
1979-04-21,84,You Take My Breath Away,Rex Smith,84.0,84,136
1963-01-12,90,I Wanna Be Around,Tony Bennett,90.0,90,136
2008-01-19,92,Shiftwork,Kenny Chesney Duet With George Strait,92.0,92,136
2019-06-08,48,Easier,5 Seconds Of Summer,48.0,48,136
2013-07-27,81,Part II (On The Run),Jay Z Featuring Beyonce,96.0,81,136
2020-01-11,100,July,Noah Cyrus & Leon Bridges,100.0,100,136
1977-11-12,77,Hey Deanie,Shaun Cassidy,77.0,77,136
2000-07-01,63,I Think I'm In Love With You,Jessica Simpson,63.0,63,136
1980-05-17,74,All Night Long,Joe Walsh,74.0,74,136
1966-10-08,79,Devil With A Blue Dress On & Good Golly Miss Molly,Mitch Ryder And The Detroit Wheels,79.0,79,136
2014-05-17,97,My Eyes,Blake Shelton Featuring Gwen Sebastian,97.0,97,136
2019-11-30,93,We Back,Jason Aldean,93.0,93,136
1969-05-24,95,"Baby, I Love You",Andy Kim,95.0,95,136
1974-04-20,99,If You Wanna Get To Heaven,Ozark Mountain Daredevils,99.0,99,136
2008-02-02,96,Laughed Until We Cried,Jason Aldean,96.0,96,136
2007-05-05,97,Johnny Cash,Jason Aldean,97.0,97,136
2014-10-04,63,Gonna Know We Were Here,Jason Aldean,92.0,63,136
2018-04-07,64,Lost In Japan,Shawn Mendes X Zedd,99.0,64,136
1960-08-15,79,Chain Gang,Sam Cooke,79.0,79,136
1984-05-12,72,No Way Out,Jefferson Starship,72.0,72,136
1978-05-27,79,Runaway,Jefferson Starship,79.0,79,136
1995-05-27,92,I Wanna Love Like That,Tony Thompson,92.0,92,136
1984-07-07,51,Rock Me Tonite,Billy Squier,51.0,51,136
1989-01-21,62,Just Because,Anita Baker,62.0,62,136
1986-10-25,78,Crazay,Jesse Johnson (Featuring Sly Stone),78.0,78,136
1990-02-24,69,Heartbeat,Seduction,69.0,69,136
1975-10-04,82,Nights On Broadway,Bee Gees,82.0,82,136
1958-08-18,52,How The Time Flies,Jerry Wallace,52.0,52,136
2004-06-26,73,I Got A Feelin',Billy Currington,73.0,73,136
1991-03-16,81,It's A Shame (My Sister),Monie Love Featuring True Image,81.0,81,136
2006-08-19,94,Everytime Tha Beat Drop,Monica Featuring Dem Franchize Boyz,94.0,94,136
2012-03-24,96,No Hurry,Zac Brown Band,96.0,96,136
2018-11-10,76,Talk To Me,Tory Lanez & Rich The Kid,76.0,76,136
1997-08-23,67,"After 12, Before 6",Sam Salter,67.0,67,136
1990-01-13,67,I Go To Extremes,Billy Joel,67.0,67,136
1985-01-26,57,Keeping The Faith,Billy Joel,57.0,57,136
1985-07-13,50,You're Only Human (Second Wind),Billy Joel,50.0,50,136
1986-10-25,77,Love Is Forever,Billy Ocean,77.0,77,136
1986-07-26,65,Love Zone,Billy Ocean,65.0,65,136
1988-05-28,76,The Colour Of Love,Billy Ocean,76.0,76,136
1972-11-04,74,Me And Mrs. Jones,Billy Paul,74.0,74,136
1968-01-27,67,(Sittin' On) The Dock Of The Bay,Otis Redding,67.0,67,136
1969-08-02,84,That's The Way God Planned It,Billy Preston,84.0,84,136
1975-12-27,73,Fanny (Be Tender With My Love),Bee Gees,73.0,73,136
1985-05-11,65,Crazy In The Night (Barking At Airplanes),Kim Carnes,65.0,65,136
2003-05-03,64,I'm Glad,Jennifer Lopez,64.0,64,136
1986-10-18,42,Hip To Be Square,Huey Lewis & The News,42.0,42,136
1986-10-18,69,You Know I Love You ... Don't You?,Howard Jones,69.0,69,136
1986-05-10,74,When The Heart Rules The Mind,GTR,74.0,74,136
1994-04-30,88,Worker Man,Patra,88.0,88,136
1980-10-18,79,Deep Inside My Heart,Randy Meisner,79.0,79,136
2019-06-15,16,Press,Cardi B,16.0,16,136
2009-10-31,92,Papers,Usher,92.0,92,136
1962-11-03,85,Telstar,The Tornadoes,85.0,85,136
1973-01-27,86,Neither One Of Us (Wants To Be The First To Say Goodbye),Gladys Knight And The Pips,86.0,86,136
1982-05-22,90,If The Love Fits Wear It,Leslie Pearl,90.0,90,136
2014-01-25,93,Goodnight Kiss,Randy Houser,93.0,93,136
1973-11-24,74,I've Got To Use My Imagination,Gladys Knight And The Pips,74.0,74,136
1965-07-31,100,"The ""In"" Crowd",Ramsey Lewis Trio,100.0,100,136
1959-06-01,82,Mona Lisa,Carl Mann,82.0,82,136
2017-02-11,92,Good Drank,2 Chainz x Gucci Mane x Quavo,95.0,92,136
2001-06-02,78,We Need A Resolution,Aaliyah Featuring Timbaland,78.0,78,136
1968-11-09,98,Stand By Your Man,Tammy Wynette,98.0,98,136
1968-05-04,97,Angel Of The Morning,Merrilee Rush & The Turnabouts,97.0,97,136
1966-08-20,89,B-A-B-Y,Carla Thomas,89.0,89,136
2003-11-01,93,Love You More,Ginuwine,93.0,93,136
2009-06-20,95,Last Chance,Ginuwine,95.0,95,136
1994-08-13,83,Romantic Call,Patra Featuring Yo-Yo,83.0,83,136
1998-10-17,37,All The Places (I Will Kiss You),Aaron Hall,37.0,37,136
1974-10-05,89,She's Gone,Tavares,89.0,89,136
1992-03-14,90,Don't Be Afraid,Aaron Hall,90.0,90,136
1982-05-01,90,Forget Me Nots,Patrice Rushen,90.0,90,136
1985-05-04,85,Black Cars,Gino Vannelli,85.0,85,136
1977-06-04,85,Telephone Man,Meri Wilson,85.0,85,136
1999-07-03,97,Everyone Falls In Love,Tanto Metro & Devonte,97.0,97,136
1976-05-01,62,Shop Around,Captain & Tennille,62.0,62,136
1990-08-04,64,Heart Of Stone,Taylor Dayne,64.0,64,136
1994-09-03,94,Can U Get Wit It,Usher,94.0,94,136
2005-12-03,91,Just Might (Make Me Believe),Sugarland,91.0,91,136
1967-07-08,100,Gentle On My Mind,Glen Campbell,100.0,100,136
1963-10-26,99,Since I Fell For You,Lenny Welch,99.0,99,136
1991-07-20,49,Things That Make You Go Hmmmm. . .,C+C Music Factory,49.0,49,136
1974-10-12,90,You Got The Love,Rufus Featuring Chaka Khan,90.0,90,136
1982-09-25,79,American Heartbeat,Survivor,79.0,79,136
1975-12-06,82,Convoy,C.W. McCall,82.0,82,136
1990-10-20,88,Fairweather Friend,Johnny Gill,88.0,88,136
1975-11-15,47,Fox On The Run,Sweet,47.0,47,136
1990-08-04,56,"My, My, My",Johnny Gill,56.0,56,136
1975-01-11,90,Sad Sweet Dreamer,Sweet Sensation,90.0,90,136
1995-03-25,68,I'll Be Around,Rappin' 4-Tay Featuring The Spinners,68.0,68,136
1991-03-16,75,You Don't Have To Go Home Tonight,The Triplets,75.0,75,136
1990-12-08,76,Moneytalks,AC/DC,76.0,76,136
1980-09-06,89,You Shook Me All Night Long,AC/DC,89.0,89,136
1986-11-01,94,Falling In Love (Uh-Oh),Miami Sound Machine,94.0,94,136
2007-05-12,8,Never Again,Kelly Clarkson,8.0,8,136
1976-05-29,73,Young Hearts Run Free,Candi Staton,73.0,73,136
1961-10-30,98,Walk On By,Leroy Van Dyke,98.0,98,136
1962-10-06,98,Wiggle Wobble,Les Cooper and the Soul Rockers,83.0,98,136
1999-05-08,100,Players Holiday,T.W.D.Y. Featuring Too Short & Mac Mall,100.0,100,136
2015-10-17,96,Lay It All On Me,Rudimental Featuring Ed Sheeran,87.0,96,136
1998-10-03,21,Westside,TQ,21.0,21,136
1968-02-24,98,Love Is All Around,The Troggs,98.0,98,136
1972-10-28,86,Clair,Gilbert O'Sullivan,86.0,86,136
1983-04-09,28,Overkill,Men At Work,28.0,28,136
1985-07-06,72,Life In One Day,Howard Jones,72.0,72,136
1992-07-25,76,"Give U My Heart (From ""Boomerang"")",Babyface (Featuring Toni Braxton),76.0,76,136
1985-03-30,65,One Lonely Night,REO Speedwagon,65.0,65,136
1968-02-17,84,Playboy,Gene And Debbe,84.0,84,136
1982-06-12,52,Keep The Fire Burnin',REO Speedwagon,52.0,52,136
1961-04-10,98,Three Hearts In A Tangle,Roy Drusky,98.0,98,136
1961-12-25,92,Tuff,Ace Cannon,92.0,92,136
2011-04-23,87,Hustle Hard,Ace Hood,87.0,87,136
2019-08-24,11,Hot Girl Summer,"Megan Thee Stallion, Nicki Minaj & Ty Dolla $ign",11.0,11,136
1982-02-06,84,(oh) Pretty Woman,Van Halen,84.0,84,136
1982-06-12,69,Out Of Work,Gary U.S. Bonds,69.0,69,136
2021-01-30,97,Somebody Like That,Tenille Arts,97.0,97,136
1961-12-11,65,Dear Lady Twist,Gary U.S. Bonds,65.0,65,136
1960-08-08,81,Anymore,Teresa Brewer,81.0,81,136
1968-02-10,100,Gentle On My Mind,Patti Page,100.0,100,136
2001-10-06,94,Do U Wanna Roll (Dolittle Theme),"R.L., Snoop Dogg & Lil' Kim",94.0,94,136
2004-10-23,94,Take Me Home,Terror Squad,94.0,94,136
2006-05-20,96,Life Ain't Always Beautiful,Gary Allan,96.0,96,136
2007-09-15,73,More Than A Memory,Garth Brooks,73.0,73,136
2020-05-23,43,3 Headed Goat,Lil Durk Featuring Lil Baby & Polo G,43.0,43,136
1978-11-11,83,Don't Hold Back,Chanson,83.0,83,136
1975-01-25,63,Have You Never Been Mellow,Olivia Newton-John,63.0,63,136
1963-03-02,93,Pipeline,Chantay's,93.0,93,136
1992-12-26,93,No Mistakes,Patty Smyth,93.0,93,136
1972-08-12,97,I Believe In Music,Gallery,97.0,97,136
1996-01-06,63,Let's Play House,Tha Dogg Pound Featuring Michel'le,63.0,63,136
2000-07-15,81,Your Everything,Keith Urban,81.0,81,136
2020-09-26,95,You Got It,VEDO,95.0,95,136
1974-02-02,80,Mockingbird,Carly Simon & James Taylor,80.0,80,136
2018-12-15,46,Pure Cocaine,Lil Baby,46.0,46,136
1974-11-30,79,Doctor's Orders,Carol Douglas,79.0,79,136
2010-08-28,100,Hot Tottie,Usher Featuring Jay-Z,100.0,100,136
1998-09-05,19,Thinkin' Bout It,Gerald Levert,19.0,19,136
1974-08-31,86,Jazzman,Carole King,86.0,86,136
2007-05-05,95,Wrapped,George Strait,95.0,95,136
1999-09-04,82,What Do You Say To That,George Strait,82.0,82,136
1972-10-14,83,Papa Was A Rollin' Stone,The Temptations,83.0,83,136
2010-03-20,43,Lil Freak,Usher Featuring Nicki Minaj,43.0,43,136
1988-07-09,42,Monkey,George Michael,42.0,42,136
1990-10-27,53,Freedom,George Michael,53.0,53,136
1986-04-26,57,A Different Corner,George Michael,57.0,57,136
1975-06-21,88,Third Rate Romance,Amazing Rhythm Aces,88.0,88,136
1964-07-18,93,It Hurts To Be In Love,Gene Pitney,93.0,93,136
2016-11-05,73,Dirty Laundry,Carrie Underwood,73.0,73,136
1990-12-01,86,No Matter What,George LaMond (Duet With Brenda K. Starr),86.0,86,136
1981-05-23,33,All Those Years Ago,George Harrison,33.0,33,136
2002-02-16,94,Never,Amanda Perez,94.0,94,136
1975-03-08,89,How Long,Ace,89.0,89,136
1994-07-02,100,The Right Kinda Lover,Patti LaBelle,100.0,100,136
2014-11-08,98,God Made Girls,RaeLynn,98.0,98,136
1986-08-16,54,Throwing It All Away,Genesis,54.0,54,136
1961-08-14,71,Crying,Roy Orbison,71.0,71,136
1978-04-22,83,Follow You Follow Me,Genesis,83.0,83,136
1974-05-04,98,This Heart,Gene Redding,98.0,98,136
2009-03-14,89,Here Comes Goodbye,Rascal Flatts,89.0,89,136
2016-02-13,87,I Like The Sound Of That,Rascal Flatts,87.0,87,136
1975-04-05,71,Sister Golden Hair,America,71.0,71,136
1980-11-22,86,He Can't Love You,Michael Stanley Band,86.0,86,136
1973-11-03,90,Leave Me Alone (ruby Red Dress),Helen Reddy,90.0,90,136
1962-06-09,96,Baby Elephant Walk,Lawrence Welk And His Orchestra,96.0,96,136
1990-04-14,98,Nicety,Michel'le,98.0,98,136
1975-08-09,86,Ain't No Way To Treat A Lady,Helen Reddy,86.0,86,136
1986-05-03,75,Like No Other Night,Thirty Eight Special,75.0,75,136
1983-11-12,62,If I'd Been The One,Thirty Eight Special,62.0,62,136
1978-02-11,90,Flash Light,Parliament,90.0,90,136
1980-11-22,41,Tell It Like It Is,Heart,41.0,41,136
1986-04-19,65,Nothin' At All,Heart,65.0,65,136
2018-04-21,92,Chun-Li,Nicki Minaj,92.0,92,136
2014-10-11,98,Close Your Eyes,Parmalee,98.0,98,136
1973-06-23,80,I Believe In You (You Believe In Me),Johnnie Taylor,80.0,80,136
1973-03-10,82,Reeling In The Years,Steely Dan,82.0,82,136
1992-11-07,77,Who's Gonna Ride Your Wild Horses,U2,77.0,77,136
1958-09-15,59,Ten Commandments Of Love,Harvey & The Moonglows,59.0,59,136
1990-04-21,89,Turtle Power,Partners In Kryme,89.0,89,136
2017-01-14,90,Think A Little Less,Michael Ray,90.0,90,136
1968-10-05,86,Magic Carpet Ride,Steppenwolf,86.0,86,136
1972-03-11,100,Taxi,Harry Chapin,100.0,100,136
1979-03-17,88,(If Loving You Is Wrong) I Don't Want To Be Right,Barbara Mandrell,88.0,88,136
1973-10-20,83,D'yer Mak'er,Led Zeppelin,83.0,83,136
1990-01-06,85,No Myth,Michael Penn,85.0,85,136
1984-12-22,86,Small Town Boy,Bronski Beat,86.0,86,136
1961-03-06,76,Portrait Of My Love,Steve Lawrence,76.0,76,136
1987-06-20,90,These Times Are Hard For Lovers,John Waite,90.0,90,136
1980-08-09,80,How Do I Survive,Amy Holland,80.0,80,136
2008-07-05,91,All I Want To Do,Sugarland,91.0,91,136
1989-01-14,96,Don't Tell Me Lies,Breathe,96.0,96,136
2009-08-22,98,Welcome To The Future,Brad Paisley,98.0,98,136
2008-11-01,66,Start A Band,Brad Paisley Duet With Keith Urban,66.0,66,136
1987-06-27,89,Dreamin',Will To Power,89.0,89,136
1986-07-12,94,What Does It Take,Honeymoon Suite,94.0,94,136
1976-04-03,84,Movin',Brass Construction,84.0,84,136
1986-03-08,86,Feel It Again,Honeymoon Suite,86.0,86,136
1983-08-13,85,Miracles,Stacy Lattisaw,85.0,85,136
1976-11-27,47,Lost Without Your Love,Bread,47.0,47,136
2013-02-02,82,Wild For The Night,A$AP Rocky Featuring Skrillex,82.0,82,136
1962-09-29,93,Desafinado,Stan Getz/Charlie Byrd,93.0,93,136
2006-03-04,91,Poppin' My Collar,Three 6 Mafia,91.0,91,136
1983-01-22,80,Lies,Thompson Twins,80.0,80,136
1978-04-01,86,Deacon Blues,Steely Dan,86.0,86,136
1986-01-18,52,King For A Day,Thompson Twins,52.0,52,136
1984-05-26,60,Doctor! Doctor!,Thompson Twins,60.0,60,136
2010-07-24,98,B.M.F. (Blowin' Money Fast),Rick Ross Featuring Styles P,98.0,98,136
1989-08-05,80,It's Not Enough,Starship,80.0,80,136
1987-06-27,67,It's Not Over ('til It's Over),Starship,67.0,67,136
1965-09-25,89,Taste Of Honey,Herb Alpert & The Tijuana Brass,89.0,89,136
2001-02-03,75,Free,Mya,75.0,75,136
1978-08-05,66,Summer Nights,John Travolta & Olivia Newton-John & Cast,66.0,66,136
1969-10-18,76,Na Na Hey Hey Kiss Him Goodbye,Steam,76.0,76,136
2012-08-18,89,Diced Pineapples,Rick Ross Featuring Wale & Drake,88.0,89,136
1981-11-14,62,Comin' In And Out Of Your Life,Barbra Streisand,62.0,62,136
1976-05-08,85,Take The Money And Run,Steve Miller,85.0,85,136
1994-07-16,86,You Better Wait,Steve Perry,86.0,86,136
1960-07-18,87,The Twist,Hank Ballard And The Midnighters,87.0,87,136
1967-09-30,88,Incense And Peppermints,Strawberry Alarm Clock,88.0,88,136
1983-10-08,75,P.Y.T. (Pretty Young Thing),Michael Jackson,75.0,75,136
1987-10-17,66,Skeletons,Stevie Wonder,66.0,66,136
1972-11-18,82,Superstition,Stevie Wonder,82.0,82,136
2015-12-26,93,Backroad Song,Granger Smith,93.0,93,136
1987-10-03,40,Brilliant Disguise,Bruce Springsteen,40.0,40,136
1981-04-25,90,Is It You,Lee Ritenour,90.0,90,136
1977-12-24,82,The Name Of The Game,ABBA,82.0,82,136
1992-03-21,29,Human Touch/Better Days,Bruce Springsteen,29.0,29,136
1987-12-05,57,Tunnel Of Love,Bruce Springsteen,57.0,57,136
1959-05-25,98,Waterloo,Stonewall Jackson,98.0,98,136
2013-09-14,60,Gorilla,Bruno Mars,60.0,60,136
1987-03-28,54,Heat Of The Night,Bryan Adams,54.0,54,136
1960-09-19,87,"Let's Go, Let's Go, Let's Go",Hank Ballard And The Midnighters,87.0,87,136
1986-07-26,73,Walk This Way,Run-D.M.C.,73.0,73,136
1983-04-30,35,Don't Let It End,Styx,35.0,35,136
1990-06-23,80,We're All In the Same Gang,The West Coast Rap All-Stars,80.0,80,136
1984-03-17,58,Head Over Heels,Go-Go's,58.0,58,136
2006-05-27,93,Me And My Gang,Rascal Flatts,93.0,93,136
1991-04-06,91,Love At First Sight,Styx,91.0,91,136
2000-03-25,74,You Owe Me,NAS Featuring Ginuwine,74.0,74,136
1961-12-04,94,Norman,Sue Thompson,94.0,94,136
1972-08-05,85,Ben,Michael Jackson,85.0,85,136
1982-10-16,69,Shadows Of The Night,Pat Benatar,69.0,69,136
1959-03-09,81,Guitar Boogie Shuffle,The Virtues,81.0,81,136
1988-04-30,58,The Valley Road,Bruce Hornsby & The Range,58.0,58,136
1990-06-23,63,Across The River,Bruce Hornsby & The Range,63.0,63,136
1973-04-21,96,Give Your Baby A Standing Ovation,The Dells,96.0,96,136
2012-10-06,100,Did It For The Girl,Greg Bates,100.0,100,136
1981-12-05,84,Love Is Alright Tonite,Rick Springfield,84.0,84,136
1984-03-10,49,Love Somebody,Rick Springfield,49.0,49,136
1959-10-19,60,So Many Ways,Brook Benton,60.0,60,136
1978-04-22,94,Bluer Than Blue,Michael Johnson,94.0,94,136
1976-09-04,77,Fernando,ABBA,77.0,77,136
2017-06-10,77,Most Girls,Hailee Steinfeld,77.0,77,136
2015-08-29,96,Love Myself,Hailee Steinfeld,96.0,96,136
1961-05-15,90,The Boll Weevil Song,Brook Benton,90.0,90,136
1993-12-25,83,Life (Everybody Needs Somebody To Love),Haddaway,83.0,83,136
2021-05-08,64,Come Through,H.E.R. Featuring Chris Brown,70.0,64,136
1994-04-16,86,Part Time Lover/I'm Still In Love With You,H-Town/Al B. Sure!,86.0,86,136
2005-02-12,82,It's Getting Better All The Time,Brooks & Dunn,82.0,82,136
2007-06-09,76,4 In The Morning,Gwen Stefani,76.0,76,136
1991-12-21,95,Live And Let Die,Guns N' Roses,95.0,95,136
1973-03-24,86,Let's Pretend,Raspberries,86.0,86,136
2017-07-01,100,It Ain't My Fault,Brothers Osborne,100.0,100,136
2009-11-14,93,Spotlight,Gucci Mane Featuring Usher,93.0,93,136
1975-11-29,89,Squeeze Box,The Who,89.0,89,136
1997-05-17,61,5 Miles To Empty,Brownstone,61.0,61,136
1985-05-18,85,Find A Way,Amy Grant,85.0,85,136
1984-12-01,64,Love Light In Flight,Stevie Wonder,64.0,64,136
1980-04-19,57,She's Out Of My Life,Michael Jackson,57.0,57,136
1982-02-13,90,Goin' Down,Greg Guidry,90.0,90,136
2010-02-27,76,"Beamer, Benz, Or Bentley",Lloyd Banks Featuring Juelz Santana,76.0,76,136
2002-05-11,76,What If A Woman,Joe,76.0,76,136
1971-03-06,87,Chick-A-Boom (Don't Ya Jes' Love It),Daddy Dewdrop,87.0,87,136
1962-10-20,87,Bobby's Girl,Marcie Blane,87.0,87,136
1988-07-30,73,Fallen Angel,Poison,73.0,73,136
1960-10-17,82,Lonely Teenager,Dion,82.0,82,136
1996-10-12,34,Sittin' On Top Of The World,Da Brat,34.0,34,136
1978-02-18,78,Sweet Talkin' Woman,Electric Light Orchestra,78.0,78,136
1982-03-27,80,Fantasy,Aldo Nova,80.0,80,136
1999-05-15,83,Tonight The Heartache's On Me,Dixie Chicks,83.0,83,136
2005-03-05,82,Number One Spot,Ludacris,82.0,82,136
2007-04-14,78,Little Wonders,Rob Thomas,78.0,78,136
1996-04-27,80,"Scarred (From ""Eddie"")",Luke,80.0,80,136
2009-10-24,16,One Less Lonely Girl,Justin Bieber,16.0,16,136
1993-11-13,80,Real Muthaphuckkin G's,Eazy-E,80.0,80,136
1983-04-30,43,Family Man,Daryl Hall John Oates,43.0,43,136
2003-04-26,87,In Love Wit Chu,Da Brat Featuring Cherish,87.0,87,136
1998-05-16,85,There's Your Trouble,Dixie Chicks,85.0,85,136
1962-10-06,88,(Dance With The) Guitar Man,Duane Eddy and the Rebelettes,88.0,88,136
1958-08-04,54,Nel Blu Dipinto Di Blu (Volaré),Domenico Modugno,54.0,54,136
1980-06-21,71,Make A Little Magic,The Dirt Band,71.0,71,136
2021-07-24,50,Memory,Kane Brown X blackbear,50.0,50,136
1996-03-30,65,Amish Paradise,"""Weird Al"" Yankovic",65.0,65,136
1994-03-12,96,C.R.E.A.M. (Cash Rules Everything Around Me),Wu-Tang Clan,96.0,96,136
1973-10-06,74,Photograph,Ringo Starr,74.0,74,136
1982-01-23,82,Should I Do It,The Pointer Sisters,82.0,82,136
1974-07-27,97,Live It Up Part 1,The Isley Brothers,97.0,97,136
1972-08-19,95,"Freddie's Dead (Theme From ""Superfly"")",Curtis Mayfield,95.0,95,136
1974-04-13,90,For The Love Of Money,The O'Jays,90.0,90,136
2008-11-01,92,I Don't Care,Apocalyptica Featuring Adam Gontier,92.0,92,136
1981-01-24,78,Precious To Me,Phil Seymour,78.0,78,136
1993-02-27,90,Simple Life,Elton John,90.0,90,136
2018-07-14,86,"Sunrise, Sunburn, Sunset",Luke Bryan,86.0,86,136
1999-10-02,91,15 Minutes,Marc Nelson,91.0,91,136
1998-02-14,82,If I Never Stop Loving You,David Kersh,82.0,82,136
1983-05-28,80,Saved By Zero,The Fixx,80.0,80,136
1987-05-30,76,Wot's It To Ya,Robbie Nevil,76.0,76,136
2013-04-06,42,#thatPOWER,will.i.am Featuring Justin Bieber,42.0,42,136
1976-05-29,89,Sophisticated Lady (She's A Different Lady),Natalie Cole,89.0,89,136
1962-08-04,91,Ramblin' Rose,Nat King Cole,91.0,91,136
1988-04-16,46,Everything Your Heart Desires,Daryl Hall John Oates,46.0,46,136
1985-01-19,43,California Girls,David Lee Roth,43.0,43,136
1959-12-28,72,Where Or When,Dion & The Belmonts,72.0,72,136
1987-03-14,83,Talk Dirty To Me,Poison,83.0,83,136
1997-09-06,7,Barbie Girl,Aqua,7.0,7,136
1985-08-17,36,Dress You Up,Madonna,36.0,36,136
1988-06-04,98,I Know You're Out There Somewhere,The Moody Blues,98.0,98,136
1977-05-07,87,"Luckenbach, Texas (Back To The Basics Of Love)",Waylon Jennings,87.0,87,136
1958-08-25,95,No One Knows,Dion & The Belmonts,95.0,95,136
1978-05-06,85,Thank God It's Friday,Love And Kisses,85.0,85,136
1963-04-06,87,I Love You Because,Al Martino,87.0,87,136
1973-04-28,90,Roll Over Beethoven,Electric Light Orchestra,90.0,90,136
1989-06-03,41,Express Yourself,Madonna,41.0,41,136
1969-04-05,80,Grazing In The Grass,The Friends Of Distinction,80.0,80,136
1973-05-26,85,Smoke On The Water,Deep Purple,85.0,85,136
2004-12-04,75,Monday Morning Church,Alan Jackson,75.0,75,136
2007-02-03,89,She's Like The Wind,Lumidee Featuring Tony Sunshine,89.0,89,136
1982-12-18,78,The Woman In Me,Donna Summer,78.0,78,136
1974-06-22,78,Feel Like Makin' Love,Roberta Flack,78.0,78,136
1998-12-05,72,Pretty Fly (For A White Guy),The Offspring,72.0,72,136
1986-10-04,40,True Blue,Madonna,40.0,40,136
1973-04-14,88,And I Love You So,Perry Como,88.0,88,136
1975-07-05,77,That's The Way Of The World,"Earth, Wind & Fire",77.0,77,136
1987-06-06,63,"Cross My Broken Heart (From ""Beverly Hills Cop II"")",The Jets,63.0,63,136
1975-10-25,50,That's The Way (I Like It),KC And The Sunshine Band,50.0,50,136
1987-07-11,43,Who's That Girl,Madonna,43.0,43,136
1976-07-10,80,Summer,War,80.0,80,136
1997-11-22,81,I'm Afraid Of Americans,David Bowie,81.0,81,136
2015-04-25,99,Baby Be My Love Song,Easton Corbin,99.0,99,136
1990-11-10,82,New York Minute,Don Henley,82.0,82,136
2013-05-25,24,#Beautiful,Mariah Carey Featuring Miguel,24.0,24,136
2005-10-29,100,Heard 'Em Say,Kanye West Featuring Adam Levine,100.0,100,136
1979-05-12,69,Boogie Wonderland,"Earth, Wind & Fire with The Emotions",69.0,69,136
1997-02-22,17,"Don't Cry For Me Argentina (From ""Evita"")",Madonna,17.0,17,136
1959-01-05,84,May You Always,The McGuire Sisters,84.0,84,136
1971-07-03,93,K-Jee,The Nite-Liters,93.0,93,136
1982-03-20,66,Did It In A Minute,Daryl Hall John Oates,66.0,66,136
2018-06-09,19,I'm Upset,Drake,19.0,19,136
1991-05-18,91,Lily Was Here,David A. Stewart Introducing Candy Dulfer,91.0,91,136
2021-07-24,3,Stay,The Kid LAROI & Justin Bieber,3.0,3,136
1958-11-03,65,I Got Stung,Elvis Presley,65.0,65,136
1974-10-05,93,Sugar Pie Guy Pt. 1,The Joneses,93.0,93,136
2009-10-10,95,Red Light,David Nail,95.0,95,136
2019-08-10,82,Living,Dierks Bentley,82.0,82,136
1983-07-02,64,I'll Tumble 4 Ya,Culture Club,64.0,64,136
1983-02-05,80,Make Love Stay,Dan Fogelberg,80.0,80,136
1982-10-09,72,Missing You,Dan Fogelberg,72.0,72,136
1990-04-28,86,Club At The End Of The Street,Elton John,86.0,86,136
1990-08-11,77,Policy Of Truth,Depeche Mode,77.0,77,136
2016-07-30,91,You & Me,Marc E. Bassy Featuring G-Eazy,91.0,91,136
1998-01-24,23,Given To Fly,Pearl Jam,23.0,23,136
1984-03-03,40,Miss Me Blind,Culture Club,40.0,40,136
1958-08-04,84,Summertime Blues,Eddie Cochran,84.0,84,136
1987-02-14,90,Dominoes,Robbie Nevil,90.0,90,136
1973-08-18,92,Yes We Can Can,The Pointer Sisters,92.0,92,136
2004-10-23,72,How Am I Doin',Dierks Bentley,72.0,72,136
1986-10-04,94,Welcome To The Boomtown,David & David,94.0,94,136
1972-10-21,65,It Never Rains In Southern California,Albert Hammond,65.0,65,136
1976-07-04,59,Let 'em In,Wings,59.0,59,136
1986-06-07,76,All The Love In The World,The Outfield,76.0,76,136
1973-12-22,71,Put Your Hands Together,The O'Jays,71.0,71,136
1981-03-21,79,I Missed Again,Phil Collins,79.0,79,136
1979-09-01,82,Good Girls Don't,The Knack,82.0,82,136
1989-08-26,94,Call It Love,Poco,94.0,94,136
2018-02-10,9,Say Something,Justin Timberlake Featuring Chris Stapleton,9.0,9,136
1981-02-07,85,Just Between You And Me,April Wine,85.0,85,136
2012-11-17,99,Tip It On Back,Dierks Bentley,91.0,99,136
1989-01-28,74,Walk The Dinosaur,Was (Not Was),74.0,74,136
1983-08-27,37,King Of Pain,The Police,37.0,37,136
1991-05-04,94,Gypsy Woman (She's Homeless),Crystal Waters,94.0,94,136
1977-07-09,81,Float On,The Floaters,81.0,81,136
1999-02-13,85,Crush,Dave Matthews Band,85.0,85,136
1978-10-21,75,How You Gonna See Me Now,Alice Cooper,75.0,75,136
1968-12-28,100,Things I'd Like To Say,New Colony Six,100.0,100,136
1991-07-20,40,The Promise Of A New Day,Paula Abdul,40.0,40,136
2017-04-08,9,Portland,Drake Featuring Quavo & Travis Scott,9.0,9,136
1992-12-05,86,I Love You Period,Dan Baird,86.0,86,136
2002-09-07,76,Where Would You Be,Martina McBride,76.0,76,136
2019-02-09,88,Shot Clock,Ella Mai,88.0,88,136
1959-08-17,56,('til) I Kissed You,The Everly Brothers,56.0,56,136
1987-10-17,93,Motortown,The Kane Gang,93.0,93,136
1984-01-07,61,Wrapped Around Your Finger,The Police,61.0,61,136
1983-05-07,56,I'm Still Standing,Elton John,56.0,56,136
1973-07-14,68,"Say, Has Anybody Seen My Sweet Gypsy Rose",Dawn Featuring Tony Orlando,68.0,68,136
1979-03-31,38,Goodnight Tonight,Wings,38.0,38,136
1960-01-25,86,Harbor Lights,The Platters,86.0,86,136
1985-11-09,87,Face The Face,Pete Townshend,87.0,87,136
1973-09-15,86,Paper Roses,Marie Osmond,86.0,86,136
1974-07-20,71,Clap For The Wolfman,The Guess Who,71.0,71,136
1998-01-03,91,Ain't That Just The Way,Lutricia McNeal,91.0,91,136
2013-04-13,98,Lego House,Ed Sheeran,98.0,98,136
1991-03-16,76,Voices That Care,Voices That Care,76.0,76,136
1972-05-27,82,The Happiest Girl In The Whole U.S.A.,Donna Fargo,82.0,82,136
2012-12-08,98,Remember You,Wiz Khalifa Featuring The Weeknd,98.0,98,136
1983-06-11,60,Hot Girls In Love,Loverboy,60.0,60,136
1976-08-28,83,You Are My Starship,Norman Connors,83.0,83,136
1998-10-17,59,Wherever You Go,Voices Of Theory,59.0,59,136
1962-06-02,84,Twist And Shout,The Isley Brothers,84.0,84,136
1960-08-22,99,Diamonds And Pearls,The Paradons,99.0,99,136
2002-05-04,85,Don't Say Goodbye,Paulina Rubio,85.0,85,136
1989-02-25,67,Heaven Help Me,Deon Estus With George Michael,67.0,67,136
2006-08-26,95,Every Mile A Memory,Dierks Bentley,95.0,95,136
1996-10-05,62,Music Makes Me High,Lost Boyz,62.0,62,136
1959-03-09,55,Come Softly To Me,The Fleetwoods,55.0,55,136
1978-09-23,87,Got To Have Loving,Don Ray,87.0,87,136
2016-06-11,90,From The Ground Up,Dan + Shay,90.0,90,136
1972-07-29,86,The City Of New Orleans,Arlo Guthrie,86.0,86,136
1979-09-29,80,Half The Way,Crystal Gayle,80.0,80,136
1973-01-27,54,Killing Me Softly With His Song,Roberta Flack,54.0,54,136
1994-12-24,91,Pimp Of The Year,Dru Down,91.0,91,136
1988-01-16,56,Just Like Paradise,David Lee Roth,56.0,56,136
1984-12-22,79,Mr. Telephone Man,New Edition,79.0,79,136
1961-05-01,90,Raindrops,Dee Clark,90.0,90,136
1959-09-07,78,Battle Hymn Of The Republic,The Mormon Tabernacle Choir,78.0,78,136
1972-06-03,64,(If Loving You Is Wrong) I Don't Want To Be Right,Luther Ingram,64.0,64,136
1988-04-16,87,Should I Say Yes?,Nu Shooz,87.0,87,136
2014-03-15,100,Sleeping With A Friend,Neon Trees,100.0,100,136
1974-12-21,89,To The Door Of The Sun (Alle Porte Del Sole),Al Martino,89.0,89,136
2007-02-17,48,Over It,Katharine McPhee,48.0,48,136
2004-01-17,72,In My Daughter's Eyes,Martina McBride,72.0,72,136
1977-08-27,75,"Signed, Sealed, Delivered (I'm Yours)",Peter Frampton,75.0,75,136
1973-03-31,98,Give It To Me,The J. Geils Band,98.0,98,136
1989-03-18,38,Like A Prayer,Madonna,38.0,38,136
2001-02-10,89,One More Time,Daft Punk,89.0,89,136
1991-09-28,88,Groovy Train,The Farm,88.0,88,136
1967-11-18,33,Daydream Believer,The Monkees,33.0,33,136
1972-06-17,68,Brandy (You're A Fine Girl),Looking Glass,68.0,68,136
1984-08-25,49,Lucky Star,Madonna,49.0,49,136
1962-12-08,87,You've Really Got A Hold On Me,The Miracles,87.0,87,136
1996-10-19,88,I Luv U Baby,The Original,88.0,88,136
1964-01-04,96,Java,Al (He's the King) Hirt,96.0,96,136
1996-10-26,47,Dance Into The Light,Phil Collins,47.0,47,136
1990-04-14,84,Ooh La La (I Can't Get Over You),Perfect Gentlemen,84.0,84,136
1967-05-13,90,Little Bit O' Soul,The Music Explosion,90.0,90,136
1980-08-02,61,All Over The World,Electric Light Orchestra,61.0,61,136
1974-02-23,84,My Mistake (Was To Love You),Diana Ross & Marvin Gaye,84.0,84,136
1971-12-04,68,Let's Stay Together,Al Green,68.0,68,136
1969-12-06,97,Arizona,Mark Lindsay,97.0,97,136
1990-10-13,80,My Love Is A Fire,Donny Osmond,80.0,80,136
2010-07-17,22,POWER,Kanye West,22.0,22,136
1971-04-10,79,Want Ads,The Honey Cone,79.0,79,136
1988-08-20,92,It Takes Two,Rob Base & D.J. E-Z Rock,92.0,92,136
1969-11-08,50,Someday We'll Be Together,Diana Ross & The Supremes,50.0,50,136
1989-06-17,70,Sacred Emotion,Donny Osmond,70.0,70,136
1990-07-21,81,Banned In The U.S.A.,Luke Featuring The 2 Live Crew,81.0,81,136
1988-11-19,96,Cross My Heart,Eighth Wonder,96.0,96,136
1980-07-26,86,No Night So Long,Dionne Warwick,86.0,86,136
1971-03-27,88,Sweet And Innocent,Donny Osmond of The Osmonds,88.0,88,136
2019-06-29,100,The Ones That Didn't Make It Back Home,Justin Moore,100.0,100,136
1974-10-05,92,Fairytale,The Pointer Sisters,92.0,92,136
1986-05-31,65,Opportunities (Let's Make Lots Of Money),Pet Shop Boys,65.0,65,136
1961-09-11,74,Bristol Stomp,The Dovells,74.0,74,136
1994-05-07,93,Moving On Up,M People,93.0,93,136
1984-07-07,85,All Of You,Julio Iglesias & Diana Ross,85.0,85,136
1985-03-16,90,'Til My Baby Comes Home,Luther Vandross,90.0,90,136
2016-03-12,85,Mind Reader,Dustin Lynch,85.0,85,136
2015-06-20,99,Hell Of A Night,Dustin Lynch,99.0,99,136
1986-03-15,73,Take Me Home,Phil Collins,73.0,73,136
1968-10-19,43,Love Child,Diana Ross & The Supremes,43.0,43,136
1990-04-28,97,Sittin' In The Lap Of Luxury,Louie Louie,97.0,97,136
1985-10-26,46,Election Day,Arcadia,46.0,46,136
1975-08-23,64,Do It Any Way You Wanna,People's Choice,64.0,64,136
1963-04-06,97,Come And Get These Memories,Martha & The Vandellas,97.0,97,136
1969-09-27,86,"Baby, I'm For Real",The Originals,86.0,86,136
1980-09-06,40,Real Love,The Doobie Brothers,40.0,40,136
1960-12-12,71,Shop Around,"The Miracles (featuring Bill ""Smokey"" Robinson)",71.0,71,136
1990-11-17,46,Justify My Love,Madonna,46.0,46,136
1995-02-18,52,If You Think You're Lonely Now,K-Ci Hailey,52.0,52,136
1959-04-13,95,Quiet Village,The Exotic Sounds of Martin Denny,95.0,95,136
1980-02-23,60,I Can't Tell You Why,Eagles,60.0,60,136
1986-01-25,80,No Easy Way Out,Robert Tepper,80.0,80,136
1959-04-06,77,So Fine,The Fiestas,77.0,77,136
1974-12-21,87,Can't Get It Out Of My Head,Electric Light Orchestra,87.0,87,136
2019-03-23,75,Here With Me,Marshmello Featuring CHVRCHES,75.0,75,136
1960-11-14,35,Are You Lonesome To-night?,Elvis Presley With The Jordanaires,35.0,35,136
1988-01-23,66,Hysteria,Def Leppard,66.0,66,136
1974-11-16,74,Morning Side Of The Mountain,Donny & Marie Osmond,74.0,74,136
1961-09-18,78,I Understand (Just How You Feel),The G-Clefs,78.0,78,136
1984-02-18,61,Girls,Dwight Twilley,61.0,61,136
2006-05-20,87,Doing Too Much,Paula DeAnda Featuring Baby Bash,87.0,87,136
1975-04-05,83,Only Women,Alice Cooper,83.0,83,136
2021-03-20,1,What's Next,Drake,1.0,1,136
1983-08-06,86,Big Log,Robert Plant,86.0,86,136
1980-12-06,84,Heartbreak Hotel,The Jacksons,84.0,84,136
1984-01-14,58,New Moon On Monday,Duran Duran,58.0,58,136
1990-09-22,90,Lyin' To Myself,David Cassidy,90.0,90,136
1988-07-30,74,A Nightmare On My Street,D.J. Jazzy Jeff & The Fresh Prince,74.0,74,136
1983-01-22,78,Fall In Love With Me,"Earth, Wind & Fire",78.0,78,136
1979-07-14,80,The Boss,Diana Ross,80.0,80,136
1994-10-01,93,Undone - The Sweater Song,Weezer,93.0,93,136
1989-02-25,78,Seventeen,Winger,78.0,78,136
1979-05-26,70,I Was Made For Lovin' You,KISS,70.0,70,136
1976-06-26,77,"Baby, I Love Your Way",Peter Frampton,77.0,77,136
1972-11-18,93,The World Is A Ghetto,War,93.0,93,136
1982-02-20,67,Freeze-frame,The J. Geils Band,67.0,67,136
1989-04-29,90,Down Boys,Warrant,90.0,90,136
1988-10-15,49,I Don't Want Your Love,Duran Duran,49.0,49,136
2007-02-17,99,Anyway,Martina McBride,99.0,99,136
1964-09-05,73,Last Kiss,J. Frank Wilson and The Cavaliers,73.0,73,135
1998-10-24,13,Come And Get With Me,Keith Sweat Featuring Snoop Dogg,13.0,13,120
2001-06-02,29,Pop,'N Sync,29.0,29,120
2021-07-31,14,Wild Side,Normani Featuring Cardi B,14.0,14,120
1972-04-08,63,I'll Take You There,The Staple Singers,63.0,63,120
1984-06-30,63,Sexy Girl,Glenn Frey,63.0,63,120
1984-01-21,86,Runner,Manfred Mann's Earth Band,86.0,86,120
1988-08-20,63,True Love,Glenn Frey,63.0,63,120
1989-12-02,66,Peace In Our Time,Eddie Money,66.0,66,120
1973-08-11,99,Rocky Mountain Way,Joe Walsh,99.0,99,120
1974-06-22,89,Call On Me,Chicago,89.0,89,120
1968-01-27,92,Cab Driver,The Mills Brothers,92.0,92,120
1991-10-19,66,Can't Truss It,Public Enemy,66.0,66,120
1959-02-16,70,Alvin's Harmonica,David Seville And The Chipmunks,70.0,70,120
2016-03-19,8,Piece By Piece,Kelly Clarkson,8.0,8,120
1998-04-11,35,Second Round K.O.,Canibus,35.0,35,120
1967-09-02,83,Expressway (To Your Heart),Soul Survivors,83.0,83,120
1996-06-22,92,Macarena,Los Del Mar,92.0,92,120
1980-12-20,82,Back In Black,AC/DC,82.0,82,120
1997-08-16,55,"Big Bad Mamma (From ""Def Jam's How To Be A Player"")",Foxy Brown Featuring Dru Hill,55.0,55,120
1978-06-10,71,Life's Been Good,Joe Walsh,71.0,71,120
1962-05-26,91,Having A Party,Sam Cooke,91.0,91,120
1983-03-19,80,Mornin',Jarreau,80.0,80,120
2008-10-25,91,Lookin' For A Good Time,Lady Antebellum,91.0,91,120
1961-08-07,87,Take Good Care Of My Baby,Bobby Vee,87.0,87,120
1979-03-31,93,Hot Number,Foxy,93.0,93,120
2011-03-19,92,Did It On'em,Nicki Minaj,92.0,92,120
1974-10-19,56,Wishing You Were Here,Chicago,56.0,56,120
1958-09-29,74,Call Me,Johnny Mathis,74.0,74,120
1979-11-24,96,Do You Love What You Feel,Rufus And Chaka Khan,96.0,96,120
1967-02-11,79,Happy Together,The Turtles,79.0,79,120
1977-01-15,84,Boogie Child,Bee Gees,84.0,84,120
1977-04-09,82,Slow Dancin' Don't Turn Me On,Addrisi Brothers,82.0,82,120
1964-10-31,70,Mr. Lonely,Bobby Vinton,70.0,70,120
2012-12-29,88,Merry Go 'round,Kacey Musgraves,88.0,88,120
1987-07-11,73,Who Found Who,Jellybean Featuring Elisa Fiorillo,73.0,73,120
1979-07-21,74,"Bad Case Of Loving You (Doctor, Doctor)",Robert Palmer,74.0,74,120
1981-11-21,89,Come Go With Me,The Beach Boys,89.0,89,120
2011-06-04,92,Don't Wanna Go Home,Jason Derulo,92.0,92,120
1961-05-01,95,Moody River,Pat Boone,95.0,95,120
1979-10-20,59,No More Tears (Enough Is Enough),Barbra Streisand/Donna Summer,59.0,59,120
2006-04-29,17,Let U Go,Ashley Parker Angel,17.0,17,120
1995-05-20,96,Shimmy Shimmy Ya,Ol' Dirty Bastard,96.0,96,120
1968-06-15,95,"Turn Around, Look At Me",The Vogues,95.0,95,120
1994-01-15,93,(Lay Your Head On My) Pillow,Tony Toni Tone,93.0,93,120
1982-09-25,74,Love Me Tomorrow,Chicago,74.0,74,120
2021-05-08,99,Way Less Sad,AJR,99.0,99,120
1990-11-24,90,Candy,Iggy Pop With Kate Pierson,90.0,90,120
1991-06-22,100,Can You Stop The Rain,Peabo Bryson,100.0,100,120
1990-12-22,66,It Never Rains (In Southern California),Tony Toni Tone,66.0,66,120
1965-07-24,78,You Were On My Mind,We Five,78.0,78,120
1988-05-14,88,Trouble,Nia Peeples,88.0,88,120
2012-12-29,93,Who Booty,Jonn Hart Featuring IamSU!,93.0,93,120
2014-01-25,100,Ride,SoMo,100.0,100,120
2012-06-16,93,Chasing The Sun,The Wanted,93.0,93,120
1970-04-04,74,Everything Is Beautiful,Ray Stevens,74.0,74,120
1989-06-24,93,Don't Say You Love Me,Billy Squier,93.0,93,120
2015-08-22,91,Comfortable,K Camp,91.0,91,120
2001-10-27,75,With Me,Lonestar,75.0,75,120
1973-04-28,71,One Of A Kind (Love Affair),The Spinners,71.0,71,120
1961-07-31,76,It's Gonna Work Out Fine,Ike & Tina Turner,76.0,76,120
2002-03-16,75,This Woman's Work,Maxwell,75.0,75,120
1972-07-01,87,Pop That Thang,The Isley Brothers,87.0,87,120
1973-08-11,81,Free Ride,Edgar Winter Group,81.0,81,120
1972-01-01,87,Bang A Gong (Get It On),T. Rex,87.0,87,120
1980-12-27,83,(Ghost) Riders In The Sky,Outlaws,83.0,83,120
1994-10-29,92,Tic Toc,Lords Of The Underground,92.0,92,120
2011-05-21,72,I'm Into You,Jennifer Lopez Featuring Lil Wayne,72.0,72,120
2015-11-28,61,Do It Like Me,DLOW,61.0,61,120
1991-08-10,77,Love. . .Thy Will Be Done,Martika,77.0,77,120
2003-08-02,99,24's,T.I.,99.0,99,120
1981-08-29,88,Alien,Atlanta Rhythm Section,88.0,88,120
1964-05-23,76,I Get Around,The Beach Boys,76.0,76,120
1969-10-25,87,Down On The Corner/Fortunate Son,Creedence Clearwater Revival,87.0,87,120
1988-03-26,61,Always On My Mind,Pet Shop Boys,61.0,61,120
1967-01-28,90,"For What It's Worth (Stop, Hey What's That Sound)",Buffalo Springfield,90.0,90,120
1978-12-23,77,No Tell Lover,Chicago,77.0,77,120
2020-01-18,2,Yummy,Justin Bieber,2.0,2,120
1963-08-10,78,Blue Velvet,Bobby Vinton,78.0,78,120
2010-04-03,44,I'm Back,T.I.,44.0,44,120
1966-05-07,90,Strangers In The Night,Frank Sinatra,90.0,90,120
1973-09-08,89,Nutbush City Limits,Ike & Tina Turner,89.0,89,120
1986-06-28,85,Taken In,Mike + The Mechanics,85.0,85,120
2008-10-25,81,Bust Your Windows,Jazmine Sullivan,81.0,81,120
1963-07-06,90,More,Kai Winding & Orchestra,90.0,90,120
1973-06-16,89,Nobody Wants You When You're Down And Out,Bobby Womack,89.0,89,120
1971-07-03,80,Whatcha See Is Whatcha Get,The Dramatics,80.0,80,120
1973-05-12,95,Satin Sheets,Jeanne Pruett,95.0,95,120
2008-09-27,100,Let It Go,Tim McGraw,100.0,100,120
1961-11-13,89,It Will Stand,The Showmen,89.0,89,120
1975-02-22,82,Long Tall Glasses (I Can Dance),Leo Sayer,82.0,82,120
2019-06-29,97,It's You,Ali Gatie,97.0,97,120
1960-02-22,92,Angela Jones,Johnny Ferguson,92.0,92,120
1967-10-28,93,Skinny Legs And All,Joe Tex,93.0,93,120
1992-12-19,80,Steam,Peter Gabriel,80.0,80,120
1981-10-10,85,Never Too Much,Luther Vandross,85.0,85,120
1985-04-06,77,Do You Wanna Get Away,Shannon,77.0,77,120
1981-11-14,76,Someone Could Lose A Heart Tonight,Eddie Rabbitt,76.0,76,120
1982-04-03,89,Without You (Not Another Lonely Night),Franke & The Knockouts,89.0,89,120
1973-07-21,93,Jimmy Loves Mary-Anne,Looking Glass,93.0,93,120
1991-10-05,69,Get A Leg Up,John Mellencamp,69.0,69,120
2014-03-01,75,Stoner,Young Thug,75.0,75,120
1973-06-23,99,The Morning After,Maureen McGovern,99.0,99,120
1969-10-25,88,Evil Woman Don't Play Your Games With Me,CROW,88.0,88,120
2001-08-11,76,Set It Off,Juvenile,76.0,76,120
1997-03-22,22,Ghetto Love,Da Brat Featuring T-Boz,22.0,22,120
1997-03-15,35,Head Over Heels,Allure Featuring NAS,35.0,35,120
2006-09-02,88,It's Okay (One Blood),The Game Featuring Junior Reid,88.0,88,120
1985-11-02,88,Count Me Out,New Edition,88.0,88,120
2020-06-06,62,Need It,Migos Featuring YoungBoy Never Broke Again,62.0,62,120
1962-10-13,91,Don't Hang Up,The Orlons,91.0,91,120
1971-01-02,78,One Bad Apple,The Osmonds,78.0,78,120
1974-09-07,90,Life Is A Rock (But The Radio Rolled Me),Reunion,90.0,90,120
2000-11-04,75,www.memory,Alan Jackson,75.0,75,120
2007-03-17,96,Last Dollar (Fly Away),Tim McGraw,96.0,96,120
1984-03-03,77,A Fine Fine Day,Tony Carey,77.0,77,120
2015-03-28,97,Wild Child,Kenny Chesney With Grace Potter,98.0,97,120
1979-10-13,70,Take The Long Way Home,Supertramp,70.0,70,120
2002-01-26,67,Hey Luv (Anything),Mobb Deep Featuring 112,67.0,67,120
2003-11-01,73,Chicks Dig It,Chris Cagle,73.0,73,120
1996-06-29,67,"Someday (From ""The Hunchback Of Notre Dame"")",All-4-One,67.0,67,120
1968-03-02,87,Young Girl,The Union Gap Featuring Gary Puckett,87.0,87,120
1988-02-06,66,Check It Out,John Mellencamp,66.0,66,120
1962-02-03,70,Twistin' The Night Away,Sam Cooke,70.0,70,120
1985-05-04,84,My Toot Toot,Jean Knight,84.0,84,120
1964-01-25,69,She Loves You,The Beatles,69.0,69,120
1981-12-12,80,All Our Tomorrows,Eddie Schwartz,80.0,80,120
1959-10-12,97,Dance With Me,The Drifters,97.0,97,120
1961-07-31,90,The Mountain's High,Dick and DeeDee,90.0,90,120
1958-11-03,54,Beep Beep,The Playmates,54.0,54,120
2000-08-12,98,Hey Papi,Jay-Z Featuring Memphis Bleek & Amil,98.0,98,120
2003-10-18,95,Another Postcard (Chimps),Barenaked Ladies,95.0,95,120
1971-10-16,89,All I Ever Need Is You,Sonny & Cher,89.0,89,120
1979-11-17,73,Third Time Lucky (First Time I Was A Fool),Foghat,73.0,73,120
1958-09-29,100,Forget Me Not,Kalin Twins,100.0,100,120
2004-10-30,85,"I Smoke, I Drank",Body Head Bangerz Featuring YoungBloodz,85.0,85,120
1997-11-15,93,Don't Stop The Music,Playa,93.0,93,120
1977-07-09,77,How Much Love,Leo Sayer,77.0,77,120
1978-02-11,73,Thank You For Being A Friend,Andrew Gold,73.0,73,120
2005-10-08,58,Have A Nice Day,Bon Jovi,58.0,58,120
1995-10-28,90,(If You're Not In It For Love) I'm Outta Here!/The Woman In Me,Shania Twain,90.0,90,120
1967-04-01,88,Somebody To Love,Jefferson Airplane,88.0,88,120
2005-11-05,93,Hypnotize,System Of A Down,98.0,93,120
1962-06-09,68,Roses Are Red (My Love),Bobby Vinton,68.0,68,120
1989-11-25,91,Wait For You,Bonham,91.0,91,120
2021-03-27,83,Follow You,Imagine Dragons,84.0,83,120
1958-12-29,81,La Bamba,Ritchie Valens,81.0,81,120
2001-11-10,97,From Her Mama (Mama Got A**),Juvenile,97.0,97,120
1970-07-25,99,It's A Shame,The Spinners,99.0,99,120
1994-03-19,91,Completely,Michael Bolton,91.0,91,120
1987-02-28,71,Come As You Are,Peter Wolf,71.0,71,120
1984-10-13,90,Don't Stop,Jeffrey Osborne,90.0,90,120
1962-07-14,95,A Taste Of Honey,Martin Denny and His Orchestra,95.0,95,120
2013-04-27,12,Gentleman,PSY,12.0,12,120
1981-11-07,51,Yesterday's Songs,Neil Diamond,51.0,51,120
1983-10-22,56,Why Me?,Irene Cara,56.0,56,120
1983-05-21,86,The Salt In My Tears,Martin Briley,86.0,86,120
1969-01-04,84,Build Me Up Buttercup,The Foundations,84.0,84,120
2020-11-07,77,So Done,The Kid LAROI,77.0,77,120
1987-05-16,83,Funkytown,Pseudo Echo,83.0,83,120
1970-02-07,92,Come And Get It,Badfinger,92.0,92,120
1966-09-03,82,Reach Out I'll Be There,Four Tops,82.0,82,120
2016-01-23,97,Nobody To Blame,Chris Stapleton,97.0,97,120
1975-01-25,85,Express,B.T. Express,85.0,85,120
1968-11-02,75,Wichita Lineman,Glen Campbell,75.0,75,120
1977-01-08,71,Go Your Own Way,Fleetwood Mac,71.0,71,120
1982-06-05,88,I Really Don't Need No Light,Jeffrey Osborne,88.0,88,120
1974-01-26,83,Mighty Love - Pt. 1,The Spinners,83.0,83,120
1984-10-27,85,(Pride) In The Name Of Love,U2,85.0,85,120
1964-09-12,86,Come A Little Bit Closer,Jay & The Americans,86.0,86,120
1973-02-03,87,Ain't No Woman (Like The One I've Got),Four Tops,87.0,87,120
2010-12-18,55,Who Dat Girl,Flo Rida Featuring Akon,55.0,55,120
1964-01-18,45,I Want To Hold Your Hand,The Beatles,45.0,45,120
1979-06-23,85,Hot Summer Nights,Night,85.0,85,120
1978-07-08,89,Fool If You Think It's Over,Chris Rea,89.0,89,120
1961-05-22,99,Quarter To Three,U.S. Bonds,99.0,99,120
1968-03-30,81,Tighten Up,Archie Bell & The Drells,81.0,81,120
1990-03-17,69,Love Child,Sweet Sensation,69.0,69,120
1987-07-25,85,Fake,Alexander O'Neal,85.0,85,120
1985-03-16,47,That Was Yesterday,Foreigner,47.0,47,120
1983-05-14,93,Slipping Away,Dave Edmunds,93.0,93,120
1991-05-04,96,Can I Call You My Girl,PC Quest,96.0,96,120
1959-01-12,90,Petite Fleur (Little Flower),Chris Barber's Jazz Band,90.0,90,120
1979-11-03,64,Jane,Jefferson Starship,64.0,64,120
2021-05-01,18,Ski,Young Thug & Gunna,18.0,18,120
1959-12-28,78,Down By The Station,The Four Preps,78.0,78,120
1979-10-06,64,TUSK,Fleetwood Mac,64.0,64,120
1963-06-01,86,So Much In Love,The Tymes,86.0,86,120
1969-11-22,89,Walkin' In The Rain,Jay & The Americans,89.0,89,120
1987-12-19,97,Twilight World,Swing Out Sister,97.0,97,120
1972-12-30,79,Could It Be I'm Falling In Love,The Spinners,79.0,79,120
1979-11-03,97,I Call Your Name,Switch,97.0,97,120
1997-03-01,81,Talk To Me,Wild Orchid,81.0,81,120
1977-01-08,83,Be My Girl,The Dramatics,83.0,83,120
1960-05-09,97,Wonderful World,Sam Cooke,97.0,97,120
1972-09-16,74,I'll Be Around,The Spinners,74.0,74,120
1982-06-26,48,Wasted On The Way,"Crosby, Stills & Nash",48.0,48,120
1998-12-05,86,For A Little While,Tim McGraw,86.0,86,120
1975-04-12,76,Cut The Cake,AWB,76.0,76,120
2000-09-09,94,Bad Boyz,Shyne Featuring Barrington Levy,94.0,94,120
1971-01-30,94,Me And Bobby McGee,Janis Joplin,94.0,94,120
1991-12-21,93,Give It Away,Red Hot Chili Peppers,93.0,93,120
2008-11-01,9,Fearless,Taylor Swift,9.0,9,120
2008-07-26,97,Troubadour,George Strait,97.0,97,120
2006-06-03,93,A Little Too Late,Toby Keith,93.0,93,120
1974-11-23,90,Get Dancin',Disco Tex & The Sex-O-Lettes Featuring Sir Monti Rock III,90.0,90,120
1979-04-28,68,Dance The Night Away,Van Halen,68.0,68,120
1998-08-22,66,Nobody Else,Tyrese,66.0,66,120
1970-08-15,100,Express Yourself,Charles Wright And The Watts 103rd Street Rhythm Band,100.0,100,120
1978-03-04,77,Fantasy,"Earth, Wind & Fire",77.0,77,120
1992-10-31,71,Drive,R.E.M.,71.0,71,120
2014-11-08,96,Dangerous,David Guetta Featuring Sam Martin,96.0,96,120
1966-06-25,95,Sunny,Bobby Hebb,95.0,95,120
1972-12-30,88,Big City Miss Ruth Ann,Gallery,88.0,88,120
2008-04-12,73,Inside The Fire,Disturbed,73.0,73,120
1977-01-22,96,Spring Rain,Silvetti,96.0,96,120
1978-12-16,75,Somewhere In The Night,Barry Manilow,75.0,75,120
2020-05-16,29,Be Kind,Marshmello & Halsey,29.0,29,120
1976-03-20,67,Tryin' To Get The Feeling Again,Barry Manilow,67.0,67,120
2007-07-14,52,Because Of You,Reba McEntire Duet With Kelly Clarkson,52.0,52,120
2008-06-21,84,7 Things,Miley Cyrus,84.0,84,120
1991-07-27,71,Shiny Happy People,R.E.M.,71.0,71,120
2000-05-27,58,The One,Backstreet Boys,58.0,58,120
1997-12-13,86,What If,Reba McEntire,86.0,86,120
1968-02-10,72,Dance To The Music,Sly & The Family Stone,72.0,72,120
1989-04-29,75,I Won't Back Down,Tom Petty,75.0,75,120
1989-05-06,60,I Drove All Night,Cyndi Lauper,60.0,60,120
1993-02-06,93,Man On The Moon,R.E.M.,93.0,93,120
1981-12-12,93,Every Home Should Have One,Patti Austin,93.0,93,120
1979-02-10,47,Sultans Of Swing,Dire Straits,47.0,47,120
1966-09-10,67,Last Train To Clarksville,The Monkees,67.0,67,120
1964-02-22,99,Suspicion,Terry Stafford,99.0,99,120
2020-06-13,87,Why We Drink,Justin Moore,87.0,87,120
2001-06-23,97,Purple Hills,D12,97.0,97,120
1961-05-01,73,Hello Mary Lou,Ricky Nelson,73.0,73,120
1981-12-19,76,Somewhere Down The Road,Barry Manilow,76.0,76,120
1984-03-17,69,The Authority Song,John Cougar Mellencamp,69.0,69,120
1996-01-13,70,"Visions Of A Sunset (From ""Mr. Holland's Opus"")",Shawn Stockman,70.0,70,120
1996-08-10,80,Shake A Lil' Somethin'...,The 2 Live Crew,80.0,80,120
2015-05-30,77,Fun,Pitbull Featuring Chris Brown,77.0,77,120
2010-12-11,100,Maybe,Sick Puppies,100.0,100,120
1979-07-28,82,Cruel To Be Kind,Nick Lowe,82.0,82,120
1960-03-28,76,Cradle Of Love,Johnny Preston,76.0,76,120
1982-10-30,79,"Let's Go Dancin' (ooh La, La, La)",Kool & The Gang,79.0,79,120
1959-04-20,69,A Teenager In Love,Dion & The Belmonts,69.0,69,120
1979-02-10,87,Precious Love,Bob Welch,87.0,87,120
2000-03-18,40,Goodbye Earl,Dixie Chicks,40.0,40,120
2010-04-24,87,Kissin U,Miranda Cosgrove,95.0,87,120
1958-11-10,51,Problems,The Everly Brothers,51.0,51,120
1984-08-18,67,Bop 'til You Drop,Rick Springfield,67.0,67,120
1984-08-18,60,Are We Ourselves?,The Fixx,60.0,60,120
1993-05-08,79,Six Feet Deep,Geto Boys,79.0,79,120
1976-02-07,51,Money Honey,Bay City Rollers,51.0,51,120
2006-10-21,90,Show Me What You Got,JAY-Z,90.0,90,120
1978-08-12,79,Right Down The Line,Gerry Rafferty,79.0,79,120
1984-03-03,60,Leave It,Yes,60.0,60,120
1969-09-06,94,Baby It's You,Smith,94.0,94,120
1976-11-20,78,Saturday Nite,"Earth, Wind & Fire",78.0,78,120
1991-07-06,99,Got A Love For You,Jomanda,99.0,99,120
2011-04-09,6,No Sleep,Wiz Khalifa,6.0,6,120
1990-05-19,87,Pure,Lightning Seeds,87.0,87,120
1983-07-02,42,It's A Mistake,Men At Work,42.0,42,120
2016-07-02,94,My PYT,Wale,94.0,94,120
1974-03-09,95,Mighty Mighty,"Earth, Wind & Fire",95.0,95,120
1981-06-06,66,Gemini Dream,The Moody Blues,66.0,66,120
1997-08-30,72,Don't Say,Jon B,72.0,72,120
1969-10-18,61,Take A Letter Maria,R.B. Greaves,61.0,61,120
1967-03-11,81,Sweet Soul Music,Arthur Conley,81.0,81,120
1964-12-19,87,Downtown,Petula Clark,87.0,87,120
1973-01-27,71,Space Oddity,David Bowie,71.0,71,120
1994-11-12,96,"I Can Go Deep (From ""A Low Down Dirty Shame"")",Silk,96.0,96,120
1993-10-02,86,Push The Feeling On,Nightcrawlers,86.0,86,120
2001-05-12,98,There She Goes,Babyface,98.0,98,120
2001-09-22,98,What If,Babyface,98.0,98,120
1966-12-10,44,I'm A Believer,The Monkees,44.0,44,120
2012-05-05,95,Beers Ago,Toby Keith,95.0,95,120
1960-10-10,75,Alone At Last,Jackie Wilson,75.0,75,120
1979-02-24,81,Love Ballad,George Benson,81.0,81,120
1967-07-22,98,The Look Of Love,Dusty Springfield,98.0,98,120
1986-07-19,87,Money$ Too Tight (To Mention),Simply Red,87.0,87,120
2006-03-04,99,Tell Me When To Go,E-40 Featuring Keak Da Sneak,99.0,99,120
1970-04-11,56,Love On A Two-Way Street,The Moments,56.0,56,120
1970-12-05,84,"Precious, Precious",Jackie Moore,84.0,84,120
1992-10-03,96,I Missed The Bus,Kris Kross,96.0,96,120
1983-07-09,59,Lawyers In Love,Jackson Browne,59.0,59,120
1970-07-11,86,Groovy Situation,Gene Chandler,86.0,86,120
1962-01-13,93,Duke Of Earl,Gene Chandler,93.0,93,120
1978-06-10,73,Stay/The Load-Out,Jackson Browne,73.0,73,120
1960-04-04,92,Cherry Pie,Skip And Flip,92.0,92,120
2020-03-14,48,Grace,Lil Baby & 42 Dugg,48.0,48,120
1984-06-02,95,Jam On It,Newcleus,95.0,95,120
2017-05-27,64,Malibu,Miley Cyrus,64.0,64,120
1975-11-29,90,Paloma Blanca,George Baker Selection,90.0,90,120
1970-05-23,80,Ball Of Confusion (That's What The World Is Today),The Temptations,80.0,80,120
1973-05-19,84,Money,Pink Floyd,84.0,84,120
2004-08-28,61,Stays In Mexico,Toby Keith,61.0,61,120
1965-06-26,77,"Hold Me, Thrill Me, Kiss Me",Mel Carter,77.0,77,120
1980-01-26,44,Desire,Andy Gibb,44.0,44,120
1967-04-15,91,Funky Broadway Part I,Dyke And The Blazers,91.0,91,120
1969-01-18,99,Mendocino,Sir Douglas Quintet,99.0,99,120
1996-06-01,96,One More Try,Kristine W,96.0,96,120
1989-09-02,53,Sowing The Seeds Of Love,Tears For Fears,53.0,53,120
1982-05-08,78,Play The Game Tonight,Kansas,78.0,78,120
1987-02-28,96,The Right Thing,Simply Red,96.0,96,120
1972-06-10,98,Motorcycle Mama,Sailcat,98.0,98,120
1978-05-27,85,Can We Still Be Friends,Todd Rundgren,85.0,85,120
1987-02-14,45,"Tonight, Tonight, Tonight",Genesis,45.0,45,120
1982-01-30,81,My Guy,Sister Sledge,81.0,81,120
1961-03-20,91,A Hundred Pounds Of Clay,Gene McDaniels,91.0,91,120
1968-03-16,97,Delilah,Tom Jones,97.0,97,120
1984-06-30,30,State of Shock,The Jacksons,30.0,30,120
1990-09-01,92,Dream Boy/Dream Girl,Cynthia & Johnny O,92.0,92,120
2021-07-31,87,2055,Sleepy Hallow,87.0,87,120
2004-07-10,73,Girls Lie Too,Terri Clark,73.0,73,120
1988-10-08,47,Kissing A Fool,George Michael,47.0,47,120
1979-12-08,33,The Long Run,Eagles,33.0,33,120
1992-10-17,94,Symphony Of Destruction,Megadeth,94.0,94,120
2018-11-24,93,Good Girl,Dustin Lynch,93.0,93,120
1960-10-10,76,Poetry In Motion,Johnny Tillotson,76.0,76,120
1960-12-19,100,Calendar Girl,Neil Sedaka,100.0,100,120
2016-01-23,87,Sugar,Robin Schulz Featuring Francesco Yates,87.0,87,120
1974-11-02,60,"You're The First, The Last, My Everything",Barry White,60.0,60,120
2008-09-13,92,So Fly,Slim Featuring Yung Joc,92.0,92,120
1964-10-24,100,"My Love, Forgive Me (Amore, Scusami)",Robert Goulet,100.0,100,120
1995-04-29,80,Strange Currencies,R.E.M.,80.0,80,120
1990-04-07,87,Always And Forever,Whistle,87.0,87,120
2009-02-14,98,Don't Think I Can't Love You,Jake Owen,98.0,98,120
1985-05-18,45,The Goonies `R' Good Enough,Cyndi Lauper,45.0,45,120
2019-08-17,90,We Were,Keith Urban,90.0,90,120
2000-08-05,82,Country Comes To Town,Toby Keith,82.0,82,120
1971-02-06,71,Just My Imagination (Running Away With Me),The Temptations,71.0,71,120
1966-09-17,90,Poor Side Of Town,Johnny Rivers,90.0,90,120
1974-05-04,97,Already Gone,Eagles,97.0,97,120
1968-03-23,64,Honey,Bobby Goldsboro,64.0,64,120
1974-02-23,77,Let It Ride,Bachman-Turner Overdrive,77.0,77,120
1979-10-06,52,Heartache Tonight,Eagles,52.0,52,120
1985-02-09,86,Radioactive,The Firm,86.0,86,120
1982-12-11,90,The Clapping Song,Pia Zadora,90.0,90,120
1995-10-21,54,Ain't Nuthin' But A She Thing,Salt-N-Pepa,54.0,54,120
1976-12-18,48,New Kid In Town,Eagles,48.0,48,120
1988-09-24,94,Cars With The Boom,L'Trimm,94.0,94,120
2001-11-17,77,Goodbye,Jagged Edge,77.0,77,120
2021-01-16,88,Momma's House,Dustin Lynch,93.0,88,120
1970-01-17,85,Give Me Just A Little More Time,Chairman Of The Board,85.0,85,120
2016-08-06,97,Sex With Me,Rihanna,92.0,97,120
1966-07-16,89,Almost Persuaded,David Houston,89.0,89,120
1972-09-09,71,If I Could Reach You,The 5th Dimension,71.0,71,120
1988-05-14,95,Paradise,Sade,95.0,95,120
1961-09-04,100,Foot Stomping - Part 1,The Flares,100.0,100,120
1974-08-17,70,Can't Get Enough,Bad Company,70.0,70,120
1982-04-03,75,When He Shines,Sheena Easton,75.0,75,120
1975-07-05,72,Feel Like Makin' Love,Bad Company,72.0,72,120
1981-10-31,89,More Than Just The Two Of Us,Sneaker,89.0,89,120
1991-03-30,85,What Comes Naturally,Sheena Easton,85.0,85,120
1966-09-03,75,96 Tears,? (Question Mark) & The Mysterians,75.0,75,120
1966-02-19,100,Time Won't Let Me,The Outsiders,100.0,100,120
1963-09-28,81,She's A Fool,Lesley Gore,81.0,81,120
1992-03-28,85,Nothing Else Matters,Metallica,85.0,85,120
1968-03-09,74,Soul Serenade,Willie Mitchell,74.0,74,120
1989-02-18,76,One,Metallica,76.0,76,120
1971-07-24,100,Chirpy Chirpy Cheep Cheep,Mac And Katie Kissoon,100.0,100,120
1979-07-21,82,Driver's Seat,Sniff 'n' the Tears,82.0,82,120
1988-04-09,84,We All Sleep Alone,Cher,84.0,84,120
2009-12-26,80,I Wanna Rock,Snoop Dogg,80.0,80,120
1965-09-11,98,A Lover's Concerto,The Toys,98.0,98,120
1974-09-21,87,Everlasting Love,Carl Carlton,87.0,87,120
1990-07-21,97,Slow Love,Doc Box & B. Fresh,97.0,97,120
2018-08-11,5,No Brainer,"DJ Khaled Featuring Justin Bieber, Chance The Rapper & Quavo",5.0,5,120
1961-09-04,96,I Love How You Love Me,The Paris Sisters,96.0,96,120
1995-08-26,66,"How High (From ""The Show"")",Redman/Method Man,66.0,66,120
2020-08-01,8,Greece,DJ Khaled Featuring Drake,8.0,8,120
1986-07-05,85,"Man Size Love (From ""Running Scared"")",Klymaxx,85.0,85,120
2017-12-09,95,Beautiful Trauma,P!nk,95.0,95,120
1962-03-03,81,Johnny Angel,Shelley Fabares,81.0,81,120
1996-07-27,76,Like A Woman,The Tony Rich Project,76.0,76,120
1984-10-27,89,The Belle Of St. Mark,Sheila E.,89.0,89,120
1991-06-15,60,Love And Understanding,Cher,60.0,60,120
1993-04-17,89,Sleeping Satellite,Tasmin Archer,89.0,89,120
2019-06-01,13,EARFQUAKE,"Tyler, The Creator",13.0,13,120
1985-12-14,96,He'll Never Love You (Like I Do),Freddie Jackson,96.0,96,120
2014-05-24,82,Come Get It Bae,Pharrell Williams,99.0,82,120
1959-11-23,72,Way Down Yonder In New Orleans,Freddie Cannon,72.0,72,120
1959-06-15,97,Small World,Johnny Mathis,97.0,97,120
1959-01-05,98,Tall Paul,Annette With The Afterbeats,98.0,98,120
2012-07-07,93,Dark Side,Kelly Clarkson,93.0,93,120
1975-10-25,68,Let's Do It Again,The Staple Singers,68.0,68,120
1975-11-08,90,Walk Away From Love,David Ruffin,90.0,90,120
1998-04-04,75,The Unforgiven II,Metallica,75.0,75,120
2008-04-19,92,Trying To Stop Your Leaving,Dierks Bentley,92.0,92,120
2015-06-13,91,Young & Crazy,Frankie Ballard,91.0,91,120
1969-02-01,86,Dizzy,Tommy Roe,86.0,86,120
1987-06-13,80,Since You've Been Gone,The Outfield,80.0,80,120
1961-11-13,57,Run To Him,Bobby Vee,57.0,57,120
2011-01-01,80,Higher,Taio Cruz Featuring Travie McCoy,80.0,80,120
1982-04-10,79,When It's Over,Loverboy,79.0,79,120
1998-03-21,89,It's Your Love,She Moves,89.0,89,120
1974-03-16,80,(i've Been) Searchin' So Long,Chicago,80.0,80,120
2015-09-26,98,Ginza,J Balvin,98.0,98,120
1993-02-06,92,Hat 2 Da Back,TLC,92.0,92,120
1997-02-22,57,Say... If You Feel Alright,Crystal Waters,57.0,57,120
2006-03-11,72,Best Friend,50 Cent & Olivia,72.0,72,120
1984-10-20,79,Two Tribes,Frankie Goes To Hollywood,79.0,79,120
1959-08-03,91,"I Loves You, Porgy",Nina Simone,91.0,91,120
2018-08-25,72,W O R K I N  M E,Quavo,72.0,72,120
1976-04-10,96,That's Where The Happy People Go,The Trammps,96.0,96,120
1958-09-22,60,The Day The Rains Came,Jane Morgan,60.0,60,120
1975-08-30,98,Hollywood Hot,The Eleventh Hour,98.0,98,120
2020-06-20,93,One Night Standards,Ashley McBryde,93.0,93,120
2008-02-23,97,Killa,Cherish Featuring Yung Joc,97.0,97,120
1972-05-27,97,Gone,Joey Heatherton,97.0,97,120
1986-07-05,72,Yankee Rose,David Lee Roth,72.0,72,120
2003-10-18,48,Pass That Dutch,Missy Elliott,48.0,48,120
1994-06-25,88,Girls & Boys,Blur,88.0,88,120
1970-05-09,85,Ride Captain Ride,Blues Image,85.0,85,120
1978-12-09,86,Soul Man,Blues Brothers,86.0,86,120
1981-01-24,65,Hearts On Fire,Randy Meisner,65.0,65,120
1963-06-29,86,Blowin' In The Wind,"Peter, Paul & Mary",86.0,86,120
1974-08-24,75,Do It Baby,The Miracles,75.0,75,120
1998-02-07,41,All My Love,Queen Pen Featuring Eric Williams,41.0,41,120
1958-09-15,76,Mexican Hat Rock,The Applejacks,76.0,76,120
1974-01-26,87,There Won't Be Anymore,Charlie Rich,87.0,87,120
2002-12-14,85,Paradise,LL Cool J Featuring Amerie,85.0,85,120
1985-05-11,53,Tough All Over,John Cafferty & The Beaver Brown Band,53.0,53,120
1964-08-29,51,"Oh, Pretty Woman",Roy Orbison And The Candy Men,51.0,51,120
1987-10-17,74,I Do You,The Jets,74.0,74,120
1984-01-28,94,Tender Years,John Cafferty & The Beaver Brown Band,94.0,94,120
1977-03-26,71,Whodunit,Tavares,71.0,71,120
1990-04-28,73,Notice Me,Nikki,73.0,73,120
2008-11-08,95,Broken,Lifehouse,95.0,95,120
1974-11-30,87,I Belong To You,Love Unlimited,87.0,87,120
1967-09-09,79,Soul Man,Sam & Dave,79.0,79,120
1990-06-30,65,Jerk Out,The Time,65.0,65,120
1965-12-25,93,Lightnin' Strikes,Lou Christie,93.0,93,120
1987-04-18,88,Wild Horses,Gino Vannelli,88.0,88,120
1985-08-10,65,C-I-T-Y,John Cafferty & The Beaver Brown Band,65.0,65,120
1959-06-15,96,Forty Miles Of Bad Road,Duane Eddy And The Rebels,96.0,96,120
1974-07-06,82,(You're) Having My Baby,Paul Anka with Odia Coates,82.0,82,120
1984-03-03,70,Don't Answer Me,The Alan Parsons Project,70.0,70,120
1960-01-11,76,Let It Be Me,The Everly Brothers,76.0,76,120
1959-06-01,52,Lonely Boy,Paul Anka,52.0,52,120
1995-10-21,81,Runnin',The Pharcyde,81.0,81,120
1984-01-21,72,Let's Stay Together,Tina Turner,72.0,72,120
1986-08-09,67,Love Walks In,Van Halen,67.0,67,120
1960-02-01,86,Little Bitty Girl,Bobby Rydell,86.0,86,120
1984-06-23,52,Panama,Van Halen,52.0,52,120
1970-05-30,93,Lay A Little Lovin' On Me,Robin McNamara,93.0,93,120
1973-06-23,76,Get Down,Gilbert O'Sullivan,76.0,76,120
1973-03-03,81,Out Of The Question,Gilbert O'Sullivan,81.0,81,120
1963-03-30,99,Two Faces Have I,Lou Christie,99.0,99,120
1969-09-27,67,Wedding Bell Blues,The 5th Dimension,67.0,67,120
1972-11-18,83,Superfly,Curtis Mayfield,83.0,83,120
1995-03-25,92,Lick It,Roula,92.0,92,120
1959-11-23,74,It's Time To Cry,Paul Anka,74.0,74,120
2008-07-19,38,Out Here Grindin,"DJ Khaled Feat. Akon, Plies, Young Jeezy, Rick Ross, Ace Hood, Trick Daddy & Lil' Boosie",38.0,38,120
1984-11-10,54,Understanding,Bob Seger,54.0,54,120
1975-03-15,71,I Don't Like To Sleep Alone,Paul Anka with Odia Coates,71.0,71,120
1960-05-23,85,Because They're Young,Duane Eddy And The Rebels,85.0,85,120
1972-11-25,94,Why Can't We Live Together,Timmy Thomas,94.0,94,120
1967-11-04,85,I Second That Emotion,Smokey Robinson & The Miracles,85.0,85,120
1960-01-25,79,Baby (You've Got What It Takes),Dinah Washington & Brook Benton,79.0,79,120
2020-04-18,93,Here And Now,Kenny Chesney,93.0,93,120
1974-09-28,53,Whatever Gets You Thru The Night,John Lennon With The Plastic Ono Nuclear Band,53.0,53,120
1992-03-28,95,3-2-1 Pump,Redhead Kingpin & The F.B.I.,95.0,95,120
2021-07-31,89,Love Again,Dua Lipa,89.0,89,120
1959-03-23,93,Enchanted,The Platters,93.0,93,120
2015-05-30,74,How Many Times,"DJ Khaled Featuring Chris Brown, Lil Wayne & Big Sean",74.0,74,120
2019-06-01,19,Wish Wish,DJ Khaled Featuring Cardi B & 21 Savage,19.0,19,120
1997-02-01,96,Whateva Man,Redman,96.0,96,120
1970-11-28,86,If I Were Your Woman,Gladys Knight And The Pips,86.0,86,120
1959-05-11,96,Tallahassee Lassie,Freddy Cannon,96.0,96,120
1973-07-07,73,Here I Am Come & Take Me,Al Green,73.0,73,120
1962-05-12,69,Palisades Park,Freddy Cannon,69.0,69,120
2017-09-16,49,Sauce It Up,Lil Uzi Vert,49.0,49,120
1967-08-19,92,Get On Up,The Esquires,92.0,92,120
1973-04-28,78,"Daddy Could Swear, I Declare",Gladys Knight And The Pips,78.0,78,120
1999-12-11,94,None Of Ur Friends Business,Ginuwine,94.0,94,120
1975-06-21,86,How Sweet It Is (To Be Loved By You),James Taylor,86.0,86,120
1960-07-18,60,Volare,Bobby Rydell,60.0,60,120
2002-02-16,96,Rapture (Tastes So Sweet),iio,96.0,96,120
1968-09-14,98,Hold Me Tight,Johnny Nash,98.0,98,120
2000-08-26,99,Aaron's Party (Come Get It),Aaron Carter,99.0,99,120
1961-08-14,91,Mexico,Bob Moore and His Orch.,91.0,91,120
1989-09-09,84,Sunshine,Dino,84.0,84,120
2013-04-06,82,Wop,J. Dash,82.0,82,120
1961-11-13,70,The Lion Sleeps Tonight,The Tokens,70.0,70,120
1970-09-05,86,Indiana Wants Me,R. Dean Taylor,86.0,86,120
1958-09-29,60,Pussy Cat,The Ames Brothers,60.0,60,120
1970-08-01,71,"Julie, Do Ya Love Me",Bobby Sherman,71.0,71,120
1977-10-15,76,Swingtown,The Steve Miller Band,76.0,76,120
1959-10-26,52,Believe Me,Royal Teens,52.0,52,120
1972-10-21,91,You Ought To Be With Me,Al Green,91.0,91,120
1969-06-07,89,Crystal Blue Persuasion,Tommy James And The Shondells,89.0,89,120
1972-10-14,91,No,Bulldog,91.0,91,120
1974-04-06,73,Don't You Worry 'Bout A Thing,Stevie Wonder,73.0,73,120
2015-05-16,98,Crushin' It,Brad Paisley,98.0,98,120
1967-06-10,68,I Was Made To Love Her,Stevie Wonder,68.0,68,120
1992-04-11,96,Lift Me Up,Howard Jones,96.0,96,120
1985-11-30,74,Everything In My Heart,Corey Hart,74.0,74,120
2008-06-28,78,Body On Me,Nelly Featuring Ashanti & Akon,87.0,78,120
1962-06-30,95,Party Lights,Claudine Clark,95.0,95,120
1983-05-28,41,Wanna Be Startin' Somethin',Michael Jackson,41.0,41,120
1984-01-21,73,New Song,Howard Jones,73.0,73,120
1997-07-19,19,Whatever,En Vogue,19.0,19,120
2000-10-21,72,Girls Dem Sugar,Beenie Man Featuring Mya,72.0,72,120
1987-05-30,68,"Girls, Girls, Girls",Motley Crue,68.0,68,120
1997-08-02,75,"Can We (From ""Booty Call"")",SWV,75.0,75,120
1969-07-19,79,Honky Tonk Women,The Rolling Stones,79.0,79,120
1990-05-05,84,"""B"" Girls",Young And Restless,84.0,84,120
1967-05-06,85,Come On Down To My Boat,Every Mothers' Son,85.0,85,120
1960-02-29,90,Step By Step,The Crests,90.0,90,120
1985-05-25,63,Just As I Am,Air Supply,63.0,63,120
1975-04-05,97,The Last Farewell,Roger Whittaker,97.0,97,120
1968-10-26,80,Stormy,Classics IV Featuring Dennis Yost,80.0,80,120
1987-07-25,88,Strangelove,Depeche Mode,88.0,88,120
1981-12-26,82,Through The Years,Kenny Rogers,82.0,82,120
1968-10-26,67,Cinnamon,Derek,67.0,67,120
1976-01-10,68,Junk Food Junkie,Larry Groce,68.0,68,120
1965-12-11,92,Crying Time,Ray Charles,92.0,92,120
1992-03-28,87,Love Me,Tracie Spencer,87.0,87,120
1967-12-23,85,Spooky,Classics IV,85.0,85,120
1960-07-25,86,Dreamin',Johnny Burnette,86.0,86,120
1998-01-03,93,What If I Said,Anita Cochran (Duet With Steve Wariner),93.0,93,120
1959-11-23,89,Sandy,Larry Hall,89.0,89,120
1995-04-29,75,Grapevyne,Brownstone,75.0,75,120
1977-09-03,82,My Fair Share,Seals & Crofts,82.0,82,120
1994-04-23,98,Love On My Mind,Xscape,98.0,98,120
1975-04-05,81,I'll Play For You,Seals & Crofts,81.0,81,120
1989-08-26,78,Healing Hands,Elton John,78.0,78,120
1975-12-27,87,The White Knight,Cledus Maggard And The Citizen's Band,87.0,87,120
1990-08-04,90,Time For Letting Go,Jude Cole,90.0,90,120
1958-12-15,96,Pretty Girls Everywhere,Eugene Church and The Fellows,85.0,96,120
1963-04-13,99,Still,Bill Anderson,99.0,99,120
1983-07-09,70,Human Touch,Rick Springfield,70.0,70,120
1959-08-24,86,Hey Little Girl,Dee Clark,86.0,86,120
2018-06-16,89,Africa,Weezer,86.0,89,120
1990-12-01,82,House Full Of Reasons,Jude Cole,82.0,82,120
1973-11-17,79,Time In A Bottle,Jim Croce,79.0,79,120
1985-06-08,82,State Of the Heart,Rick Springfield,82.0,82,120
1973-03-31,97,Back When My Hair Was Short,Gunhill Road,97.0,97,120
1969-04-26,67,Too Busy Thinking About My Baby,Marvin Gaye,67.0,67,120
1990-08-25,75,Say A Prayer,Breathe,75.0,75,120
1967-09-02,80,It Must Be Him,Vikki Carr,80.0,80,120
1964-04-11,99,Love Me With All Your Heart (Cuando Calienta El Sol),The Ray Charles Singers,99.0,99,120
1993-10-09,84,What's It To You,Clay Walker,84.0,84,120
1959-07-06,82,What'd I Say (Part I & II),Ray Charles and his Orchestra,82.0,82,120
2017-02-18,99,El Amante,Nicky Jam,98.0,99,120
2012-01-21,94,Where I Come From,Montgomery Gentry,94.0,94,120
2000-06-10,98,When You Need My Love,Darryl Worley,98.0,98,120
1974-06-22,70,Don't Let The Sun Go Down On Me,Elton John,70.0,70,120
1972-01-15,91,Jungle Fever,The Chakachas,91.0,91,120
1985-10-19,62,Sisters Are Doin' It For Themselves,Eurythmics & Aretha Franklin,62.0,62,120
2000-12-02,70,Stronger,Britney Spears,70.0,70,120
1973-04-07,77,Daniel,Elton John,77.0,77,120
2004-07-03,66,Away From The Sun,3 Doors Down,66.0,66,120
1975-05-10,96,Slippery When Wet,Commodores,96.0,96,120
2010-05-22,35,Lose My Mind,Young Jeezy Featuring Plies,35.0,35,120
1980-05-31,82,In America,The Charlie Daniels Band,82.0,82,120
1985-07-13,77,Smokin' In The Boys Room,Motley Crue,77.0,77,120
2009-05-02,40,Know Your Enemy,Green Day,40.0,40,120
1975-02-08,99,Hijack,Herbie Mann,99.0,99,120
1995-08-12,48,Somethin' 4 Da Honeyz,Montell Jordan,48.0,48,120
2004-01-24,74,I Love You This Much,Jimmy Wayne,74.0,74,120
1966-10-29,66,Winchester Cathedral,The New Vaudeville Band,66.0,66,120
2002-11-30,74,A Lot Of Things Different,Kenny Chesney,74.0,74,120
1974-10-05,59,Longfellow Serenade,Neil Diamond,59.0,59,120
1987-01-17,40,Jacob's Ladder,Huey Lewis & The News,40.0,40,120
1988-07-16,51,Perfect World,Huey Lewis & The News,51.0,51,120
2020-08-29,61,Heather,Conan Gray,61.0,61,120
1998-08-29,75,If You Could Read My Mind,"Stars On 54: Ultra Nate, Amber, Jocelyn Enriquez",75.0,75,120
1984-10-27,60,Hello Again,The Cars,60.0,60,120
1984-07-28,80,We're Not Gonna Take It,Twisted Sister,80.0,80,120
1984-06-02,80,10-9-8,Face To Face,80.0,80,120
2009-12-19,100,American Saturday Night,Brad Paisley,100.0,100,120
1987-07-25,77,Touch Of Grey,Grateful Dead,77.0,77,120
2009-09-19,84,Body Language,Jesse McCartney Featuring T-Pain,71.0,84,120
1991-03-16,91,Save Some Love,Keedy,91.0,91,120
1968-04-13,88,(You Keep Me) Hangin' On,Joe Simon,88.0,88,120
2001-06-16,77,Downtime,Jo Dee Messina,77.0,77,120
2000-11-04,78,Stan,Eminem Featuring Dido,78.0,78,120
1994-01-29,86,Zunga Zeng,K7,86.0,86,120
1984-10-27,70,Stranger In Town,Toto,70.0,70,120
1962-09-01,90,What Kind Of Fool Am I,Sammy Davis Jr.,90.0,90,120
1997-03-01,79,Do G's Get To Go To Heaven?,Richie Rich,79.0,79,120
1984-10-20,53,Walking On A Thin Line,Huey Lewis & The News,53.0,53,120
1981-12-05,70,Waiting On A Friend,The Rolling Stones,70.0,70,120
1992-12-12,86,Stand Up (Kick Love Into Motion),Def Leppard,86.0,86,120
2002-12-21,99,Come Close To Me,Common Featuring Mary J. Blige,99.0,99,120
2010-09-25,78,Check It Out,will.i.am & Nicki Minaj,78.0,78,120
1991-05-11,86,A Better Love,Londonbeat,86.0,86,120
1959-11-16,81,Hound Dog Man,Fabian,81.0,81,120
1988-11-12,66,Smooth Criminal,Michael Jackson,66.0,66,120
1992-10-31,74,I Wish The Phone Would Ring,Expose,74.0,74,120
1960-10-31,94,You're Sixteen,Johnny Burnette,94.0,94,120
2004-11-20,60,Encore,"Eminem, Dr. Dre & 50 Cent",60.0,60,120
1981-09-05,47,Share Your Love With Me,Kenny Rogers,47.0,47,120
1989-12-09,67,Tell Me Why,Expose,67.0,67,120
1989-05-20,59,What You Don't Know,Expose,59.0,59,120
1962-01-27,74,Hey! Baby,Bruce Channel,74.0,74,120
2009-01-31,79,Thinking Of You,Katy Perry,79.0,79,120
1968-11-09,73,Too Weak To Fight,Clarence Carter,73.0,73,120
2018-06-30,13,Apes**t,The Carters,13.0,13,120
2010-04-10,95,Wrong Baby Wrong,Martina McBride,95.0,95,120
1995-06-24,57,Human Nature,Madonna,57.0,57,120
1963-01-19,82,Blame It On The Bossa Nova,Eydie Gorme,82.0,82,120
1969-04-05,88,More Today Than Yesterday,Spiral Starecase,88.0,88,120
1970-05-23,83,Mama Told Me (Not To Come),Three Dog Night,83.0,83,120
1964-09-26,92,You Really Got Me,The Kinks,92.0,92,120
1992-06-06,93,Scenario,A Tribe Called Quest,93.0,93,120
2005-03-26,99,Songs About Me,Trace Adkins,99.0,99,120
1994-10-15,81,Out Of Tears,The Rolling Stones,81.0,81,120
1978-10-21,85,My Best Friend's Girl,The Cars,85.0,85,120
1983-06-11,75,Rock Of Ages,Def Leppard,75.0,75,120
2005-02-26,100,What's A Guy Gotta Do,Joe Nichols,90.0,100,120
1979-12-15,78,Wonderland,Commodores,78.0,78,120
1965-01-30,85,Can't You Hear My Heartbeat,Herman's Hermits,85.0,85,120
1994-04-23,94,Bizarre Love Triangle,FRENTE!,94.0,94,120
1979-06-30,80,Let's Go,The Cars,80.0,80,120
1971-06-26,73,How Can You Mend A Broken Heart,Bee Gees,73.0,73,120
1972-04-01,100,Sylvia's Mother,Dr. Hook And The Medicine Show,100.0,100,120
2009-03-07,96,Never Ever,Ciara Featuring Young Jeezy,96.0,96,120
1960-02-01,92,(There Was A) Tall Oak Tree,Dorsey Burnette,92.0,92,120
1973-03-03,79,The Cisco Kid,War,79.0,79,120
2016-11-26,98,Kill A Word,Eric Church Featuring Rhiannon Giddens,82.0,98,120
1996-12-14,60,Without Love,Donna Lewis,60.0,60,120
1987-02-14,96,Ship Of Fools (Save Me From Tomorrow),World Party,96.0,96,120
2000-04-22,56,Someday Out Of The Blue,Elton John,56.0,56,120
1984-10-13,85,Had A Dream (Sleeping With The Enemy),Roger Hodgson,85.0,85,120
1976-03-20,81,Shout It Out Loud,KISS,81.0,81,120
1989-10-07,87,Girl I Am Searching For You,Stevie B,87.0,87,120
1983-10-22,73,In A Big Country,Big Country,73.0,73,120
1994-11-26,64,"Shame (From ""A Low Down Dirty Shame"")",Zhane,64.0,64,120
1996-10-12,92,"That Thing You Do! (From ""That Thing You Do!"")",The Wonders,92.0,92,120
2012-01-07,61,I Do,Young Jeezy Featuring Jay-Z & Andre 3000,61.0,61,120
1972-05-06,80,Rocket Man,Elton John,80.0,80,120
1990-10-13,90,B.B.D. (I Thought It Was Me)?,Bell Biv DeVoe,90.0,90,120
1961-12-25,95,Smoky Places,"The Corsairs Featuring Jay ""Bird"" Uzzell",95.0,95,120
1995-12-09,43,Too Hot,Coolio,43.0,43,120
1995-04-22,92,Emotions,H-Town,92.0,92,120
1986-01-25,83,Bop,Dan Seals,83.0,83,120
1963-09-21,65,Sugar Shack,Jimmy Gilmer And The Fireballs,65.0,65,120
1983-08-27,78,Can't Shake Loose,Agnetha Faltskog,78.0,78,120
2012-09-22,100,Dance For You,Beyonce,100.0,100,120
2008-05-10,84,Pork And Beans,Weezer,84.0,84,120
1991-02-02,81,I'll Be By Your Side,Stevie B,81.0,81,120
2010-06-05,96,Hold You (Hold Yuh),Gyptian,98.0,96,120
2000-04-22,96,It's So Hard,Big Punisher Featuring Donell Jones,96.0,96,120
2012-06-02,95,The Fighter,Gym Class Heroes Featuring Ryan Tedder,95.0,95,120
2011-10-29,85,Countdown,Beyonce,85.0,85,120
1997-05-17,64,"If I Could Change (From ""I'm Bout It"")",The Lemonheads,64.0,64,120
1987-01-24,97,The Honeythief,Hipsway,97.0,97,120
1959-02-02,69,Charlie Brown,The Coasters,69.0,69,120
2019-11-16,91,Easy,DaniLeigh Featuring Chris Brown,91.0,91,120
1961-10-16,99,Gypsy Woman,The Impressions,99.0,99,120
2001-06-16,86,She's All I Got,Jimmy Cozier,86.0,86,120
1989-08-19,37,Cherish,Madonna,37.0,37,120
1997-02-15,92,Without Your Love,Angelina,92.0,92,120
1960-05-30,85,Alley-Oop,Hollywood Argyles,85.0,85,120
1958-08-04,12,Just A Dream,Jimmy Clanton And His Rockets,12.0,12,120
1985-10-05,72,Girls Are More Fun,Ray Parker Jr.,72.0,72,120
1985-06-08,58,Get It On (Bang A Gong),The Power Station,58.0,58,120
2005-12-17,92,Nasty Girl,"The Notorious B.I.G. Featuring Diddy, Nelly, Jagged Edge & Avery Storm",92.0,92,120
1994-03-19,72,Somethin' To Ride To (Fonky Expedition),The Conscious Daughters,72.0,72,120
2012-04-21,51,Right By My Side,Nicki Minaj Featuring Chris Brown,51.0,51,120
1992-05-23,99,Victim Of The Ghetto,The College Boyz,99.0,99,120
1972-06-24,75,Long Cool Woman (In A Black Dress),The Hollies,75.0,75,120
1970-01-10,100,Rainy Night In Georgia/Rubberneckin',Brook Benton,100.0,100,120
1976-05-01,78,Never Gonna Fall In Love Again,Eric Carmen,78.0,78,120
1975-11-08,87,Winners And Losers,"Hamilton, Joe Frank & Reynolds",87.0,87,120
1997-01-18,62,It's All About U,SWV,62.0,62,120
1973-11-10,86,Me And Baby Brother,War,86.0,86,120
2018-07-28,71,Desperate Man,Eric Church,71.0,71,120
1986-09-27,81,Freedom Overspill,Steve Winwood,81.0,81,120
1960-08-22,95,A Million To One,Jimmy Charles and The Revelletts,95.0,95,120
1975-09-20,78,Low Rider,War,78.0,78,120
1967-12-09,87,Goin' Out Of My Head/Can't Take My Eyes Off You,The Lettermen,87.0,87,120
1959-01-19,94,Matilda,Cookie And His Cupcakes,94.0,94,120
1972-07-22,77,Back Stabbers,The O'Jays,77.0,77,120
1999-09-18,76,I Want It All,Warren G Featuring Mack 10,76.0,76,120
1976-10-30,75,"Do What You Want, Be What You Are",Daryl Hall John Oates,75.0,75,120
2013-03-16,99,Levitate,Hadouken!,99.0,99,120
1979-06-09,76,Is She Really Going Out With Him?,Joe Jackson,76.0,76,120
1995-07-01,94,So Many Tears,2Pac,94.0,94,120
1974-01-05,87,My Sweet Lady,Cliff DeYoung,87.0,87,120
1979-06-16,84,Morning Dance,Spyro Gyra,84.0,84,120
1991-05-25,78,"Nights Like This (From ""The Five Heartbeats"")",After 7,78.0,78,120
1991-02-23,81,Let's Chill,Guy,81.0,81,120
1963-02-23,87,He's So Fine,The Chiffons,87.0,87,120
1990-11-10,73,I Wanna Get With U,Guy,73.0,73,120
1992-07-11,72,Even Better Than The Real Thing,U2,72.0,72,120
1991-07-13,64,You Could Be Mine,Guns N' Roses,64.0,64,120
1974-04-20,74,My Girl Bill,Jim Stafford,74.0,74,120
1994-03-19,80,"The More You Ignore Me, The Closer I Get",Morrissey,80.0,80,120
2007-08-11,89,Proud Of The House We Built,Brooks & Dunn,89.0,89,120
1960-05-02,80,All I Could Do Was Cry,Etta James,80.0,80,120
1981-03-21,63,You Better You Bet,The Who,63.0,63,120
1972-04-08,80,Oh Girl,The Chi-lites,80.0,80,120
1977-08-06,92,I Believe You,Dorothy Moore,92.0,92,120
1970-12-12,76,Amazing Grace,Judy Collins,76.0,76,120
2011-07-30,10,Skyscraper,Demi Lovato,10.0,10,120
1969-11-22,91,Whole Lotta Love,Led Zeppelin,91.0,91,120
1969-03-15,84,Hair,The Cowsills,84.0,84,120
2015-03-21,15,All Day,"Kanye West Featuring Theophilus London, Allan Kingdom & Paul McCartney",15.0,15,120
1978-08-26,70,Who Are You,The Who,70.0,70,120
1990-06-23,69,The Girl I Used To Know,Brother Beyond,69.0,69,120
1993-12-11,81,Goody Goody,Lisette Melendez,81.0,81,120
2009-07-11,93,Trust,Keyshia Cole Duet With Monica,93.0,93,120
1986-08-02,54,Dreamtime,Daryl Hall,54.0,54,120
2011-01-08,65,This Is Country Music,Brad Paisley,65.0,65,120
1959-05-04,81,Just Keep It Up,Dee Clark,81.0,81,120
1964-10-17,87,She's Not There,The Zombies,87.0,87,120
1981-07-11,86,That Old Song,Ray Parker Jr. & Raydio,86.0,86,120
1986-02-22,94,A Little Bit Of Love (Is All It Takes),New Edition,94.0,94,120
1999-11-13,83,Deep Inside,Mary J. Blige,83.0,83,120
1972-08-19,90,Burning Love,Elvis Presley,90.0,90,120
2021-01-23,32,Sand In My Boots,Morgan Wallen,32.0,32,120
1985-10-05,63,Soul Kiss,Olivia Newton-John,63.0,63,120
2001-03-24,84,Mrs. Steven Rudy,Mark McGuinn,84.0,84,120
1973-08-11,96,Ecstasy,Ohio Players,96.0,96,120
1999-02-20,85,C'est La Vie,B*Witched,85.0,85,120
1960-04-18,67,Good Timin',Jimmy Jones,67.0,67,120
1976-02-14,86,"I Do, I Do, I Do, I Do, I Do",ABBA,86.0,86,120
1990-06-30,70,Love And Emotion,Stevie B,70.0,70,120
1960-07-04,100,Over The Rainbow,The Demensions,100.0,100,120
1977-05-14,80,"Knowing Me, Knowing You",ABBA,80.0,80,120
1970-10-03,99,5-10-15-20 (25-30 Years Of Love),The Presidents,99.0,99,120
1998-12-12,95,Fly (The Angel Song),The Wilkinsons,95.0,95,120
1975-07-12,94,Get Down Tonight,KC And The Sunshine Band,94.0,94,120
1988-04-09,91,Under The Milky Way,The Church,91.0,91,120
1992-07-25,89,Boot Scootin' Boogie,Brooks & Dunn,89.0,89,120
1972-04-29,98,We're Free,Beverly Bremers,98.0,98,120
1981-07-18,64,Fire And Ice,Pat Benatar,64.0,64,120
2008-10-04,38,All Summer Long,The Rock Heroes,38.0,38,120
1988-02-06,72,Rock Of Life,Rick Springfield,72.0,72,120
1984-02-04,74,Come Back And Stay,Paul Young,74.0,74,120
1983-10-15,70,Souls,Rick Springfield,70.0,70,120
2020-04-11,78,After A Few,Travis Denning,78.0,78,120
1978-05-27,89,King Tut,Steve Martin And The Toot Uncommons,89.0,89,120
1975-10-11,49,Island Girl,Elton John,49.0,49,120
1972-05-06,83,Life And Breath,Climax featuring Sonny Geraci,83.0,83,120
1971-02-20,81,What's Going On,Marvin Gaye,81.0,81,120
1972-01-01,81,Precious And Few,Climax,81.0,81,120
1963-09-14,94,Deep Purple,Nino Tempo & April Stevens,94.0,94,120
2013-04-27,52,Here's To Never Growing Up,Avril Lavigne,52.0,52,120
2002-08-17,65,Burnin' Up,"Faith Evans Featuring Missy ""Misdemeanor"" Elliott",65.0,65,120
1990-11-03,55,One And Only Man,Steve Winwood,55.0,55,120
1990-06-23,74,The Other Side,Aerosmith,74.0,74,120
1961-01-30,72,Don't Worry,Marty Robbins,72.0,72,120
1979-08-04,41,Don't Bring Me Down,Electric Light Orchestra,41.0,41,120
1976-08-14,83,Get The Funk Out Ma Face,The Brothers Johnson,83.0,83,120
1997-11-22,96,L-L-Lies,Diana King,96.0,96,120
1983-01-29,72,Poison Arrow,ABC,72.0,72,120
1991-10-26,73,Housecall,Shabba Ranks (Featuring Maxi Priest),73.0,73,120
2002-12-07,70,Talkin' To Me,Amerie,70.0,70,120
1962-12-29,96,Hey Paula,Paul and Paula,96.0,96,120
2014-02-08,60,Mmm Yeah,Austin Mahone Featuring Pitbull,60.0,60,120
1980-03-15,53,You May Be Right,Billy Joel,53.0,53,120
1959-08-03,70,Leave My Kitten Alone,Little Willie John,70.0,70,120
1986-06-07,54,"Modern Woman (From ""Ruthless People"")",Billy Joel,54.0,54,120
1970-08-22,62,Cracklin' Rosie,Neil Diamond,62.0,62,120
1983-09-10,93,Just Got Lucky,Joboxers,93.0,93,120
1960-09-12,67,I Want To Be Wanted,Brenda Lee,67.0,67,120
1958-10-06,92,Need You,Donnie Owens,92.0,92,120
1971-08-07,89,Go Away Little Girl,Donny Osmond,89.0,89,120
1958-08-25,100,Treasure Of Your Love,Eileen Rodgers,100.0,100,120
1960-11-21,96,"Corinna, Corinna",Ray Peterson,96.0,96,120
1972-07-08,94,Power Of Love,Joe Simon,94.0,94,120
2016-01-02,95,Sorry Not Sorry,Bryson Tiller,95.0,95,120
1990-02-10,47,All My Life,Linda Ronstadt (Featuring Aaron Neville),47.0,47,120
1970-04-18,93,United We Stand,The Brotherhood Of Man,93.0,93,120
1970-04-18,91,My Baby Loves Lovin',White Plains,91.0,91,120
1967-05-20,100,Soul Finger,Bar-Kays,100.0,100,120
1986-12-06,62,We're Ready,Boston,62.0,62,120
2020-11-21,93,Beers And Sunshine,Darius Rucker,93.0,93,120
1995-06-17,83,Big Yellow Taxi,Amy Grant,83.0,83,120
1992-06-27,76,They Reminisce Over You (T.R.O.Y.),Pete Rock & C.L. Smooth,76.0,76,120
1970-12-26,76,If You Could Read My Mind,Gordon Lightfoot,76.0,76,120
1988-06-18,79,The Twist,Fat Boys,79.0,79,120
1989-03-11,77,Cult Of Personality,Living Colour,77.0,77,120
1969-09-13,77,Suspicious Minds,Elvis Presley,77.0,77,120
1980-03-01,75,Any Way You Want It,Journey,75.0,75,120
1980-08-02,71,Don't Ask Me Why,Billy Joel,71.0,71,120
1969-07-05,85,I'd Wait A Million Years,The Grass Roots,85.0,85,120
2014-12-13,93,Sledgehammer,Fifth Harmony,93.0,93,120
1990-04-28,55,Children Of The Night,Richard Marx,55.0,55,120
1984-07-07,72,Leave A Tender Moment Alone,Billy Joel,72.0,72,120
2009-06-27,51,Make Her Say,Kid Cudi Featuring Kanye West & Common,51.0,51,120
1977-08-27,80,Surfin' USA,Leif Garrett,80.0,80,120
2014-07-26,43,Bo$$,Fifth Harmony,43.0,43,120
1993-08-07,93,Mega Medley,Zapp & Roger,93.0,93,120
1980-05-24,71,I'm Alive,Electric Light Orchestra,71.0,71,120
1998-06-27,91,Black Ice (Sky High),Goodie Mob Featuring Outkast,91.0,91,120
1967-12-09,98,Nobody But Me,The Human Beinz,98.0,98,120
1986-04-12,51,Be Good To Yourself,Journey,51.0,51,120
2009-06-13,82,Wild At Heart,Gloriana,82.0,82,120
1983-08-06,51,(she's) Sexy + 17,Stray Cats,51.0,51,120
1986-02-22,74,I Think It's Love,Jermaine Jackson,74.0,74,120
1994-02-12,96,Mother,Danzig,96.0,96,120
1958-12-08,83,The Diary,Neil Sedaka,83.0,83,120
1971-05-22,94,Never Ending Song Of Love,Delaney & Bonnie & Friends,94.0,94,120
1977-02-19,85,Tryin' To Love Two,William Bell,85.0,85,120
1979-09-22,80,Please Don't Leave,Lauren Wood,80.0,80,120
1994-11-05,70,Black Coffee,Heavy D & The Boyz,70.0,70,120
1968-03-02,60,Cry Like A Baby,The Box Tops,60.0,60,120
1986-02-01,91,Calling America,Electric Light Orchestra,91.0,91,120
1980-02-09,79,And The Beat Goes On,The Whispers,79.0,79,120
1968-12-28,89,"Sweet Cream Ladies, Forward March",The Box Tops,89.0,89,120
1991-12-21,87,There Will Never Be Another Tonight,Bryan Adams,87.0,87,120
2018-02-10,36,Narcos,Migos,36.0,36,120
2016-01-30,94,Drunk On Your Love,Brett Eldredge,94.0,94,120
2013-05-11,99,Jump Right In,Zac Brown Band,99.0,99,120
1981-02-14,87,It's A Love Thing,The Whispers,87.0,87,120
1987-06-20,85,Living In A Box,Living In A Box,85.0,85,120
1958-11-17,81,Whole Lotta Loving,Fats Domino,81.0,81,120
1983-09-24,87,Send Her My Love,Journey,87.0,87,120
1968-08-31,74,Midnight Confessions,The Grass Roots,74.0,74,120
1985-02-02,82,The Word Is Out,Jermaine Stewart,82.0,82,120
1969-06-21,100,Feeling Alright,Joe Cocker,100.0,100,120
1983-10-08,91,I Need You,The Pointer Sisters,91.0,91,120
1990-08-25,61,Crazy,The Boys,61.0,61,120
2012-12-22,85,Stubborn Love,The Lumineers,85.0,85,120
2007-09-29,61,1234,Feist,61.0,61,120
1959-03-23,64,(Now and Then There's) A Fool Such As I,Elvis Presley With The Jordanaires,64.0,64,120
1963-03-02,82,Can't Get Used To Losing You,Andy Williams,82.0,82,120
1991-11-30,92,I Want You,Jody Watley,92.0,92,120
1977-11-26,97,Cocomotion,El Coco,97.0,97,120
1999-04-10,88,Why Don't You Get A Job?,The Offspring,88.0,88,120
1982-07-24,75,Let Me Tickle Your Fancy,Jermaine Jackson,75.0,75,120
2006-02-18,94,In My Mind,Heather Headley,94.0,94,120
1960-10-31,63,He Will Break Your Heart,Jerry Butler,63.0,63,120
1985-09-14,56,One Night Love Affair,Bryan Adams,56.0,56,120
1959-03-16,98,Come To Me,Marv Johnson,98.0,98,120
1960-10-24,77,My Girl Josephine,Fats Domino,77.0,77,120
1981-09-12,70,Say Goodbye To Hollywood,Billy Joel,70.0,70,120
1985-02-23,95,We Close Our Eyes,Go West,95.0,95,120
1978-08-12,84,She's Always A Woman,Billy Joel,84.0,84,120
1970-01-03,87,Jennifer Tomkins,Street People,87.0,87,120
1997-03-01,62,Falling In Love (Is Hard On The Knees),Aerosmith,62.0,62,120
1965-09-25,93,1-2-3,Len Barry,93.0,93,120
2010-03-20,99,Keep On Lovin' You,Steel Magnolia,99.0,99,120
1969-11-01,99,Midnight Cowboy,Ferrante & Teicher,99.0,99,120
1975-06-07,65,Please Mr. Please,Olivia Newton-John,65.0,65,120
2008-07-26,94,Johnny & June,Heidi Newfield,94.0,94,120
1963-10-05,89,I'm Leaving It Up To You,Dale & Grace,89.0,89,120
1988-10-22,71,Early In The Morning,Robert Palmer,71.0,71,120
1997-06-28,83,Can't Let Go,Laurnea,83.0,83,120
1967-08-12,83,Gimme Little Sign,Brenton Wood,83.0,83,120
1960-03-14,96,The Old Lamplighter,The Browns Featuring Jim Edward Brown,96.0,96,120
1972-10-14,98,Something's Wrong With Me,Austin Roberts,98.0,98,120
1961-04-10,97,Hello Walls,Faron Young,97.0,97,120
1970-02-28,64,Spirit In The Sky,Norman Greenbaum,64.0,64,120
1962-09-29,50,All Alone Am I,Brenda Lee,50.0,50,120
1988-03-12,91,My Girl,Suave,91.0,91,120
1965-12-04,85,Just Like Me,Paul Revere & The Raiders Featuring Mark Lindsay,85.0,85,120
1979-03-24,89,Love Takes Time,Orleans,89.0,89,120
2015-03-28,31,Believe,Mumford & Sons,31.0,31,120
1990-05-26,27,Step By Step,New Kids On The Block,27.0,27,120
2011-07-02,98,Love Done Gone,Billy Currington,98.0,98,120
1988-12-17,74,Angel Of Harlem,U2,74.0,74,120
1997-02-08,75,I Always Feel Like (Somebody's Watching Me),Tru Featuring Ice Cream Man (Master P),75.0,75,120
1978-06-24,86,Macho Man,Village People,86.0,86,120
1986-08-30,91,Somebody's Out There,Triumph,91.0,91,120
1964-04-04,50,My Guy,Mary Wells,50.0,50,120
1996-04-13,56,Don't Wanna Lose You,Lionel Richie,56.0,56,120
2002-11-23,77,Cochise,Audioslave,77.0,77,120
2013-11-02,96,Radio,Darius Rucker,96.0,96,120
1962-05-05,88,Playboy,The Marvelettes,88.0,88,120
2016-12-17,98,Make Me (Cry),Noah Cyrus Featuring Labrinth,75.0,98,120
1976-06-12,52,Last Child,Aerosmith,52.0,52,120
2003-08-23,93,Walk A Little Straighter,Billy Currington,93.0,93,120
1972-06-17,82,Hold Your Head Up,Argent,82.0,82,120
1971-08-14,72,The Night They Drove Old Dixie Down,Joan Baez,72.0,72,120
1975-04-05,69,Bad Time,Grand Funk,69.0,69,120
1996-11-16,58,"How Could You (From ""Bulletproof"")",K-Ci & JoJo,58.0,58,120
2018-11-24,91,Sixteen,Thomas Rhett,91.0,91,120
1961-01-16,90,Where The Boys Are,Connie Francis,90.0,90,120
1977-11-26,92,Le Spank,Le Pamplemousse,92.0,92,120
1959-11-23,76,Among My Souvenirs,Connie Francis,76.0,76,120
1961-07-31,85,Missing You,Ray Peterson,85.0,85,120
1991-07-13,100,The Sound Of Your Voice,38 Special,100.0,100,120
2005-06-25,76,So Seductive,Tony Yayo Featuring 50 Cent,76.0,76,120
1963-07-13,90,The Monkey Time,Major Lance,90.0,90,120
1974-06-29,84,Rub It In,"Billy ""Crash"" Craddock",84.0,84,120
1960-03-28,99,Stairway To Heaven,Neil Sedaka,99.0,99,120
1991-01-19,66,All This Time,Sting,66.0,66,120
2017-03-04,4,Chained To The Rhythm,Katy Perry Featuring Skip Marley,4.0,4,120
1968-11-23,34,I Heard It Through The Grapevine,Marvin Gaye,34.0,34,120
2006-12-02,100,I Luv It,Young Jeezy,100.0,100,120
1959-12-28,89,Lonely Blue Boy,Conway Twitty,89.0,89,120
1978-04-08,79,Heartless,Heart,79.0,79,120
1970-03-21,46,American Woman/No Sugar Tonight,The Guess Who,46.0,46,120
1990-07-28,93,Can't Get Enuff,Winger,93.0,93,120
1959-05-25,81,Hushabye,The Mystics,81.0,81,120
1998-02-14,92,Life In Mono,Mono,92.0,92,120
1983-10-22,80,The Way He Makes Me Feel,Barbra Streisand,80.0,80,120
1970-03-14,96,Reflections Of My Life,The Marmalade,96.0,96,120
1975-08-16,95,To Each His Own,"Faith, Hope And Charity",95.0,95,120
2005-11-12,87,Bat Country,Avenged Sevenfold,87.0,87,120
1985-07-06,66,Mystery Lady,Billy Ocean,66.0,66,120
1975-07-19,90,How Long (Betcha' Got A Chick On The Side),The Pointer Sisters,90.0,90,120
2019-10-19,91,Leave Em Alone,"Layton Greene, Lil Baby, City Girls & PnB Rock",91.0,91,120
1988-02-27,64,One Step Up,Bruce Springsteen,64.0,64,120
1984-08-04,62,The Lucky One,Laura Branigan,62.0,62,120
2007-11-17,82,Girlfriend,Bow Wow & Omarion,82.0,82,120
1964-06-27,72,Everybody Loves Somebody,Dean Martin,72.0,72,120
1960-07-04,59,Itsy Bitsy Teenie Weenie Yellow Polkadot Bikini,Brian Hyland,59.0,59,120
1992-08-22,72,Not Enough Time,INXS,72.0,72,120
1970-07-11,72,War,Edwin Starr,72.0,72,120
1986-08-23,67,Heartbeat,Don Johnson,67.0,67,120
1964-04-18,87,Little Children,Billy J. Kramer With The Dakotas,87.0,87,120
2016-06-18,74,Kill Em With Kindness,Selena Gomez,74.0,74,120
2020-04-04,16,In Your Eyes,The Weeknd,16.0,16,120
2002-08-24,78,American Child,Phil Vassar,78.0,78,120
1968-02-03,92,La - La - Means I Love You,The Delfonics,92.0,92,120
1979-04-28,65,Chuck E.'s In Love,Rickie Lee Jones,65.0,65,120
1989-05-06,39,Satisfied,Richard Marx,39.0,39,120
1975-04-12,81,When Will I Be Loved,Linda Ronstadt,81.0,81,120
1973-12-15,75,You're Sixteen,Ringo Starr,75.0,75,120
1993-02-20,82,Come In Out Of The Rain,Wendy Moten,82.0,82,120
1971-03-20,100,Me And My Arrow,Nilsson,100.0,100,120
1982-05-01,63,Crimson And Clover,Joan Jett & the Blackhearts,63.0,63,120
2018-04-07,70,Japan,Famous Dex,70.0,70,120
1997-01-11,85,What They Do,The Roots,85.0,85,120
2003-12-20,74,Hit That,The Offspring,74.0,74,120
2007-10-20,72,Soulja Girl,Soulja Boy Tell'em Featuring I-15,72.0,72,120
1979-05-19,57,Shine A Little Love,Electric Light Orchestra,57.0,57,120
1972-12-02,74,"Oh, Babe, What Would You Say?",Hurricane Smith,74.0,74,120
1976-12-11,87,Save It For A Rainy Day,Stephen Bishop,87.0,87,120
1969-10-04,99,Cherry Hill Park,Billy Joe Royal,99.0,99,120
1959-05-18,66,Frankie,Connie Francis,66.0,66,120
1963-06-22,85,Fingertips - Pt 2,Little Stevie Wonder,85.0,85,120
1974-07-06,90,I'm Leaving It (All) Up To You,Donny & Marie Osmond,90.0,90,120
1985-12-07,55,My Hometown,Bruce Springsteen,55.0,55,120
1977-11-19,81,Turn To Stone,Electric Light Orchestra,81.0,81,120
2018-07-07,92,Life Changes,Thomas Rhett,92.0,92,105
1975-03-22,81,Shakey Ground,The Temptations,81.0,81,105
2004-01-31,76,No Better Love,Young Gunz Featuring Rell,76.0,76,105
1966-04-23,100,Barefootin',Robert Parker,100.0,100,105
1971-05-22,90,Don't Pull Your Love,"Hamilton, Joe Frank & Reynolds",90.0,90,105
1980-03-29,97,We Were Meant To Be Lovers,Photoglo,97.0,97,105
1960-06-06,78,That's All You Gotta Do,Brenda Lee,78.0,78,105
1972-04-01,78,Morning Has Broken,Cat Stevens,78.0,78,105
2013-08-17,85,True Love,P!nk Featuring Lily Allen,85.0,85,105
1973-02-17,92,Walk On The Wild Side,Lou Reed,92.0,92,105
1999-09-11,82,I'm Already Taken,Steve Wariner,82.0,82,105
1977-12-24,81,"Theme From ""Close Encounters Of The Third Kind""",John Williams,81.0,81,105
1975-11-15,56,Rock And Roll All Nite (live),KISS,56.0,56,105
2002-11-16,85,Spin,Lifehouse,85.0,85,105
2000-03-18,95,Whistle While You Twurk,Ying Yang Twins,95.0,95,105
1958-08-04,2,Patricia,Perez Prado And His Orchestra,2.0,2,105
1974-08-03,100,Another Saturday Night,Cat Stevens,100.0,100,105
2000-02-19,69,Another Dumb Blonde,Hoku,69.0,69,105
1966-03-12,86,Good Lovin',The Young Rascals,86.0,86,105
1963-01-19,87,You're The Reason I'm Living,Bobby Darin,87.0,87,105
1977-03-19,71,Calling Dr. Love,KISS,71.0,71,105
1959-04-13,70,"Goodbye Jimmy, Goodbye",Kathy Linden,70.0,70,105
2016-08-13,91,This Girl,Kungs vs Cookin' On 3 Burners,91.0,91,105
1974-12-28,88,I'm A Woman,Maria Muldaur,88.0,88,105
1967-12-30,100,Bottle Of Wine,The Fireballs,100.0,100,105
1980-03-15,88,Let Me Be The Clock,Smokey Robinson,88.0,88,105
1975-12-06,85,Somewhere In The Night,Helen Reddy,85.0,85,105
1969-07-19,87,Your Good Thing (Is About To End),Lou Rawls,87.0,87,105
1982-06-05,90,Paperlate,Genesis,90.0,90,105
1991-01-05,85,Here Comes The Hammer,M.C. Hammer,85.0,85,105
1968-10-26,45,Who's Making Love,Johnnie Taylor,45.0,45,105
2016-09-03,95,Wishing,"DJ Drama Featuring Chris Brown, Skeme & Lyquin",95.0,95,105
1984-08-11,59,There Goes My Baby,Donna Summer,59.0,59,105
1988-05-07,86,I Should Be So Lucky,Kylie Minogue,86.0,86,105
1977-07-30,94,The Greatest Love Of All,George Benson,94.0,94,105
1978-06-24,91,New Orleans Ladies,Louisiana's LeRoux,91.0,91,105
1981-06-20,76,Touch Me When We're Dancing,Carpenters,76.0,76,105
1982-03-27,88,My Girl,Donnie Iris,88.0,88,105
1986-07-05,88,"That Was Then, This Is Now",The Monkees,88.0,88,105
2005-09-03,96,Probably Wouldn't Be This Way,LeAnn Rimes,96.0,96,105
1973-06-02,79,Yesterday Once More,Carpenters,79.0,79,105
1977-12-03,87,Street Corner Serenade,Wet Willie,87.0,87,105
1976-03-27,84,Welcome Back,John Sebastian,84.0,84,105
2003-12-27,92,You,Ryan Duarte,92.0,92,105
1990-04-28,98,Up All Night,Slaughter,98.0,98,105
1985-02-02,53,Save A Prayer,Duran Duran,53.0,53,105
1992-03-28,88,This Is The Last Time,Laura Enea,88.0,88,105
1958-08-04,8,My True Love,Jack Scott,8.0,8,105
1978-01-28,97,"Theme Song From ""Which Way Is Up""",Stargard,97.0,97,105
2001-10-20,68,I'm A Slave 4 U,Britney Spears,68.0,68,105
1963-05-11,79,Sukiyaki,Kyu Sakamoto,79.0,79,105
1959-06-29,100,The Way I Walk,Jack Scott,100.0,100,105
1974-01-05,92,Star,Stealers Wheel,92.0,92,105
2015-06-13,94,Kiss You In The Morning,Michael Ray,94.0,94,105
1960-11-14,88,Wonderland By Night,Louis Prima,88.0,88,105
1966-12-03,78,Tell It Like It Is,Aaron Neville,78.0,78,105
1973-08-25,93,Summer (The First Time),Bobby Goldsboro,93.0,93,105
1973-02-24,63,Masterpiece,The Temptations,63.0,63,105
1977-10-08,71,Calling Occupants Of Interplanetary Craft,Carpenters,71.0,71,105
1982-11-20,56,I Do,The J. Geils Band,56.0,56,105
1990-09-01,41,Praying For Time,George Michael,41.0,41,105
1973-02-24,61,Sing,Carpenters,61.0,61,105
1962-10-27,95,The Lonely Bull (El Solo Torro),Herb Alpert And Tijuana Brass,95.0,95,105
1974-09-21,86,So You Are A Star,The Hudson Brothers,86.0,86,105
1962-06-09,100,Sealed With A Kiss,Brian Hyland,100.0,100,105
1962-02-03,79,Midnight In Moscow,Kenny Ball and his Jazzmen,79.0,79,105
1987-09-12,70,Where The Streets Have No Name,U2,70.0,70,105
1961-09-04,92,Let's Get Together,Hayley Mills and Hayley Mills,92.0,92,105
2004-03-27,73,Desperately,George Strait,73.0,73,105
1985-02-09,45,Just Another Night,Mick Jagger,45.0,45,105
1981-12-19,87,Love Is Like A Rock,Donnie Iris,87.0,87,105
1969-12-27,88,Oh Me Oh My (I'm A Fool For You Baby),Lulu,88.0,88,105
1963-11-02,82,Wives And Lovers,Jack Jones,82.0,82,105
1992-07-11,92,Tequila,A.L.T. And The Lost Civilization,92.0,92,105
1986-03-01,66,So Far Away,Dire Straits,66.0,66,105
1996-02-24,7,Jesus To A Child,George Michael,7.0,7,105
2003-12-27,95,Alone,Lasgo,95.0,95,105
1980-08-16,88,Who'll Be The Fool Tonight,Larsen-Feiten Band,88.0,88,105
1990-06-23,67,I Didn't Want To Need You,Heart,67.0,67,105
1971-11-06,50,Family Affair,Sly & The Family Stone,50.0,50,105
1962-02-24,100,Dear One,Larry Finnegan,100.0,100,105
1968-10-12,97,Little Arrows,Leapy Lee,97.0,97,105
2010-11-20,97,Bullets In The Gun,Toby Keith,97.0,97,105
1963-06-22,96,Abilene,George Hamilton IV,96.0,96,105
1996-08-03,77,All I See,A+,77.0,77,105
1987-07-11,66,Love Power,Dionne Warwick & Jeffrey Osborne,66.0,66,105
1987-02-07,74,What You Get Is What You See,Tina Turner,74.0,74,105
2008-01-26,95,What Hurts The Most,Cascada,95.0,95,105
2008-05-10,79,Love In This Club Part II,Usher Featuring Beyonce & Lil Wayne,79.0,79,105
1985-08-31,47,Dancing In The Street,David Bowie & Mick Jagger,47.0,47,105
2008-11-22,34,Decode,Paramore,34.0,34,105
1989-09-02,77,The Best,Tina Turner,77.0,77,105
1960-06-20,98,Feel So Fine,Johnny Preston,98.0,98,105
1967-01-28,79,I've Been Lonely Too Long,The Young Rascals,79.0,79,105
1969-06-28,85,Put A Little Love In Your Heart,Jackie DeShannon,85.0,85,105
1961-10-02,66,Fool #1,Brenda Lee,66.0,66,105
1971-07-10,99,Saturday Morning Confusion,Bobby Russell,99.0,99,105
1993-10-02,85,Send Me A Lover,Taylor Dayne,85.0,85,105
1986-01-25,94,Do Me Baby,Meli'sa Morgan,94.0,94,105
1979-10-13,57,Ships,Barry Manilow,57.0,57,105
1965-11-20,100,The Duck,Jackie Lee,100.0,100,105
1979-07-21,96,What Cha Gonna Do With My Lovin',Stephanie Mills,96.0,96,105
1985-06-15,81,Stir It Up,Patti LaBelle,81.0,81,105
1965-02-20,96,Go Now!,The Moody Blues,96.0,96,105
1971-08-14,83,Sweet City Woman,Stampeders,83.0,83,105
1977-12-03,90,Rockaway Beach,Ramones,90.0,90,105
1968-02-17,63,The Ballad Of Bonnie And Clyde,Georgie Fame,63.0,63,105
1987-07-18,90,Making Love In The Rain,Herb Alpert,90.0,90,105
2020-08-08,1,Cardigan,Taylor Swift,1.0,1,105
1963-06-08,100,Just One Look,Doris Troy,100.0,100,105
1968-03-16,74,Take Time To Know Her,Percy Sledge,74.0,74,105
2016-01-23,76,Heartbeat,Carrie Underwood,76.0,76,105
1985-10-26,86,Too Young,Jack Wagner,86.0,86,105
1968-01-13,56,I Wish It Would Rain,The Temptations,56.0,56,105
1968-05-18,72,This Guy's In Love With You,Herb Alpert,72.0,72,105
1958-08-04,61,Itchy Twitchy Feeling,Bobby Hendricks,61.0,61,105
1970-11-28,72,My Sweet Lord/Isn't It A Pity,George Harrison,72.0,72,105
1988-06-18,85,Say It's Gonna Rain,Will To Power,85.0,85,105
1999-03-20,90,My First Night With You,Mya,90.0,90,105
2001-05-05,92,I Cry,Ja Rule Featuring Lil' Mo,92.0,92,105
2012-01-07,69,Scary Monsters And Nice Sprites,Skrillex,69.0,69,105
1971-02-13,84,One Toke Over The Line,Brewer And Shipley,84.0,84,105
2004-11-20,72,New York,Ja Rule Featuring Fat Joe & Jadakiss,72.0,72,105
1973-05-19,59,Give Me Love - (Give Me Peace On Earth),George Harrison,59.0,59,105
1986-09-20,84,What About Love,'Til Tuesday,84.0,84,105
1979-03-03,79,Blow Away,George Harrison,79.0,79,105
1969-05-10,71,Love Theme From Romeo & Juliet,Henry Mancini And His Orchestra,71.0,71,105
1976-12-18,80,Spring Affair/Winter Melody,Donna Summer,80.0,80,105
1964-03-07,81,White On White,Danny Williams,81.0,81,105
1988-05-07,53,Dirty Diana,Michael Jackson,53.0,53,105
1967-03-18,99,On A Carousel,The Hollies,99.0,99,105
1981-10-31,88,Castles In The Air,Don McLean,88.0,88,105
1992-07-11,64,Jam,Michael Jackson,64.0,64,105
2006-05-13,94,Last Day Of My Life,Phil Vassar,94.0,94,105
1978-08-05,86,I Will Still Love You,Stonebolt,86.0,86,105
1971-03-20,72,I Won't Mention It Again,Ray Price,72.0,72,105
1976-02-14,80,Action,Sweet,80.0,80,105
2000-12-23,76,This Everyday Love,Rascal Flatts,76.0,76,105
1983-03-26,90,The One Thing,INXS,90.0,90,105
1987-01-17,55,Respect Yourself,Bruce Willis,55.0,55,105
1970-05-16,98,Cottage Cheese,CROW,98.0,98,105
1985-08-31,60,Sunset Grill,Don Henley,60.0,60,105
2016-11-12,38,Sneakin',Drake Featuring 21 Savage,38.0,38,105
1974-08-31,88,Carefree Highway,Gordon Lightfoot,88.0,88,105
1992-03-21,87,I Wanna Rock,Luke,87.0,87,105
1981-10-17,78,Poor Man's Son,Survivor,78.0,78,105
1977-11-12,79,Runaround Sue,Leif Garrett,79.0,79,105
2021-01-30,55,Masterpiece,DaBaby,55.0,55,105
1989-11-25,88,Principal's Office,Young M.C.,88.0,88,105
1983-07-23,48,Human Nature,Michael Jackson,48.0,48,105
2016-12-10,98,Versace On The Floor,Bruno Mars,78.0,98,105
2014-01-18,94,Young Girls,Bruno Mars,94.0,94,105
1991-11-09,87,Just A Touch Of Love,C+C Music Factory Presents Zelma Davis,87.0,87,105
2008-09-13,59,What Them Girls Like,Ludacris Co-Starring Chris Brown & Sean Garrett,59.0,59,105
1983-06-11,69,Cuts Like A Knife,Bryan Adams,69.0,69,105
1987-05-23,82,Happy,Surface,82.0,82,105
1972-01-22,68,Down By The Lazy River,The Osmonds,68.0,68,105
1965-07-10,88,I Got You Babe,Sonny & Cher,88.0,88,105
2013-06-08,88,Beneath Your Beautiful,Labrinth Featuring Emeli Sande,95.0,88,105
1973-10-27,96,Painted Ladies,Ian Thomas,96.0,96,105
2020-10-31,100,Champagne Night,Lady A,100.0,100,105
2019-10-19,83,Nice To Meet Ya,Niall Horan,90.0,83,105
1960-10-17,71,New Orleans,U.S. Bonds,71.0,71,105
1992-05-09,99,Never Satisfied,Good 2 Go,99.0,99,105
2008-07-12,99,Here I Am,Rick Ross Featuring Nelly & Avery Storm,99.0,99,105
2000-05-13,76,Some Things Never Change,Tim McGraw,76.0,76,105
1988-04-30,83,Heart Of Mine,Boz Scaggs,83.0,83,105
2010-10-02,91,All I Want Is You,Miguel Featuring J. Cole,91.0,91,105
1965-12-18,100,Uptight (Everything's Alright),Stevie Wonder,100.0,100,105
1982-07-31,87,I Will Always Love You,Dolly Parton,87.0,87,105
1968-08-17,89,Girl Watcher,The O'Kaysions,89.0,89,105
1969-10-18,94,"Yester-Me, Yester-You, Yesterday",Stevie Wonder,94.0,94,105
1992-10-17,95,360 Degrees (What Goes Around),Grand Puba,95.0,95,105
1980-03-29,65,Breakdown Dead Ahead,Boz Scaggs,65.0,65,105
1995-09-02,65,Vibin',Boyz II Men,65.0,65,105
2005-05-21,96,I Can't Stop Loving You,Kem,96.0,96,105
1995-09-02,50,Can I Touch You...There?,Michael Bolton,50.0,50,105
1988-01-16,64,Be Still My Beating Heart,Sting,64.0,64,105
2017-05-06,39,The Cure,Lady Gaga,39.0,39,105
2011-08-06,95,Quickie,Miguel,95.0,95,105
1982-01-16,85,Bobbie Sue,The Oak Ridge Boys,85.0,85,105
1985-11-09,93,The Big Money,Rush,93.0,93,105
1981-04-11,71,Since I Don't Have You,Don McLean,71.0,71,105
1974-12-28,77,Lonely People,America,77.0,77,105
1970-08-01,61,(I Know) I'm Losing You,Rare Earth,61.0,61,105
1971-12-04,74,Day After Day,Badfinger,74.0,74,105
1983-12-10,79,The Dream,Irene Cara,79.0,79,105
1972-11-18,90,Pieces Of April,Three Dog Night,90.0,90,105
1960-01-04,84,Tracy's Theme,Spencer Ross,84.0,84,105
1972-06-10,73,Sealed With A Kiss,Bobby Vinton,73.0,73,105
1969-03-15,93,It's Your Thing,The Isley Brothers,93.0,93,105
1960-06-13,86,Tell Laura I Love Her,Ray Peterson,86.0,86,105
1993-03-13,95,Romeo,Dolly Parton & Friends,95.0,95,105
1986-09-20,88,Midas Touch,Midnight Star,88.0,88,105
1963-11-23,80,Popsicles And Icicles,The Murmaids,80.0,80,105
1991-08-31,97,The Devil Came Up To Michigan,K.M.C. KRU,97.0,97,105
1968-11-02,64,I Love How You Love Me,Bobby Vinton,64.0,64,105
1994-09-24,87,I'll Take Her,Ill Al Skratch Featuring Brian McKnight,87.0,87,105
1963-09-21,100,Washington Square,The Village Stompers,100.0,100,105
2021-05-29,38,Straightenin,Migos,38.0,38,105
1959-06-29,90,See You In September,The Tempos,90.0,90,105
1995-07-01,24,Misery,Soul Asylum,24.0,24,105
1968-08-24,98,The Funky Judge,Bull & The Matadors,98.0,98,105
2016-02-20,6,Summer Sixteen,Drake,6.0,6,105
1985-06-01,94,Call Me,Go West,94.0,94,105
1976-02-14,90,Lorelei,Styx,90.0,90,105
1987-10-31,89,We've Only Just Begun (The Romance Is Not Over),Glenn Jones,89.0,89,105
1963-10-05,80,Walking The Dog,Rufus Thomas,80.0,80,105
1965-11-27,94,Five O'Clock World,The Vogues,94.0,94,105
1983-05-14,83,Wishing (If I Had A Photograph Of You),A Flock Of Seagulls,83.0,83,105
1987-09-19,40,Bad,Michael Jackson,40.0,40,105
1965-03-13,98,Baby The Rain Must Fall,Glenn Yarbrough,98.0,98,105
2021-03-06,96,The Business,Tiesto,96.0,96,105
1961-09-04,84,Sad Movies (Make Me Cry),Sue Thompson,84.0,84,105
1990-06-30,83,Cuts Both Ways,Gloria Estefan,83.0,83,105
1989-11-11,88,Over And Over,Pajama Party,88.0,88,105
2001-11-03,99,Fatty Girl,"Ludacris, LL Cool J & Keith Murray",99.0,99,105
1988-02-27,56,I Saw Him Standing There,Tiffany,56.0,56,105
1969-08-02,100,In A Moment,The Intrigues,100.0,100,105
1958-08-04,38,Somebody Touched Me,Buddy Knox with the Rhythm Orchids,38.0,38,105
1988-10-22,88,"Hippy Hippy Shake (From ""Cocktail"")",The Georgia Satellites,88.0,88,105
1961-06-19,95,Sea Of Heartbreak,Don Gibson,95.0,95,105
1971-10-30,89,Got To Be There,Michael Jackson,89.0,89,105
1993-11-27,91,Give It Up,The Goodmen,91.0,91,105
1968-03-23,87,Cowboys To Girls,The Intruders,87.0,87,105
1960-05-23,97,Big Boy Pete,The Olympics,97.0,97,105
1959-02-23,82,It Doesn't Matter Anymore,Buddy Holly,82.0,82,105
1982-02-13,69,Make A Move On Me,Olivia Newton-John,69.0,69,105
1961-12-18,73,A Little Bitty Tear,Burl Ives,73.0,73,105
1979-07-07,78,Goodbye Stranger,Supertramp,78.0,78,105
1978-11-18,99,Free Me From My Freedom/Tie Me To A Tree (Handcuff Me),Bonnie Pointer,99.0,99,105
1980-09-20,67,Dreamer,Supertramp,67.0,67,105
1961-01-09,96,Baby Sittin' Boogie,Buzz Clifford,96.0,96,105
1998-12-05,9,Iris,Goo Goo Dolls,9.0,9,105
2010-01-30,99,Just Breathe,Pearl Jam,99.0,99,105
1982-01-09,87,When All Is Said And Done,ABBA,87.0,87,105
1997-02-01,76,"Watch Me Do My Thing (From ""All That"")",Immature Featuring Smooth And Ed From Good Burger,76.0,76,105
1988-01-23,82,Never Knew Love Like This,Alexander O'Neal Featuring Cherrelle,82.0,82,105
1969-03-08,100,Hawaii Five-O,The Ventures,100.0,100,105
1996-07-20,90,Maria,Ricky Martin,90.0,90,105
1982-11-13,90,Put It In A Magazine,Sonny Charles,90.0,90,105
1975-11-08,86,Country Boy (You Got Your Feet In L.A.),Glen Campbell,86.0,86,105
1962-06-09,97,The Wah Watusi,The Orlons,97.0,97,105
1986-01-18,81,(How To Be A) Millionaire,ABC,81.0,81,105
2009-11-07,100,Russian Roulette,Rihanna,100.0,100,105
1985-11-23,53,It's Only Love,Bryan Adams/Tina Turner,53.0,53,105
2020-05-16,100,Don't Rush,Young T & Bugsey Featuring Headie One,100.0,100,105
1980-04-05,88,We Live For Love,Pat Benatar,88.0,88,105
2010-10-30,80,Little Miss,Sugarland,96.0,80,105
1978-09-16,73,Blue Collar Man (Long Nights),Styx,73.0,73,105
1972-05-20,90,Day By Day,Godspell,90.0,90,105
1993-09-18,98,Human Wheels,John Mellencamp,98.0,98,105
1970-02-07,98,The Bells,The Originals,98.0,98,105
2018-08-25,91,Drew Barrymore,Bryce Vine,91.0,91,105
1995-02-25,48,Foe Tha Love Of $,Bone Thugs-N-Harmony Featuring Eazy-E,48.0,48,105
1965-03-20,79,Cast Your Fate To The Wind,Sounds Orchestral,79.0,79,105
1978-02-18,88,Fooling Yourself (The Angry Young Man),Styx,88.0,88,105
1982-07-03,67,Vacation,Go-Go's,67.0,67,105
1984-06-16,77,Turn To You,Go-Go's,77.0,77,105
1982-05-22,83,Early In The Morning,The Gap Band,83.0,83,105
2017-07-08,83,Relationship,Young Thug Featuring Future,90.0,83,105
1969-12-20,81,No Time,The Guess Who,81.0,81,105
1984-12-15,90,Treat Her Like A Lady,The Temptations,90.0,90,105
1990-02-03,69,Love Me For Life,Stevie B,69.0,69,105
1959-04-27,88,Crossfire,Johnny And The Hurricanes,88.0,88,105
1983-02-05,73,Little Too Late,Pat Benatar,73.0,73,105
1969-10-25,93,Friendship Train,Gladys Knight And The Pips,93.0,93,105
1982-11-20,79,Memory,Barry Manilow,79.0,79,105
1975-05-17,83,Rockin' Chair,Gwen McCrae,83.0,83,105
1969-10-25,61,Eli's Coming,Three Dog Night,61.0,61,105
1975-02-08,89,Emma,Hot Chocolate,89.0,89,105
1985-03-30,77,Lost In Love,New Edition,77.0,77,105
1982-02-20,73,Edge Of Seventeen (Just Like The White Winged Dove),Stevie Nicks,73.0,73,105
1978-08-26,84,It's A Laugh,Daryl Hall John Oates,84.0,84,105
1970-01-31,93,Welfare Cadilac,Guy Drake,93.0,93,105
1983-09-10,61,If Anyone Falls,Stevie Nicks,61.0,61,105
1988-01-09,82,Love Overboard,Gladys Knight And The Pips,82.0,82,105
1961-03-06,93,Tonight I Fell In Love,The Tokens,93.0,93,105
1966-07-23,98,Bus Stop,The Hollies,98.0,98,105
2021-08-07,90,Memory I Don't Mess With,Lee Brice,90.0,90,105
2020-10-31,85,Happy Does,Kenny Chesney,85.0,85,105
1985-12-14,86,Somewhere,Barbra Streisand,86.0,86,105
2004-04-10,73,That's What She Gets For Loving Me,Brooks & Dunn,73.0,73,105
2005-08-27,89,Naked,Marques Houston,89.0,89,105
1963-09-28,86,It's All Right,The Impressions,86.0,86,105
2014-12-20,98,Like A Cowboy,Randy Houser,98.0,98,105
1968-01-06,90,Mission-Impossible,Lalo Schifrin,90.0,90,105
2005-07-16,85,Tell Me,Bobby Valentino,85.0,85,105
1989-05-06,85,Rooms On Fire,Stevie Nicks,85.0,85,105
1985-07-27,89,I Got You Babe,UB40,89.0,89,105
1975-06-14,88,Holdin' On To Yesterday,Ambrosia,88.0,88,105
1987-08-22,91,Notorious,Loverboy,91.0,91,105
1977-11-05,81,As,Stevie Wonder,81.0,81,105
2017-08-19,98,All The Pretty Girls,Kenny Chesney,98.0,98,105
2021-05-29,2,my.life,"J. Cole, 21 Savage & Morray",2.0,2,105
1968-11-02,79,For Once In My Life,Stevie Wonder,79.0,79,105
1997-02-15,79,It's In Your Eyes,Phil Collins,79.0,79,105
2018-04-21,100,Alone,Halsey Featuring Big Sean & Stefflon Don,92.0,100,105
1973-02-10,84,Stir It Up,Johnny Nash,84.0,84,105
1989-06-24,94,Little Fighter,White Lion,94.0,94,105
2019-08-17,97,What Happens In A Small Town,Brantley Gilbert + Lindsay Ell,97.0,97,105
2013-02-23,69,R.I.P.,Young Jeezy Featuring 2 Chainz,69.0,69,105
2004-05-15,88,Talk About Our Love,Brandy Featuring Kanye West,88.0,88,105
1979-05-19,83,Does Your Mother Know,ABBA,83.0,83,105
1973-07-07,69,Live And Let Die,Wings,69.0,69,105
1959-07-13,76,Thank You Pretty Baby,Brook Benton,76.0,76,105
2012-09-01,95,Put It Down,Brandy Featuring Chris Brown,95.0,95,105
1998-03-28,32,Rain,SWV,32.0,32,105
1984-01-21,36,Nobody Told Me,John Lennon,36.0,36,105
2017-03-04,62,Shining,DJ Khaled Featuring Beyonce & JAY Z,62.0,62,105
1996-09-14,94,Can't Knock The Hustle,JAY-Z,94.0,94,105
1988-02-20,87,"Going Back To Cali (From ""Less Than Zero"")",LL Cool J,87.0,87,105
1972-04-01,97,Walkin' In The Rain With The One I Love,Love Unlimited,97.0,97,105
1983-11-19,53,Read 'Em And Weep,Barry Manilow,53.0,53,105
1987-08-08,37,I Just Can't Stop Loving You,Michael Jackson With Siedah Garrett,37.0,37,105
1986-05-24,77,Secret Separation,The Fixx,77.0,77,105
1998-12-05,78,Angel In Disguise,Brandy,78.0,78,105
1961-01-30,96,Gee Whiz (Look At His Eyes),Carla Thomas,96.0,96,105
1972-01-29,91,Crazy Mama,J.J. Cale,91.0,91,105
1969-11-01,94,Cupid,Johnny Nash,81.0,94,105
1998-03-28,85,Still Po' Pimpin',Do Or Die Featuring Johnny P & Twista,85.0,85,105
1970-02-07,75,"Easy Come, Easy Go",Bobby Sherman,75.0,75,105
1969-09-27,92,"Mind, Body and Soul",The Flaming Ember,92.0,92,105
1996-09-28,66,Everything Falls Apart/Small Wonders,dog's eye view,66.0,66,105
1970-05-23,97,Westbound #9,The Flaming Ember,97.0,97,105
1969-01-04,53,"Baby, Baby Don't Cry",Smokey Robinson & The Miracles,53.0,53,105
1982-05-29,52,Do I Do,Stevie Wonder,52.0,52,105
1995-03-04,71,For Your Love,Stevie Wonder,71.0,71,105
1986-08-23,71,"Earth Angel (From ""The Karate Kid Part II"")",New Edition,71.0,71,105
2000-01-08,77,G'd Up,Snoop Dogg Presents Tha Eastsidaz,77.0,77,105
1975-05-31,65,Listen To What The Man Said,Wings,65.0,65,105
1969-03-08,93,Nothing But A Heartache,The Flirtations,93.0,93,105
1969-05-31,70,My Cherie Amour,Stevie Wonder,70.0,70,105
1976-11-20,85,What Can I Say,Boz Scaggs,85.0,85,105
1971-04-24,90,Ajax Liquor Store,Hudson and Landry,90.0,90,105
1962-12-08,70,The Night Has A Thousand Eyes,Bobby Vee,70.0,70,105
1961-07-17,93,Water Boy,Don Shirley Trio,93.0,93,105
1969-10-04,66,Smile A Little Smile For Me,The Flying Machine,66.0,66,105
2017-04-22,98,How Not To,Dan + Shay,98.0,98,105
1971-05-15,89,Here Comes That Rainy Day Feeling Again,The Fortunes,89.0,89,105
1991-06-22,90,Only Time Will Tell,Nelson,90.0,90,105
1970-08-29,99,Stand By Your Man,Candi Staton,99.0,99,105
1985-12-07,96,Caravan Of Love,"Isley, Jasper, Isley",96.0,96,105
1982-09-04,77,Athena,The Who,77.0,77,105
1977-03-26,96,Slowdown,John Miles,96.0,96,105
1978-01-21,81,(What A)  Wonderful World,Art Garfunkel With James Taylor & Paul Simon,81.0,81,105
1987-04-04,54,I Know What I Like,Huey Lewis & The News,54.0,54,105
1965-06-19,97,"Baby, I'm Yours",Barbara Lewis,97.0,97,105
1969-04-05,91,These Eyes,The Guess Who,91.0,91,105
1987-08-22,96,Rock Me,Great White,96.0,96,105
1972-02-19,84,A Horse With No Name,America,84.0,84,105
2016-05-21,49,Childs Play,Drake,49.0,49,105
1972-02-05,62,Heart Of Gold,Neil Young,62.0,62,105
1970-06-27,49,"Signed, Sealed, Delivered I'm Yours",Stevie Wonder,49.0,49,105
1981-03-14,87,I Loved 'em Every One,T.G. Sheppard,87.0,87,105
1989-02-25,85,"Birthday Suit (From ""Sing"")",Johnny Kemp,85.0,85,105
1978-12-09,88,Baby I'm Burnin',Dolly Parton,88.0,88,105
2015-04-04,83,Alright,Kendrick Lamar,82.0,83,105
1987-03-14,96,There's Nothing Better Than Love,Luther Vandross with Gregory Hines,96.0,96,105
1998-12-05,84,"Spirit Of A Boy, Wisdom Of A Man",Randy Travis,84.0,84,105
2001-06-23,79,Loverboy,Mariah Carey Featuring Cameo,79.0,79,105
1959-01-12,97,With The Wind And The Rain In Your Hair,Pat Boone,97.0,97,105
2002-10-26,71,Girl Talk,TLC,71.0,71,105
1973-01-20,61,Love Train,The O'Jays,61.0,61,105
1980-04-19,86,Two Places At The Same Time,Ray Parker Jr. & Raydio,86.0,86,105
1978-10-14,82,The Power Of Gold,Dan Fogelberg/Tim Weisberg,82.0,82,105
1984-02-04,59,The Language Of Love,Dan Fogelberg,59.0,59,105
1998-07-04,94,How Do I Say I'm Sorry,Tami Davis,94.0,94,105
1991-12-07,92,Hearts Don't Think (They Feel),Natural Selection,92.0,92,105
2016-09-10,100,Move,Luke Bryan,100.0,100,105
1973-08-18,73,Higher Ground,Stevie Wonder,73.0,73,105
1998-05-02,38,Clock Strikes,Timbaland & Magoo,38.0,38,105
1989-03-25,97,Voices Of Babylon,The Outfield,97.0,97,105
1982-04-03,65,Run For The Roses,Dan Fogelberg,65.0,65,105
2005-02-19,83,Signs,Snoop Dogg Featuring Charlie Wilson & Justin Timberlake,83.0,83,105
2021-07-10,24,Ain't Shit,Doja Cat,24.0,24,105
1984-03-24,79,It's My Life,Talk Talk,79.0,79,105
1982-10-09,56,I.g.y. (what A Beautiful World),Donald Fagen,56.0,56,105
1995-02-04,62,Tour,Capleton,62.0,62,105
1960-11-28,67,Rubber Ball,Bobby Vee,67.0,67,105
1971-08-14,86,If You Really Love Me,Stevie Wonder,86.0,86,105
1967-06-17,91,Silence Is Golden,The Tremeloes,91.0,91,105
2020-08-08,63,Un Dia (One Day),"J Balvin, Dua Lipa, Bad Bunny & Tainy",63.0,63,105
1963-05-04,80,Hello Stranger,Barbara Lewis,80.0,80,105
1993-10-09,92,Method Man,Wu-Tang Clan,92.0,92,105
1967-02-04,94,California Nights,Lesley Gore,94.0,94,105
1966-07-09,83,See You In September,The Happenings,83.0,83,105
1997-06-21,47,Smokin' Me Out,Warren G Featuring Ronald Isley,47.0,47,105
1996-03-16,91,Ever Since You Went Away,Art N' Soul,91.0,91,105
1965-02-27,100,Land Of 1000 Dances,Cannibal And The Headhunters,100.0,100,105
2020-04-11,23,Believe It,PARTYNEXTDOOR & Rihanna,23.0,23,105
2011-07-16,94,Pretty Girls,Iyaz Featuring Travie McCoy,94.0,94,105
1981-12-26,71,Abacab,Genesis,71.0,71,105
1965-04-24,79,Crying In The Chapel,Elvis Presley With The Jordanaires,79.0,79,105
1962-07-21,94,Come On Little Angel,The Belmonts,94.0,94,105
2006-02-04,98,King Without A Crown,Matisyahu,98.0,98,105
1998-06-27,53,Spark,Tori Amos,53.0,53,105
1974-02-09,69,Jet,Paul McCartney And Wings,69.0,69,105
1964-11-28,83,Love Potion Number Nine,The Searchers,83.0,83,105
1986-08-30,79,Girl Can't Help It,Journey,79.0,79,105
1961-07-03,85,Don't Bet Money Honey,Linda Scott,85.0,85,105
1999-03-20,95,Hands Of A Working Man,Ty Herndon,95.0,95,105
1969-07-05,94,Soul Deep,The Box Tops,94.0,94,105
1973-08-04,84,To Know You Is To Love You,B.B. King,84.0,84,105
1982-01-09,80,"Mirror, Mirror",Diana Ross,80.0,80,105
1969-12-27,100,The Thrill Is Gone,B.B. King,100.0,100,105
1963-12-07,83,Hooka Tooka,Chubby Checker,83.0,83,105
1961-10-30,93,I Don't Know Why,Linda Scott,93.0,93,105
1974-01-05,70,Last Time I Saw Him,Diana Ross,70.0,70,105
1961-03-13,86,I've Told Every Little Star,Linda Scott,86.0,86,105
1968-05-11,96,"Face It Girl, It's Over",Nancy Wilson,96.0,96,105
1978-09-30,90,Run For Home,Lindisfarne,90.0,90,105
1980-11-22,54,One Step Closer,The Doobie Brothers,54.0,54,105
1960-06-20,57,Walking To New Orleans,Fats Domino,57.0,57,105
1982-05-22,72,Still They Ride,Journey,72.0,72,105
1991-08-17,66,Gett Off,Prince And The N.P.G.,66.0,66,105
1981-11-21,79,She's Got A Way,Billy Joel,79.0,79,105
2014-08-02,97,Hideaway,Kiesza,97.0,97,105
2015-10-10,61,RGF Island,Fetty Wap,61.0,61,105
2009-07-18,98,I'll Just Hold On,Blake Shelton,98.0,98,105
1976-04-17,72,Takin' It To The Streets,The Doobie Brothers,72.0,72,105
1961-12-18,65,Baby It's You,The Shirelles,65.0,65,105
2020-08-29,71,24,Money Man Featuring Lil Baby,71.0,71,105
1973-03-10,97,Armed And Extremely Dangerous,First Choice,97.0,97,105
1991-11-16,88,All She Wrote,Firehouse,88.0,88,105
1959-08-10,100,I Ain't Never,Webb Pierce,100.0,100,105
1969-05-03,80,Bad Moon Rising,Creedence Clearwater Revival,80.0,80,105
1983-12-24,49,So Bad,Paul McCartney,49.0,49,105
1964-02-29,90,Don't Let The Rain Come Down (Crooked Little Man),The Serendipity Singers,90.0,90,105
1984-09-01,62,Swept Away,Diana Ross,62.0,62,105
1985-07-27,46,Pop Life,Prince And The Revolution,46.0,46,105
1987-03-21,94,Same Ole Love (365 Days A Year),Anita Baker,94.0,94,105
1990-11-17,94,The Ghetto,Too $hort,94.0,94,105
1962-12-01,91,Strange I Know,The Marvelettes,91.0,91,105
1982-06-26,73,American Music,The Pointer Sisters,73.0,73,105
1961-05-29,80,My Kind Of Girl,Matt Monro,80.0,80,105
1989-05-20,62,The Doctor,The Doobie Brothers,62.0,62,105
1969-02-15,100,Twenty-Five Miles,Edwin Starr,100.0,100,105
1994-11-12,78,Blind Man,Aerosmith,78.0,78,105
1993-05-01,91,Wannagirl,Jeremy Jordan,91.0,91,105
1981-03-28,74,Say You'll Be Mine,Christopher Cross,74.0,74,105
1983-10-29,84,What's New,Linda Ronstadt & The Nelson Riddle Orchestra,84.0,84,105
1962-01-20,100,Where Have All The Flowers Gone,The Kingston Trio,100.0,100,105
1974-02-23,94,Piano Man,Billy Joel,94.0,94,105
2016-03-05,92,Promise,Kid Ink Featuring Fetty Wap,92.0,92,105
1978-03-18,79,Movin' Out (Anthony's Song),Billy Joel,79.0,79,105
1967-10-21,91,Next Plane To London,The Rose Garden,91.0,91,105
1999-02-13,74,You Got Me,The Roots Featuring Erykah Badu,74.0,74,105
1991-08-17,84,Power Windows,Billy Falcon,84.0,84,105
1999-04-10,91,Sitting Home,Total,91.0,91,105
2017-06-03,80,Bad Liar,Selena Gomez,80.0,80,105
1986-06-14,93,Hanging On A Heart Attack,Device,93.0,93,105
1970-08-08,88,Mongoose,Elephant's Memory,88.0,88,105
2015-01-24,77,Irresistible,Fall Out Boy,95.0,77,105
1965-10-23,80,Turn! Turn! Turn! (To Everything There Is A Season),The Byrds,80.0,80,105
1986-04-26,70,Vienna Calling,Falco,70.0,70,105
1974-03-09,65,Oh My My,Ringo Starr,65.0,65,105
1989-07-08,95,Turned Away,Chuckii Booker,95.0,95,105
1989-07-29,73,One,Bee Gees,73.0,73,105
2000-08-12,83,Let's Make Love,Faith Hill With Tim McGraw,83.0,83,105
1966-03-19,62,Kicks,Paul Revere & The Raiders Featuring Mark Lindsay,62.0,62,105
1970-05-09,86,Go Back,Crabby Appleton,86.0,86,105
1970-06-06,73,"Tighter, Tighter",Alive & Kicking,73.0,73,105
1971-02-20,92,Do Me Right,Detroit Emeralds,92.0,92,105
2015-02-14,96,I Bet,Ciara,95.0,96,105
1966-04-30,86,Cool Jerk,The Capitols,86.0,86,105
1971-03-20,96,Here Comes The Sun,Richie Havens,96.0,96,105
2003-05-31,71,Almost Home,Craig Morgan,71.0,71,105
1984-01-28,87,Rebel Yell,Billy Idol,87.0,87,105
1970-12-05,81,Lonely Days,Bee Gees,81.0,81,105
1992-01-18,65,Vibeology,Paula Abdul,65.0,65,105
1970-08-08,46,Ain't No Mountain High Enough,Diana Ross,46.0,46,105
1962-03-03,60,Slow Twistin',Chubby Checker (with Dee Dee Sharp),60.0,60,105
1962-06-02,72,Theme From Dr. Kildare (Three Stars Will Shine Tonight),Richard Chamberlain,72.0,72,105
1968-05-04,91,Never Give You Up,Jerry Butler,91.0,91,105
1959-10-26,80,Be My Guest,Fats Domino,80.0,80,105
1968-06-22,93,Classical Gas,Mason Williams,93.0,93,105
1979-05-05,67,Minute By Minute,The Doobie Brothers,67.0,67,105
1965-12-04,84,A Well Respected Man,The Kinks,84.0,84,105
1976-09-18,87,Nice 'N' Naasty,The Salsoul Orchestra,87.0,87,105
1968-05-11,77,The Look Of Love,Sergio Mendes & Brasil '66,77.0,77,105
1987-04-25,94,Sweet Sixteen,Billy Idol,94.0,94,105
1959-11-02,89,Scarlet Ribbons (For Her Hair),The Browns,89.0,89,105
1983-08-27,90,Just Be Good To Me,The S.O.S. Band,90.0,90,105
2021-08-07,81,Pepas,Farruko,81.0,81,105
1967-03-11,100,Don't You Care,The Buckinghams,100.0,100,105
2002-08-03,95,I Do (Wanna Get Close To You),3LW Featuring P. Diddy & Loon,95.0,95,105
2009-10-10,98,Bonfire,Craig Morgan,98.0,98,105
2010-07-10,24,Round & Round,Selena Gomez & The Scene,24.0,24,105
1976-03-13,71,Strange Magic,Electric Light Orchestra,71.0,71,105
1966-12-10,90,98.6,Keith,90.0,90,105
1988-10-08,71,Domino Dancing,Pet Shop Boys,71.0,71,105
1983-04-30,78,Don't Pay The Ferryman,Chris de Burgh,78.0,78,105
1969-01-25,62,Proud Mary,Creedence Clearwater Revival,62.0,62,105
2004-11-06,73,Party For Two,Shania Twain With Billy Currington Or Mark McGrath,73.0,73,105
1977-12-10,81,"Long, Long Way From Home",Foreigner,81.0,81,105
1979-05-05,77,Shakedown Cruise,Jay Ferguson,77.0,77,105
1979-11-10,63,Head Games,Foreigner,63.0,63,105
2010-08-21,50,2012 (It Ain't The End),Jay Sean Featuring Nicki Minaj,50.0,50,105
1979-09-08,65,Dirty White Boy,Foreigner,65.0,65,105
1978-12-23,75,"Blue Morning, Blue Day",Foreigner,75.0,75,105
2017-02-18,88,Scared To Be Lonely,Martin Garrix & Dua Lipa,92.0,88,105
2007-03-03,91,Read My Mind,The Killers,91.0,91,105
1962-08-25,61,Patches,Dickey Lee,61.0,61,105
1990-12-08,86,I Don't Know Anybody Else,Black Box,86.0,86,105
2002-11-09,86,Hit The Freeway,Toni Braxton Featuring Loon,86.0,86,105
2010-01-30,78,On To The Next One,Jay-Z + Swizz Beatz,78.0,78,105
1970-06-20,89,(If You Let Me Make Love To You Then) Why Can't I Touch You?,Ronnie Dyson,89.0,89,105
1961-03-13,89,Just For Old Time's Sake,The McGuire Sisters,89.0,89,105
2001-04-28,81,My Way,Limp Bizkit,81.0,81,105
1968-06-22,96,The Eyes Of A New York Woman,B.J. Thomas,96.0,96,105
1983-05-28,53,Baby Jane,Rod Stewart,53.0,53,105
1992-02-08,80,Too Much Passion,The Smithereens,80.0,80,105
1991-02-16,85,How To Dance,Bingo Boys Featuring Princessa,85.0,85,105
2001-02-03,99,Change The Game,"Jay-Z, Beanie Sigel And Memphis Bleek",99.0,99,105
2004-07-03,76,I Want To Live,Josh Gracin,76.0,76,105
2001-05-19,33,My Baby,Lil' Romeo,33.0,33,105
1960-05-02,99,Happy-Go-Lucky-Me,Paul Evans,99.0,99,105
1959-10-19,98,The Clouds,The Spacemen,98.0,98,105
1968-01-27,77,Simon Says,1910 Fruitgum Co.,77.0,77,105
1994-07-16,93,Give It Up,Public Enemy,93.0,93,105
1970-08-29,67,Still Water (Love),Four Tops,67.0,67,105
1986-01-18,74,Another Night,Aretha Franklin,74.0,74,105
1987-03-14,87,Heartbreak Beat,Psychedelic Furs,87.0,87,105
1974-08-24,83,Stop And Smell The Roses,Mac Davis,83.0,83,105
1978-06-24,83,Two Tickets To Paradise,Eddie Money,83.0,83,105
1965-05-15,67,I Can't Help Myself (Sugar Pie Honey Bunch),Four Tops,67.0,67,105
1979-10-20,89,"Train, Train",Blackfoot,89.0,89,105
1979-06-23,83,Highway Song,Blackfoot,83.0,83,105
2002-02-09,99,Any Other Night,Sharissa,99.0,99,105
2006-09-16,97,Push It,Rick Ross,97.0,97,105
1968-03-30,94,Master Jack,Four Jacks And A Jill,94.0,94,105
1960-08-15,95,Pineapple Princess,Annette With The Afterbeats,95.0,95,105
1962-03-17,75,She Cried,Jay & The Americans,75.0,75,105
1998-12-05,65,There You Have It,BlackHawk,65.0,65,105
1968-12-28,90,This Magic Moment,Jay & The Americans,90.0,90,105
1970-03-21,6,Let It Be,The Beatles,6.0,6,105
1964-04-11,81,Love Me Do,The Beatles,81.0,81,105
2005-08-27,95,All These Things That I've Done,The Killers,95.0,95,105
1990-01-20,77,The Deeper The Love,Whitesnake,77.0,77,105
1959-08-03,73,Caribbean,Mitchell Torok,73.0,73,105
1989-10-21,91,The Arms Of Orion,Prince With Sheena Easton,91.0,91,105
1982-07-03,83,And I Am Telling You I'm Not Going,Jennifer Holliday,83.0,83,105
2005-10-29,95,Miss Me Baby,Chris Cagle,95.0,95,105
1979-12-15,45,Sara,Fleetwood Mac,45.0,45,105
1993-04-03,94,Typical Reasons (Swing My Way),Prince Markie Dee And The Soul Convention,94.0,94,105
1975-11-08,91,Over My Head,Fleetwood Mac,91.0,91,105
1982-11-27,72,Love In Store,Fleetwood Mac,72.0,72,105
1983-07-16,89,Don't You Get So Mad,Jeffrey Osborne,89.0,89,105
1982-07-24,84,Only Time Will Tell,Asia,84.0,84,105
1982-09-04,69,Gypsy,Fleetwood Mac,69.0,69,105
1971-03-06,99,Stay Awhile,The Bells,99.0,99,105
1963-03-23,86,Foolish Little Girl,The Shirelles,86.0,86,105
2001-03-31,8,Get Over Yourself,Eden's Crush,8.0,8,105
1988-12-03,81,As Long As You Follow,Fleetwood Mac,81.0,81,105
2015-03-14,93,Raise 'Em Up,Keith Urban Featuring Eric Church,93.0,93,105
1990-10-13,77,Missunderstanding,Al B. Sure!,77.0,77,105
1976-08-28,87,Did You Boogie (With Your Baby),Flash Cadillac And The Continental Kids,87.0,87,105
1998-08-01,65,What I Didn't Know,Athenaeum,65.0,65,105
1984-09-15,82,Sugar Don't Bite,Sam Harris,82.0,82,105
1959-04-13,91,I've Come Of Age,Billy Storm,91.0,91,105
1966-01-22,74,These Boots Are Made For Walkin',Nancy Sinatra,74.0,74,105
1986-09-13,89,Can't Wait Another Minute,Five Star,89.0,89,105
1980-04-12,46,Hurt So Bad,Linda Ronstadt,46.0,46,105
1979-05-26,79,Do It Or Die,Atlanta Rhythm Section,79.0,79,105
1963-04-27,67,You Can't Sit Down,The Dovells,67.0,67,105
1962-03-24,63,Soldier Boy,The Shirelles,63.0,63,105
1977-10-15,73,You Make Loving Fun,Fleetwood Mac,73.0,73,105
1998-12-05,5,From This Moment On,Shania Twain,5.0,5,105
1996-07-13,80,"Where Do We Go From Here (From ""Eraser"")",Vanessa Williams,80.0,80,105
1962-03-17,72,Tell Me,Dick and DeeDee,72.0,72,105
1981-10-03,82,"I Want You, I Need You",Chris Christian,82.0,82,105
2021-04-17,67,4 Da Gang,42 Dugg & Roddy Ricch,67.0,67,105
1997-12-13,76,Tuck Me In,Kimberly Scott,76.0,76,105
1985-06-01,78,19,Paul Hardcastle,78.0,78,105
2017-09-02,98,Fix A Drink,Chris Janson,95.0,98,105
1965-08-14,99,Hang On Sloopy,The McCoys,99.0,99,105
1969-12-13,77,Venus,The Shocking Blue,77.0,77,105
1962-08-04,83,Let's Dance,Chris Montez,78.0,83,105
1971-05-08,94,Funky Nassau-Part I,The Beginning Of The End,94.0,94,105
1966-04-16,98,The More I See You,Chris Montez,98.0,98,105
1989-04-15,97,Cuddly Toy (Feel For Me),Roachford,97.0,97,105
2015-07-11,74,"I Don't Like It, I Love It",Flo Rida Featuring Robin Thicke & Verdine White,74.0,74,105
1997-04-12,59,Jazzy Belle,OutKast,59.0,59,105
1991-09-07,73,Hey Donna,Rhythm Syndicate,73.0,73,105
1975-03-15,55,He Don't Love You (Like I Love You),Tony Orlando & Dawn,55.0,55,105
1978-03-11,70,Count On Me,Jefferson Starship,70.0,70,105
1965-10-16,82,Make The World Go Away,Eddy Arnold,82.0,82,105
1960-05-16,99,Clap Your Hands,The Beau-Marks,99.0,99,105
1961-01-02,88,There's A Moon Out Tonight,The Capris,88.0,88,105
1983-11-12,48,Undercover Of The Night,The Rolling Stones,48.0,48,105
1991-03-23,83,My Heart Is Failing Me,Riff,83.0,83,105
1983-12-03,84,The Curly Shuffle,Jump 'n The Saddle,84.0,84,105
1989-09-09,75,My Heart Skips A Beat,The Cover Girls,75.0,75,105
1978-02-25,70,We'll Never Have To Say Goodbye Again,England Dan & John Ford Coley,70.0,70,105
1968-05-04,88,Yummy Yummy Yummy,Ohio Express,88.0,88,105
1967-05-13,96,Make Me Yours,Bettye Swann,96.0,96,105
1977-10-01,86,Gone Too Far,England Dan & John Ford Coley,86.0,86,105
1998-11-21,95,Someone You Used To Know,Collin Raye,95.0,95,105
2010-11-27,94,Make A Movie,Twista Featuring Chris Brown,94.0,94,105
1989-02-18,56,Your Mama Don't Dance,Poison,56.0,56,105
1981-05-02,94,Shaddap You Face,Joe Dolce,94.0,94,105
1967-04-08,99,Release Me (And Let Me Love Again),Engelbert Humperdinck,99.0,99,105
1971-11-27,76,Clean Up Woman,Betty Wright,76.0,76,105
2018-05-12,16,Ball For Me,Post Malone Featuring Nicki Minaj,16.0,16,105
1963-03-23,90,I Will Follow Him,Little Peggy March,90.0,90,105
1960-02-15,82,Baby What You Want Me To Do,Jimmy Reed,82.0,82,105
1961-11-20,89,When I Fall In Love,The Lettermen,89.0,89,105
1972-03-25,98,Hot Rod Lincoln,Commander Cody & His Lost Planet Airmen,98.0,98,105
1972-09-23,83,I'd Love You To Want Me,Lobo,83.0,83,105
1963-05-18,99,Pride And Joy,Marvin Gaye,99.0,99,105
1960-01-25,77,Forever,The Little Dippers,77.0,77,105
1983-09-03,85,Foolin',Def Leppard,85.0,85,105
2000-08-12,81,It's Always Somethin',Joe Diffie,81.0,81,105
2019-08-17,94,Love You Too Late,Cole Swindell,94.0,94,105
2004-03-13,86,Ride Wit U,Joe Featuring G-Unit,86.0,86,105
1983-08-20,82,Everyday I Write The Book,Elvis Costello And The Attractions,82.0,82,105
1998-02-14,28,Sweet Surrender,Sarah McLachlan,28.0,28,105
1974-02-09,85,Tell Me A Lie,Sami Jo,85.0,85,105
1981-05-30,84,Give It To Me Baby,Rick James,84.0,84,105
1996-08-17,61,Don't Look Back In Anger,Oasis,61.0,61,105
1973-08-11,77,You've Never Been This Far Before,Conway Twitty,77.0,77,105
1968-06-01,86,Sky Pilot (Part One),Eric Burdon & The Animals,86.0,86,105
2006-04-29,92,The Adventure,Angels & Airwaves,92.0,92,105
1998-09-05,55,Splackavellie,Pressha,55.0,55,105
1999-03-20,82,Georgy Porgy,Eric Benet Featuring Faith Evans,82.0,82,105
2006-09-23,12,Ring The Alarm,Beyonce,12.0,12,105
2014-03-22,24,Magic,Coldplay,24.0,24,105
2012-09-29,94,Finally Found You,Enrique Iglesias Featuring Sammy Adams,94.0,94,105
1959-01-26,89,She Say (Oom Dooby Doom),The Diamonds,89.0,89,105
2002-08-03,79,Sweetness,Jimmy Eat World,79.0,79,105
1999-07-17,95,Smile,Vitamin C Featuring Lady Saw,95.0,95,105
1989-04-22,75,Veronica,Elvis Costello,75.0,75,105
1976-04-03,89,Happy Days,Pratt & McClain with Brother Love,89.0,89,105
2001-04-21,82,Until The End Of Time,2Pac,82.0,82,105
1971-07-31,87,Wedding Song (There Is Love),Paul Stookey,87.0,87,105
1961-11-13,100,Funny How Time Slips Away,Jimmy Elledge,100.0,100,105
2016-05-14,13,Hold Up,Beyonce,13.0,13,105
1980-03-01,63,Hold On To My Love,Jimmy Ruffin,63.0,63,105
1970-06-06,89,"The Sly, Slick, And The Wicked",The Lost Generation,89.0,89,105
1998-08-01,69,What U See Is What U Get,Xzibit,69.0,69,105
1985-09-07,54,I'm Gonna Tear Your Playhouse Down,Paul Young,54.0,54,105
1959-10-26,88,Come Into My Heart,Lloyd Price and His Orchestra,88.0,88,105
1958-08-04,26,Born Too Late,Poni-Tails,26.0,26,105
1994-03-19,89,I Want You,Juliet Roberts,89.0,89,105
1959-07-06,43,A Big Hunk O' Love,Elvis Presley With The Jordanaires,43.0,43,105
1984-06-16,50,I'm Free (Heaven Helps The Man),Kenny Loggins,50.0,50,105
1983-03-12,65,Welcome To Heartlight,Kenny Loggins,65.0,65,105
1979-06-16,88,Hold On,Triumph,88.0,88,105
1982-01-23,74,Tonight I'm Yours (Don't Hurt Me),Rod Stewart,74.0,74,105
2001-06-30,85,What It Is,Violator Featuring Busta Rhymes,85.0,85,105
1962-12-22,97,Little Town Flirt,Del Shannon,97.0,97,105
1975-02-08,85,Supernatural Thing - Part I,Ben E. King,85.0,85,105
1978-10-21,89,I Will Be In Love With You,Livingston Taylor,89.0,89,105
1959-08-10,65,I'm Gonna Get Married,Lloyd Price,65.0,65,105
1998-10-24,9,My Little Secret,Xscape,9.0,9,105
1970-01-10,99,Didn't I (Blow Your Mind This Time),The Delfonics,99.0,99,105
1994-10-15,94,Supernova,Liz Phair,94.0,94,105
2008-06-07,93,Girls Around The World,Lloyd Featuring Lil Wayne,93.0,93,105
1964-11-21,87,Keep Searchin' (We'll Follow The Sun),Del Shannon,87.0,87,105
1977-09-17,76,Do Ya Wanna Get Funky With Me,Peter Brown,76.0,76,105
1987-02-14,84,Winner Takes It All,Sammy Hagar,84.0,84,105
1961-12-04,57,Can't Help Falling In Love,Elvis Presley With The Jordanaires,57.0,57,105
1963-07-27,76,If I Had A Hammer,Trini Lopez,76.0,76,105
1964-02-15,77,Glad All Over,The Dave Clark Five,77.0,77,105
2003-01-11,98,B R Right,Trina Featuring Ludacris,98.0,98,105
2013-10-26,17,Survival,Eminem,17.0,17,105
1977-10-08,88,She's Not There,Santana,88.0,88,105
1963-03-30,84,If You Wanna Be Happy,Jimmy Soul,84.0,84,105
1968-07-20,64,People Got To Be Free,The Rascals,64.0,64,105
1962-03-31,97,Twistin' Matilda (and the channel),Jimmy Soul,97.0,97,105
1996-03-09,47,Peaches,The Presidents Of The United States Of America,47.0,47,105
1977-04-09,98,You're Movin' Out Today,Bette Midler,98.0,98,105
1982-08-14,72,Hold On,Santana,72.0,72,105
2018-09-15,6,Lucky You,Eminem Featuring Joyner Lucas,6.0,6,105
2001-02-03,95,Pour Me,Trick Pony,95.0,95,105
1964-11-21,88,How Sweet It Is To Be Loved By You,Marvin Gaye,88.0,88,105
1962-05-19,100,Al Di La',Emilio Pericoli,100.0,100,105
1966-07-23,93,Born A Woman,Sandy Posey,93.0,93,105
1973-01-13,80,Dueling Banjos,Deliverance/Eric Weissberg & Steve Mandell,80.0,80,105
1995-12-02,70,When Love & Hate Collide,Def Leppard,70.0,70,105
1992-02-01,72,What Becomes Of The Brokenhearted,Paul Young,72.0,72,105
2006-03-25,94,4 Minutes,Avant,94.0,94,105
1982-07-31,69,Do You Wanna Touch Me (Oh Yeah),Joan Jett & the Blackhearts,69.0,69,105
1962-05-26,95,Johnny Get Angry,Joanie Sommers,95.0,95,105
1971-03-13,87,Put Your Hand In The Hand,Ocean,87.0,87,105
1982-11-13,72,Two Less Lonely People In The World,Air Supply,72.0,72,105
1970-11-28,89,Your Song,Elton John,89.0,89,105
1983-12-17,50,Middle Of The Road,Pretenders,50.0,50,105
1979-08-11,90,Spooky,Atlanta Rhythm Section,90.0,90,105
1972-01-01,100,Joy,Apollo featuring Tom Parker,100.0,100,105
1965-01-23,100,The Birds And The Bees,Jewel Akens,100.0,100,105
1992-11-14,86,"It's Alright (From ""South Central"")",Classic Example,86.0,86,105
1993-10-16,80,As Long As I Can Dream,Expose,80.0,80,105
2019-07-20,95,No Me Conoce,"Jhay Cortez, J Balvin & Bad Bunny",95.0,95,105
1965-08-14,96,"Liar, Liar",The Castaways,96.0,96,105
1979-01-20,72,Crazy Love,Poco,72.0,72,105
2007-09-29,99,Me Enamora,Juanes,99.0,99,105
2019-06-15,67,Call You Mine,The Chainsmokers & Bebe Rexha,67.0,67,105
1979-05-12,84,Heart Of The Night,Poco,84.0,84,105
2006-04-15,100,Size Matters (Someday),Joe Nichols,100.0,100,105
1981-07-25,88,I'm In Love,Evelyn King,88.0,88,105
1960-03-07,70,White Silver Sands,Bill Black's Combo,70.0,70,105
1998-12-05,31,Inside Out,Eve 6,31.0,31,105
1983-11-05,54,Synchronicity II,The Police,54.0,54,105
1986-12-13,79,Can't Help Falling In Love,Corey Hart,79.0,79,105
2004-08-21,72,If Nobody Believed In You,Joe Nichols,72.0,72,105
1995-04-08,42,I'm Goin' Down,Mary J. Blige,42.0,42,105
1968-08-10,95,Time Has Come Today,The Chambers Brothers,95.0,95,105
1996-07-06,84,Where Do We Go From Here,Deborah Cox,84.0,84,105
1974-03-02,73,I'll Have To Say I Love You In A Song,Jim Croce,73.0,73,105
2015-08-01,92,Fly,Maddie & Tae,92.0,92,105
1974-03-16,99,Rock Around The Clock,Bill Haley And His Comets,99.0,99,105
1972-05-27,73,Too Late To Turn Back Now,Cornelius Brothers & Sister Rose,73.0,73,105
1963-02-02,88,Our Winter Love,Bill Pursell,88.0,88,105
1969-06-28,59,Sweet Caroline (Good Times Never Seemed So Good),Neil Diamond,59.0,59,105
2005-03-26,90,Again,Faith Evans,90.0,90,105
1996-11-16,84,The Moment,Kenny G,84.0,84,105
1987-03-07,59,Sign 'O' The Times,Prince,59.0,59,105
1966-06-11,99,Lil' Red Riding Hood,Sam The Sham and the Pharaohs,99.0,99,105
1963-12-07,85,Out Of Limits,The Marketts,85.0,85,105
1960-05-02,94,Mack The Knife,Ella Fitzgerald,94.0,94,105
1976-11-13,87,It Keeps You Runnin',The Doobie Brothers,87.0,87,105
1989-06-17,66,No More Rhyme,Debbie Gibson,66.0,66,105
1970-04-11,99,I Can't Leave Your Love Alone,Clarence Carter,99.0,99,105
1970-07-18,90,Patches,Clarence Carter,90.0,90,105
1987-08-29,65,You Are The Girl,The Cars,65.0,65,105
2018-01-13,83,This Is Me,Keala Settle & The Greatest Showman Ensemble,83.0,83,105
1989-11-04,79,Rock And A Hard Place,The Rolling Stones,79.0,79,105
1975-02-08,78,No No Song/snookeroo,Ringo Starr,78.0,78,105
1980-05-10,88,King Of The Hill,Rick Pinette & Oak,88.0,88,105
1994-08-20,79,Letitgo,Prince,79.0,79,105
1965-02-13,80,Shotgun,Jr. Walker & The All Stars,80.0,80,105
2004-01-24,73,Hot Mama,Trace Adkins,73.0,73,105
1961-03-06,87,Blue Moon,The Marcels,87.0,87,105
1972-11-04,76,Living In The Past,Jethro Tull,76.0,76,105
1991-04-13,63,Miracle,Whitney Houston,63.0,63,105
1988-10-15,86,"Yeah, Yeah, Yeah",Judson Spence,86.0,86,105
1985-10-26,53,Wrap Her Up,Elton John,53.0,53,105
1967-11-11,98,Tell Mama,Etta James,98.0,98,105
1980-03-22,84,Train In Vain (Stand By Me),The Clash,84.0,84,105
1993-11-13,99,Into Your Arms,The Lemonheads,99.0,99,105
1973-05-19,82,Kodachrome,Paul Simon,82.0,82,105
1980-06-21,74,Tulsa Time/Cocaine,Eric Clapton And His Band,74.0,74,105
1963-12-14,84,Hey Little Cobra,The Rip Chords,84.0,84,105
1970-02-07,82,Shilo,Neil Diamond,82.0,82,105
1974-01-19,100,"Rock And Roll, Hoochie Koo",Rick Derringer,100.0,100,105
1974-07-13,76,I Shot The Sheriff,Eric Clapton,76.0,76,105
1976-10-16,70,Hello Old Friend,Eric Clapton,70.0,70,105
1999-02-27,94,Drive Me Wild,Sawyer Brown,94.0,94,105
1962-03-03,89,Lover Please,Clyde McPhatter,89.0,89,105
1997-02-01,93,Runnin',"2Pac, Notorious B.I.G., Radio, Dramacydal & Stretch",93.0,93,105
1960-07-18,90,Ta Ta,Clyde McPhatter,90.0,90,105
1984-07-14,75,17,Rick James,75.0,75,105
1974-05-18,96,Come Monday,Jimmy Buffett,96.0,96,105
1976-11-13,54,Sorry Seems To Be The Hardest Word,Elton John,54.0,54,105
1974-09-07,63,The Bitch Is Back,Elton John,63.0,63,105
1962-02-24,84,Love Letters,Ketty Lester,84.0,84,105
1971-08-21,99,Trapped By A Thing Called Love,Denise LaSalle,99.0,99,105
1984-09-08,54,Who Wears These Shoes?,Elton John,54.0,54,105
2014-09-20,100,Look At You,Big & Rich,100.0,100,105
1985-01-26,74,Beat Of A Heart,Scandal Featuring Patty Smyth,74.0,74,105
2011-06-04,80,California King Bed,Rihanna,80.0,80,105
1968-09-28,70,Those Were The Days,Mary Hopkin,70.0,70,105
2004-02-07,74,When I Look To The Sky,Train,74.0,74,105
1990-05-26,81,You Can't Deny It,Lisa Stansfield,81.0,81,105
1980-08-16,84,The Legend Of Wooley Swamp,The Charlie Daniels Band,84.0,84,105
1968-05-25,71,The Horse,Cliff Nobles & Co.,71.0,71,105
2001-01-27,97,Soul Sista,Bilal,97.0,97,105
1991-11-02,78,Shot Of Poison,Lita Ford,78.0,78,105
1971-10-23,60,Have You Seen Her,The Chi-lites,60.0,60,105
1966-01-22,99,Love Makes The World Go Round,Deon Jackson,99.0,99,105
1966-10-08,90,Lady Godiva,Peter And Gordon,90.0,90,105
1964-11-07,75,Goin' Out Of My Head,Little Anthony And The Imperials,75.0,75,105
1974-07-06,84,Wildwood Weed,Jim Stafford,84.0,84,105
1974-11-30,48,Lucy In The Sky With Diamonds,Elton John,48.0,48,105
2015-07-18,84,Play No Games,Big Sean Featuring Chris Brown & Ty Dolla $ign,93.0,84,105
1965-06-12,67,(I Can't Get No) Satisfaction,The Rolling Stones,67.0,67,105
1988-10-29,83,Handle With Care,Traveling Wilburys,83.0,83,105
1962-03-31,83,Shout! Shout! (Knock Yourself Out),Ernie Maresca,83.0,83,105
1961-03-27,55,Mother-In-Law,Ernie K-Doe,55.0,55,105
1987-02-07,88,Smoking Gun,The Robert Cray Band,88.0,88,105
1975-09-27,98,Let's Live Together,The Road Apples,98.0,98,105
1999-07-24,70,All That I Can Say,Mary J. Blige,70.0,70,105
1981-06-27,88,Nicole,Point Blank,88.0,88,105
2012-12-29,82,Love Sosa,Chief Keef,82.0,82,105
1965-05-15,97,"Yes, I'm Ready",Barbara Mason,97.0,97,105
1960-06-20,89,This Bitter Earth,Dinah Washington,89.0,89,105
1971-06-05,80,You've Got A Friend,James Taylor,80.0,80,105
1960-09-05,87,Let's Think About Living,Bob Luman,87.0,87,105
1963-08-03,82,Heat Wave,Martha & The Vandellas,82.0,82,105
1967-12-02,73,"Bend Me, Shape Me",The American Breed,73.0,73,105
1962-09-01,86,Torture,Kris Jensen,86.0,86,105
2003-08-02,77,Hole In The World,Eagles,77.0,77,105
1960-07-11,94,In My Little Corner Of The World,Anita Bryant,94.0,94,105
1976-10-23,87,Keep Me Cryin',Al Green,87.0,87,105
1993-11-06,97,Looking For Mr. Do Right,Jade,97.0,97,105
1963-08-03,75,My Boyfriend's Back,The Angels,75.0,75,105
1977-11-12,85,Point Of Know Return,Kansas,85.0,85,105
1990-11-10,81,Gentle,Dino,81.0,81,105
1981-03-14,38,Her Town Too,James Taylor & J.D. Souther,38.0,38,105
2008-07-26,88,The Business,Yung Berg Featuring Casha,88.0,88,105
1972-04-22,82,I've Been Lonely For So Long,Frederick Knight,82.0,82,105
1989-02-04,86,24/7,Dino,86.0,86,105
1970-11-07,90,Games,Redeye,90.0,90,105
1981-06-13,72,Don't Let Him Go,REO Speedwagon,72.0,72,105
1961-11-20,90,If You Gotta Make A Fool Of Somebody,James Ray,90.0,90,105
1968-05-18,97,Reach Out Of The Darkness,Friend And Lover,97.0,97,105
2007-02-17,81,Grace Kelly,MIKA,81.0,81,105
1986-01-25,64,Sanctify Yourself,Simple Minds,64.0,64,105
1968-10-26,66,"Abraham, Martin And John",Dion,66.0,66,105
1961-11-13,62,"Happy Birthday, Sweet Sixteen",Neil Sedaka,62.0,62,105
1980-12-20,64,Seven Bridges Road,Eagles,64.0,64,105
2004-02-07,65,Falls On Me,Fuel,65.0,65,105
1971-05-29,93,I Know I'm In Love,Chee-Chee & Peppy,93.0,93,105
1975-12-27,89,Love Is The Drug,Roxy Music,89.0,89,105
1963-03-16,61,Puff (The Magic Dragon),"Peter, Paul & Mary",61.0,61,105
1959-04-13,94,Lonely For You,Gary Stites,94.0,94,105
1960-06-06,100,One Of Us (Will Weep Tonight),Patti Page,100.0,100,105
1995-10-28,81,East Side Rendezvous,Frost,81.0,81,105
1962-05-12,64,It Keeps Right On A-Hurtin',Johnny Tillotson,64.0,64,105
1975-09-13,79,Lyin' Eyes,Eagles,79.0,79,105
1977-05-14,73,Life In The Fast Lane,Eagles,73.0,73,105
1986-03-15,56,American Storm,Bob Seger,56.0,56,105
1961-10-16,91,'Til,The Angels,95.0,91,105
1988-12-10,81,Shake For The Sheik,The Escape Club,81.0,81,105
1967-08-26,83,Never My Love,The Association,83.0,83,105
1991-07-06,84,Just Like You,Robbie Nevil,84.0,84,105
1980-11-22,90,I Need Your Lovin',Teena Marie,90.0,90,105
1966-09-10,99,Love Is A Hurtin' Thing,Lou Rawls,99.0,99,105
1971-11-06,97,Show Me How,The Emotions,97.0,97,105
1971-04-10,98,Can't Find The Time,Rose Colored Glass,98.0,98,105
1997-09-20,68,Avenues,Refugee Camp All Stars Featuring Pras (With Ky-mani),68.0,68,105
1991-09-28,80,Lies,EMF,80.0,80,105
1981-10-31,74,Heart Like A Wheel,The Steve Miller Band,74.0,74,105
1966-08-27,66,Cherish,The Association,66.0,66,105
1994-10-29,61,Get Over It,Eagles,61.0,61,105
1999-02-27,40,Stay The Same,Joey McIntyre,40.0,40,105
1980-09-13,88,If You Should Sail,Nielsen/Pearson,88.0,88,105
1971-03-27,45,I Am...I Said/Done Too Soon,Neil Diamond,45.0,45,105
1959-01-12,69,The Children's Marching Song (Nick Nack Taddy Whack),Cyril Stapleton And His Orchestra,69.0,69,105
1982-08-28,76,Sweet Time,REO Speedwagon,76.0,76,105
1982-10-02,85,Destination Unknown,Missing Persons,85.0,85,105
2016-04-23,34,Famous,Kanye West,34.0,34,105
1964-03-07,78,Dead Man's Curve,Jan & Dean,78.0,78,105
1996-06-15,81,One By One,Cher,81.0,81,105
1997-02-22,73,I'm Not Feeling You,Yvette Michele,73.0,73,105
1983-10-22,85,When The Lights Go Out,Naked Eyes,85.0,85,105
1968-03-02,88,Sweet Inspiration,The Sweet Inspirations,88.0,88,105
2006-05-06,90,DJ Play A Love Song,Jamie Foxx Featuring Twista,90.0,90,105
1964-08-22,68,Dancing In The Street,Martha & The Vandellas,68.0,68,105
1964-08-15,97,A Summer Song,Chad & Jeremy,97.0,97,105
1966-04-30,83,I Love You 1000 Times,The Platters,83.0,83,105
1990-02-10,92,Heart Of Stone,Cher,92.0,92,105
1969-07-12,94,Lay Lady Lay,Bob Dylan,94.0,94,105
1977-08-06,83,Jungle Love,The Steve Miller Band,83.0,83,105
2013-04-20,83,High School,Nicki Minaj Featuring Lil Wayne,83.0,83,105
1970-02-07,49,Bridge Over Troubled Water,Simon & Garfunkel,49.0,49,105
1975-09-13,66,Bad Blood,Neil Sedaka,66.0,66,105
1961-03-27,88,Daddy's Home,Shep And The Limelites,88.0,88,105
2008-09-27,84,Lovebug,Jonas Brothers,84.0,84,105
1980-06-14,68,Empire Strikes Back (Medley),Meco,68.0,68,105
1972-03-25,99,Ask Me What You Want,Millie Jackson,99.0,99,105
1958-08-11,43,Devoted To You,The Everly Brothers,43.0,43,105
1988-11-05,83,Ghost Town,Cheap Trick,83.0,83,105
1961-02-20,75,Asia Minor,Kokomo,75.0,75,105
1993-12-18,89,Betcha'll Never Find,Chantay Savage,89.0,89,105
1966-09-24,96,I'm Your Puppet,James & Bobby Purify,96.0,96,105
1962-07-14,97,Rinky Dink,Baby Cortez,97.0,97,105
1975-10-18,81,My Little Town,Simon & Garfunkel,81.0,81,105
1980-09-06,81,Could I Have This Dance,Anne Murray,81.0,81,105
1962-08-25,65,Sherry,The 4 Seasons,65.0,65,105
1969-11-22,94,Fancy,Bobbie Gentry,94.0,94,105
2009-12-19,85,Shut It Down,Pitbull Featuring Akon,85.0,85,105
1987-10-17,88,Special Way,Kool & The Gang,88.0,88,105
1969-08-16,72,Jean,Oliver,72.0,72,105
2021-08-07,2,Industry Baby,Lil Nas X & Jack Harlow,2.0,2,105
1970-03-14,93,For The Love Of Him,Bobbi Martin,93.0,93,105
1991-06-01,71,The Dream Is Still Alive,Wilson Phillips,71.0,71,105
1963-08-17,100,Cry Baby,Garnet Mimms & The Enchanters,100.0,100,105
2001-02-17,79,Don't Talk,Jon B,79.0,79,105
1979-10-13,73,I Need A Lover,John Cougar,73.0,73,105
1970-12-26,98,Sweet Mary,Wadsworth Mansion,98.0,98,105
2006-09-16,72,Once In A Lifetime,Keith Urban,72.0,72,105
1980-01-26,63,Refugee,Tom Petty And The Heartbreakers,63.0,63,105
1995-01-21,30,Bang And Blame,R.E.M.,30.0,30,105
1994-06-18,86,Your Love Is So Divine,Miranda,86.0,86,105
1972-08-05,83,Get On The Good Foot-Part 1,James Brown,83.0,83,105
2015-06-06,88,Beautiful Now,Zedd Featuring Jon Bellion,89.0,88,105
1976-04-10,100,I Wanna Stay With You,Gallagher And Lyle,100.0,100,105
2016-04-16,72,Noise,Kenny Chesney,72.0,72,105
1989-07-22,79,Kisses On The Wind,Neneh Cherry,79.0,79,105
1963-12-07,100,Anyone Who Had A Heart,Dionne Warwick,100.0,100,105
2003-07-26,69,Signs Of Love Makin',Tyrese,69.0,69,105
1994-04-30,75,I Wish,Gabrielle,75.0,75,105
1964-11-14,66,Come See About Me,The Supremes,66.0,66,105
1976-05-29,98,I'm Gonna Let My Heart Do The Walking,The Supremes,98.0,98,105
2009-02-21,86,Stanky Legg,GS Boyz,86.0,86,105
1973-09-15,79,All I Know,Garfunkel,79.0,79,105
1985-03-16,64,Don't Come Around Here No More,Tom Petty And The Heartbreakers,64.0,64,105
1991-06-29,87,Learning To Fly,Tom Petty And The Heartbreakers,87.0,87,105
1989-01-28,79,Feels So Good,Van Halen,79.0,79,105
1965-11-20,80,The Sound Of Silence,Simon & Garfunkel,80.0,80,105
1974-02-23,63,A Very Special Love Song,Charlie Rich,63.0,63,105
1969-01-18,96,Will You Be Staying After Sunday,The Peppermint Rainbow,96.0,96,105
1964-12-12,90,The Name Game,Shirley Ellis,90.0,90,105
1974-11-02,68,Woman To Woman,Shirley Brown,68.0,68,105
1971-09-25,99,Your Move (I've Seen All Good People),Yes,99.0,99,105
1964-07-11,77,Where Did Our Love Go,The Supremes,77.0,77,105
2012-03-03,90,I Can Only Imagine,David Guetta Featuring Chris Brown & Lil Wayne,90.0,90,105
1960-02-22,62,Puppy Love,Paul Anka,62.0,62,105
2002-11-09,70,The Zephyr Song,Red Hot Chili Peppers,70.0,70,105
1998-03-28,66,Gitty Up,Salt-N-Pepa,66.0,66,105
1997-02-08,95,Fired Up!,Funky Green Dogs,95.0,95,105
2019-08-24,92,F.N,Lil Tjay,92.0,92,105
1998-08-22,77,Here We Go,Funkmaster Flex Presents Khadejia Featuring Product,77.0,77,105
1990-07-21,69,Can't Stop Falling Into Love,Cheap Trick,69.0,69,105
1978-09-16,90,One Nation Under A Groove - Part I,Funkadelic,90.0,90,105
1999-12-25,79,The Great Beyond,R.E.M.,79.0,79,105
1971-02-06,60,She's A Lady,Tom Jones,60.0,60,105
1968-06-22,97,Sealed With A Kiss,Gary Lewis And The Playboys,97.0,97,105
1960-01-18,84,Why Do I Love You So,Johnny Tillotson,84.0,84,105
1977-12-03,70,Desiree,Neil Diamond,70.0,70,105
2005-10-22,93,Good Ride Cowboy,Garth Brooks,93.0,93,105
1963-11-16,88,The Nitty Gritty,Shirley Ellis,88.0,88,105
1968-12-21,84,Ramblin' Gamblin' Man,Bob Seger System,84.0,84,105
2005-06-25,94,Summer Nights,Lil Rob,94.0,94,105
1967-12-23,87,I Wonder What She's Doing Tonite,Tommy Boyce & Bobby Hart,87.0,87,105
1984-04-14,44,I'll Wait,Van Halen,44.0,44,105
2001-03-17,94,Bizounce,Olivia,94.0,94,105
2007-09-08,85,I Get Money,50 Cent,85.0,85,105
1967-02-25,89,Jimmy Mack,Martha & The Vandellas,89.0,89,105
2000-12-23,79,Wild Horses,Garth Brooks,79.0,79,105
1961-09-25,42,Runaround Sue,Dion,42.0,42,105
1973-02-10,88,Break Up To Make Up,The Stylistics,88.0,88,105
1989-07-29,93,Runnin' Down A Dream,Tom Petty,93.0,93,105
2005-08-06,92,Charlie Last Name: Wilson,Charlie Wilson,92.0,92,105
2000-09-16,98,That's The Kind Of Mood I'm In,Patty Loveless,98.0,98,105
1984-04-07,92,My Ever Changing Moods,The Style Council,92.0,92,105
1970-11-07,61,Stoned Love,The Supremes,61.0,61,105
1980-06-28,87,Why Not Me,Fred Knoblock,87.0,87,105
1986-05-24,55,Dreams,Van Halen,55.0,55,105
2018-01-06,52,La Modelo,Ozuna x Cardi B,52.0,52,105
1972-04-08,84,I Saw The Light,Todd Rundgren,84.0,84,105
1966-10-22,81,Good Vibrations,The Beach Boys,81.0,81,105
1982-03-06,87,Shanghai Breezes,John Denver,87.0,87,105
1960-01-18,74,Beyond The Sea,Bobby Darin,74.0,74,105
1963-12-14,83,What Kind Of Fool (Do You Think I Am),The Tams,83.0,83,105
2015-11-28,91,WTF (Where They From),Missy Elliott Featuring Pharrell Williams,91.0,91,105
1963-09-21,99,Maria Elena,Los Indios Tabajaras,99.0,99,105
1965-04-17,80,"Help Me, Rhonda",The Beach Boys,80.0,80,105
1967-03-18,100,Friday On My Mind,The Easybeats,100.0,100,105
1959-01-12,73,The Children's Marching Song (Nick Nack Paddy Whack),"Mitch Miller and his ""Sing Along With Mitch"" Chorus",73.0,73,105
1987-09-12,92,"Come On, Let's Go",Los Lobos,92.0,92,105
1962-09-15,68,Only Love Can Break A Heart,Gene Pitney,68.0,68,105
1979-06-02,69,One Way Or Another,Blondie,69.0,69,105
1981-08-15,87,Burnin' For You,Blue Oyster Cult,87.0,87,105
2006-08-26,100,That Girl,Frankie J Featuring Mannie Fresh & Chamillionaire,100.0,100,105
1983-02-19,73,Whirly Girl,Oxo,73.0,73,105
1963-10-12,68,Everybody,Tommy Roe,68.0,68,105
1984-07-14,56,Lights Out,Peter Wolf,56.0,56,105
1969-12-27,73,Hey There Lonely Girl,Eddie Holman,73.0,73,105
1978-02-04,86,Before My Heart Finds Out,Gene Cotton,86.0,86,105
1979-09-29,79,Dreaming,Blondie,79.0,79,105
1988-10-15,92,Peek-A-Boo,Siouxsie & The Banshees,92.0,92,105
1961-08-07,71,Candy Man,Roy Orbison,71.0,71,105
1963-08-03,85,Surfer Girl,The Beach Boys,85.0,85,105
1971-10-16,82,Respect Yourself,The Staple Singers,82.0,82,105
1996-07-13,83,All Along,Blessid Union Of Souls,83.0,83,105
2002-07-06,81,I've Got You,Marc Anthony,81.0,81,105
1978-08-12,96,Took The Last Train,David Gates,96.0,96,105
2004-07-31,94,Shake That Sh**,Shawnna Featuring Ludacris,94.0,94,105
1997-02-01,52,Things'll Never Change/Rapper's Ball,E-40 Featuring Bo-Rock,52.0,52,105
1970-04-04,89,Make Me Smile,Chicago,89.0,89,105
1973-09-15,84,Never Let You Go,Bloodstone,84.0,84,105
1974-02-23,91,Outside Woman,Bloodstone,91.0,91,105
1962-07-28,73,Sheila,Tommy Roe,73.0,73,105
1981-04-18,87,Still Right Here In My Heart,Pure Prairie League,87.0,87,105
1969-10-18,48,Backfield In Motion,Mel And Tim,48.0,48,105
1986-05-10,80,If She Knew What She Wants,The Bangles,80.0,80,105
2020-12-05,8,Monster,Shawn Mendes & Justin Bieber,8.0,8,105
1969-11-15,88,Jam Up Jelly Tight,Tommy Roe,88.0,88,105
1965-04-24,98,"Hush, Hush, Sweet Charlotte",Patti Page,98.0,98,105
1974-07-27,87,Free Man In Paris,Joni Mitchell,87.0,87,105
1994-06-18,91,I'm Not Over You,CeCe Peniston,91.0,91,105
1959-05-25,63,A Boy Without A Girl,Frankie Avalon,63.0,63,105
2011-06-11,94,Man Down,Rihanna,94.0,94,105
1991-09-28,82,Something Got Me Started,Simply Red,82.0,82,105
1961-07-03,68,Last Night,Mar-Keys,68.0,68,105
2002-05-04,74,Say I Yi Yi,Ying Yang Twins,74.0,74,105
1964-06-27,81,Under The Boardwalk,The Drifters,81.0,81,105
1972-11-11,98,Smoke Gets In Your Eyes,Blue Haze,98.0,98,105
1966-06-11,90,Sweet Pea,Tommy Roe,90.0,90,105
1992-01-25,93,Stars,Simply Red,93.0,93,105
1989-12-02,93,Woman In Chains,Tears For Fears,93.0,93,105
1978-03-04,90,Let's All Chant,The Michael Zager Band,90.0,90,105
1980-03-08,76,Do Right,Paul Davis,76.0,76,105
1995-02-25,92,1-Luv,E-40 (Featuring Leviti),92.0,92,105
1975-01-18,87,I Am Love (Parts I & II),Jackson 5,87.0,87,105
1980-05-31,77,Gimme Some Lovin',Blues Brothers,77.0,77,105
1960-09-19,96,Blue Angel,Roy Orbison,96.0,96,105
1987-01-31,73,That Ain't Love,REO Speedwagon,73.0,73,105
1975-05-17,82,Swearin' To God,Frankie Valli,82.0,82,105
2009-10-10,96,Bad Habits,Maxwell,96.0,96,105
1966-12-10,98,I Had Too Much To Dream (Last Night),The Electric Prunes,98.0,98,105
1970-09-05,81,Somebody's Been Sleeping,100 Proof Aged in Soul,81.0,81,105
1982-01-30,84,Take Off,Bob & Doug McKenzie,84.0,84,105
1977-05-21,90,I Don't Love You Anymore,Teddy Pendergrass,90.0,90,105
1967-05-27,52,Windy,The Association,52.0,52,105
1984-05-05,79,Obscene Phone Caller,Rockwell,79.0,79,105
1988-11-12,87,Back On Holiday,Robbie Nevil,87.0,87,105
1986-04-05,68,Move Away,Culture Club,68.0,68,105
1962-05-05,97,Fortuneteller,Bobby Curtola,97.0,97,105
2006-01-28,100,Nobody But Me,Blake Shelton,98.0,100,105
2014-11-15,100,Til It's Gone,Kenny Chesney,100.0,100,105
1982-05-01,78,Body Language,Queen,78.0,78,105
1961-03-13,63,Take Good Care Of Her,Adam Wade,63.0,63,105
1983-01-08,83,Burning Heart,Vandenberg,83.0,83,105
1999-07-24,86,All N My Grill,"Missy ""Misdemeanor"" Elliott Featuring Big Boi & Nicole",86.0,86,105
2021-08-07,15,If I Didn't Love You,Jason Aldean & Carrie Underwood,15.0,15,105
1963-01-05,98,Mama Didn't Lie,Jan Bradley,98.0,98,105
1966-12-10,89,(We Ain't Got) Nothin' Yet,Blues Magoos,89.0,89,105
1972-06-10,80,Coconut,Nilsson,80.0,80,105
1968-02-24,88,The Son Of Hickory Holler's Tramp,O.C. Smith,88.0,88,105
1985-10-26,68,Do It For Love,Sheena Easton,68.0,68,105
1987-06-27,75,Lies,Jonathan Butler,75.0,75,105
1990-01-06,51,All Or Nothing,Milli Vanilli,51.0,51,105
1996-03-23,98,Esa Nena Linda,Artie The 1 Man Party,98.0,98,105
1960-12-19,91,Utopia,Frank Gari,91.0,91,105
2017-12-16,52,Codeine Dreaming,Kodak Black Featuring Lil Wayne,52.0,52,101
